fold,set,accuracy,f1,tpr,tnr,gmean,batch_size,learning_rate,weight_decay,dropout_prob,seed,preprocessed_dir
1,VALIDATION,0.75,0.7368421052631579,0.7777777777777778,0.7272727272727273,0.7521014330903549,4,0.001,0,0,8,resize_small_hu_m600_1500_separadas
1,TEST,0.56,0.5217391304347826,0.5,0.6153846153846154,0.5547001962252291,4,0.001,0,0,8,resize_small_hu_m600_1500_separadas
2,VALIDATION,0.65,0.631578947368421,0.6666666666666666,0.6363636363636364,0.6513389472789296,4,0.001,0,0,8,resize_small_hu_m600_1500_separadas
2,TEST,0.48,0.38095238095238093,0.3333333333333333,0.6153846153846154,0.4529108136578383,4,0.001,0,0,8,resize_small_hu_m600_1500_separadas
3,VALIDATION,0.75,0.7619047619047619,0.8888888888888888,0.6363636363636364,0.7521014330903549,4,0.001,0,0,8,resize_small_hu_m600_1500_separadas
3,TEST,0.72,0.7407407407407407,0.8333333333333334,0.6153846153846154,0.716114874039433,4,0.001,0,0,8,resize_small_hu_m600_1500_separadas
4,VALIDATION,0.55,0.4,0.3333333333333333,0.7272727272727273,0.49236596391733095,4,0.001,0,0,8,resize_small_hu_m600_1500_separadas
4,TEST,0.4,0.34782608695652173,0.3333333333333333,0.46153846153846156,0.3922322702763681,4,0.001,0,0,8,resize_small_hu_m600_1500_separadas
5,VALIDATION,0.75,0.7619047619047619,0.8,0.7,0.7483314773547882,4,0.001,0,0,8,resize_small_hu_m600_1500_separadas
5,TEST,0.52,0.5714285714285714,0.7272727272727273,0.35714285714285715,0.5096471914376256,4,0.001,0,0,8,resize_small_hu_m600_1500_separadas
MEAN,VALIDATION,0.6900000000000001,0.6584461152882205,0.6933333333333334,0.6854545454545455,0.6792478509463518,4,0.001,8
MEAN,TEST,0.536,0.5125373821025995,0.5454545454545454,0.5329670329670331,0.5251210691272988,4,0.001,8
1,VALIDATION,0.9,0.9,1.0,0.8181818181818182,0.9045340337332909,4,0.001,0,0.3,8,resize_small_hu_m600_1500_separadas
1,TEST,0.72,0.7407407407407407,0.8333333333333334,0.6153846153846154,0.716114874039433,4,0.001,0,0.3,8,resize_small_hu_m600_1500_separadas
2,VALIDATION,0.7,0.7,0.7777777777777778,0.6363636363636364,0.7035264706814485,4,0.001,0,0.3,8,resize_small_hu_m600_1500_separadas
2,TEST,0.44,0.4166666666666667,0.4166666666666667,0.46153846153846156,0.4385290096535146,4,0.001,0,0.3,8,resize_small_hu_m600_1500_separadas
3,VALIDATION,0.8,0.8181818181818182,1.0,0.6363636363636364,0.7977240352174656,4,0.001,0,0.3,8,resize_small_hu_m600_1500_separadas
3,TEST,0.8,0.8275862068965517,1.0,0.6153846153846154,0.7844645405527362,4,0.001,0,0.3,8,resize_small_hu_m600_1500_separadas
4,VALIDATION,0.6,0.5555555555555556,0.5555555555555556,0.6363636363636364,0.5945883900105632,4,0.001,0,0.3,8,resize_small_hu_m600_1500_separadas
4,TEST,0.6,0.5454545454545454,0.5,0.6923076923076923,0.5883484054145521,4,0.001,0,0.3,8,resize_small_hu_m600_1500_separadas
5,VALIDATION,0.7,0.7272727272727273,0.8,0.6,0.6928203230275509,4,0.001,0,0.3,8,resize_small_hu_m600_1500_separadas
5,TEST,0.68,0.6363636363636364,0.6363636363636364,0.7142857142857143,0.674199862463242,4,0.001,0,0.3,8,resize_small_hu_m600_1500_separadas
MEAN,VALIDATION,0.74,0.7402020202020203,0.8266666666666665,0.6654545454545454,0.7386386505340639,4,0.001,8
MEAN,TEST,0.648,0.6333623592244282,0.6772727272727272,0.6197802197802199,0.6403313384246956,4,0.001,8
1,VALIDATION,0.85,0.8235294117647058,0.7777777777777778,0.9090909090909091,0.8408749651825217,4,0.001,0,0.5,8,resize_small_hu_m600_1500_separadas
1,TEST,0.72,0.72,0.75,0.6923076923076923,0.7205766921228921,4,0.001,0,0.5,8,resize_small_hu_m600_1500_separadas
2,VALIDATION,0.75,0.7619047619047619,0.8888888888888888,0.6363636363636364,0.7521014330903549,4,0.001,0,0.5,8,resize_small_hu_m600_1500_separadas
2,TEST,0.52,0.45454545454545453,0.4166666666666667,0.6153846153846154,0.5063696835418333,4,0.001,0,0.5,8,resize_small_hu_m600_1500_separadas
3,VALIDATION,0.75,0.7619047619047619,0.8888888888888888,0.6363636363636364,0.7521014330903549,4,0.001,0,0.5,8,resize_small_hu_m600_1500_separadas
3,TEST,0.84,0.8571428571428571,1.0,0.6923076923076923,0.8320502943378437,4,0.001,0,0.5,8,resize_small_hu_m600_1500_separadas
4,VALIDATION,0.7,0.7272727272727273,0.8888888888888888,0.5454545454545454,0.6963106238227913,4,0.001,0,0.5,8,resize_small_hu_m600_1500_separadas
4,TEST,0.56,0.5925925925925926,0.6666666666666666,0.46153846153846156,0.5547001962252291,4,0.001,0,0.5,8,resize_small_hu_m600_1500_separadas
5,VALIDATION,0.75,0.7368421052631579,0.7,0.8,0.7483314773547882,4,0.001,0,0.5,8,resize_small_hu_m600_1500_separadas
5,TEST,0.56,0.42105263157894735,0.36363636363636365,0.7142857142857143,0.5096471914376256,4,0.001,0,0.5,8,resize_small_hu_m600_1500_separadas
MEAN,VALIDATION,0.76,0.7622907536220229,0.8288888888888888,0.7054545454545454,0.7579439865081621,4,0.001,8
MEAN,TEST,0.64,0.6090667071719703,0.6393939393939394,0.6351648351648352,0.6246688115330847,4,0.001,8
1,VALIDATION,0.8,0.8,0.8888888888888888,0.7272727272727273,0.8040302522073697,4,0.001,1e-05,0,8,resize_small_hu_m600_1500_separadas
1,TEST,0.68,0.7142857142857143,0.8333333333333334,0.5384615384615384,0.6698641270570836,4,0.001,1e-05,0,8,resize_small_hu_m600_1500_separadas
2,VALIDATION,0.65,0.6956521739130435,0.8888888888888888,0.45454545454545453,0.6356417261637282,4,0.001,1e-05,0,8,resize_small_hu_m600_1500_separadas
2,TEST,0.56,0.5925925925925926,0.6666666666666666,0.46153846153846156,0.5547001962252291,4,0.001,1e-05,0,8,resize_small_hu_m600_1500_separadas
3,VALIDATION,0.8,0.8181818181818182,1.0,0.6363636363636364,0.7977240352174656,4,0.001,1e-05,0,8,resize_small_hu_m600_1500_separadas
3,TEST,0.84,0.8571428571428571,1.0,0.6923076923076923,0.8320502943378437,4,0.001,1e-05,0,8,resize_small_hu_m600_1500_separadas
4,VALIDATION,0.6,0.5,0.4444444444444444,0.7272727272727273,0.5685352436149611,4,0.001,1e-05,0,8,resize_small_hu_m600_1500_separadas
4,TEST,0.56,0.56,0.5833333333333334,0.5384615384615384,0.560448538317805,4,0.001,1e-05,0,8,resize_small_hu_m600_1500_separadas
5,VALIDATION,0.75,0.7619047619047619,0.8,0.7,0.7483314773547882,4,0.001,1e-05,0,8,resize_small_hu_m600_1500_separadas
5,TEST,0.68,0.6,0.5454545454545454,0.7857142857142857,0.6546536707079771,4,0.001,1e-05,0,8,resize_small_hu_m600_1500_separadas
MEAN,VALIDATION,0.72,0.7151477507999247,0.8044444444444444,0.6490909090909092,0.7108525469116624,4,0.001,8
MEAN,TEST,0.664,0.6648042328042328,0.7257575757575758,0.6032967032967033,0.6543433653291878,4,0.001,8
1,VALIDATION,0.75,0.7619047619047619,0.8888888888888888,0.6363636363636364,0.7521014330903549,4,0.001,1e-05,0.3,8,resize_small_hu_m600_1500_separadas
1,TEST,0.64,0.6896551724137931,0.8333333333333334,0.46153846153846156,0.6201736729460423,4,0.001,1e-05,0.3,8,resize_small_hu_m600_1500_separadas
2,VALIDATION,0.65,0.631578947368421,0.6666666666666666,0.6363636363636364,0.6513389472789296,4,0.001,1e-05,0.3,8,resize_small_hu_m600_1500_separadas
2,TEST,0.48,0.43478260869565216,0.4166666666666667,0.5384615384615384,0.47366546671567095,4,0.001,1e-05,0.3,8,resize_small_hu_m600_1500_separadas
3,VALIDATION,0.8,0.8181818181818182,1.0,0.6363636363636364,0.7977240352174656,4,0.001,1e-05,0.3,8,resize_small_hu_m600_1500_separadas
3,TEST,0.84,0.8571428571428571,1.0,0.6923076923076923,0.8320502943378437,4,0.001,1e-05,0.3,8,resize_small_hu_m600_1500_separadas
4,VALIDATION,0.45,0.47619047619047616,0.5555555555555556,0.36363636363636365,0.44946657497549475,4,0.001,1e-05,0.3,8,resize_small_hu_m600_1500_separadas
4,TEST,0.48,0.5185185185185185,0.5833333333333334,0.38461538461538464,0.47366546671567095,4,0.001,1e-05,0.3,8,resize_small_hu_m600_1500_separadas
5,VALIDATION,0.7,0.7,0.7,0.7,0.7,4,0.001,1e-05,0.3,8,resize_small_hu_m600_1500_separadas
5,TEST,0.68,0.6363636363636364,0.6363636363636364,0.7142857142857143,0.674199862463242,4,0.001,1e-05,0.3,8,resize_small_hu_m600_1500_separadas
MEAN,VALIDATION,0.6700000000000002,0.6775712007290954,0.7622222222222221,0.5945454545454545,0.6701261981124491,4,0.001,8
MEAN,TEST,0.624,0.6272925586268914,0.693939393939394,0.5582417582417583,0.614750952635694,4,0.001,8
1,VALIDATION,0.8,0.8,0.8888888888888888,0.7272727272727273,0.8040302522073697,4,0.001,1e-05,0.5,8,resize_small_hu_m600_1500_separadas
1,TEST,0.68,0.7142857142857143,0.8333333333333334,0.5384615384615384,0.6698641270570836,4,0.001,1e-05,0.5,8,resize_small_hu_m600_1500_separadas
2,VALIDATION,0.6,0.5555555555555556,0.5555555555555556,0.6363636363636364,0.5945883900105632,4,0.001,1e-05,0.5,8,resize_small_hu_m600_1500_separadas
2,TEST,0.52,0.4,0.3333333333333333,0.6923076923076923,0.48038446141526137,4,0.001,1e-05,0.5,8,resize_small_hu_m600_1500_separadas
3,VALIDATION,0.75,0.7619047619047619,0.8888888888888888,0.6363636363636364,0.7521014330903549,4,0.001,1e-05,0.5,8,resize_small_hu_m600_1500_separadas
3,TEST,0.84,0.8571428571428571,1.0,0.6923076923076923,0.8320502943378437,4,0.001,1e-05,0.5,8,resize_small_hu_m600_1500_separadas
4,VALIDATION,0.55,0.47058823529411764,0.4444444444444444,0.6363636363636364,0.5318160234783105,4,0.001,1e-05,0.5,8,resize_small_hu_m600_1500_separadas
4,TEST,0.44,0.4166666666666667,0.4166666666666667,0.46153846153846156,0.4385290096535146,4,0.001,1e-05,0.5,8,resize_small_hu_m600_1500_separadas
5,VALIDATION,0.7,0.7272727272727273,0.8,0.6,0.6928203230275509,4,0.001,1e-05,0.5,8,resize_small_hu_m600_1500_separadas
5,TEST,0.64,0.6086956521739131,0.6363636363636364,0.6428571428571429,0.6396021490668313,4,0.001,1e-05,0.5,8,resize_small_hu_m600_1500_separadas
MEAN,VALIDATION,0.68,0.6630642560054325,0.7155555555555555,0.6472727272727272,0.6750712843628298,4,0.001,8
MEAN,TEST,0.624,0.5993581780538302,0.6439393939393939,0.6054945054945055,0.6120860083061068,4,0.001,8
1,VALIDATION,0.7,0.75,1.0,0.45454545454545453,0.674199862463242,8,0.001,0,0,8,resize_small_hu_m600_1500_separadas
1,TEST,0.56,0.6206896551724138,0.75,0.38461538461538464,0.5370861555295747,8,0.001,0,0,8,resize_small_hu_m600_1500_separadas
2,VALIDATION,0.7,0.7272727272727273,0.8888888888888888,0.5454545454545454,0.6963106238227913,8,0.001,0,0,8,resize_small_hu_m600_1500_separadas
2,TEST,0.56,0.5217391304347826,0.5,0.6153846153846154,0.5547001962252291,8,0.001,0,0,8,resize_small_hu_m600_1500_separadas
3,VALIDATION,0.7,0.7,0.7777777777777778,0.6363636363636364,0.7035264706814485,8,0.001,0,0,8,resize_small_hu_m600_1500_separadas
3,TEST,0.84,0.8571428571428571,1.0,0.6923076923076923,0.8320502943378437,8,0.001,0,0,8,resize_small_hu_m600_1500_separadas
4,VALIDATION,0.6,0.42857142857142855,0.3333333333333333,0.8181818181818182,0.5222329678670935,8,0.001,0,0,8,resize_small_hu_m600_1500_separadas
4,TEST,0.44,0.2222222222222222,0.16666666666666666,0.6923076923076923,0.3396831102433787,8,0.001,0,0,8,resize_small_hu_m600_1500_separadas
5,VALIDATION,0.65,0.631578947368421,0.6,0.7,0.648074069840786,8,0.001,0,0,8,resize_small_hu_m600_1500_separadas
5,TEST,0.64,0.5263157894736842,0.45454545454545453,0.7857142857142857,0.5976143046671968,8,0.001,0,0,8,resize_small_hu_m600_1500_separadas
MEAN,VALIDATION,0.6699999999999999,0.6474846206425153,0.72,0.6309090909090909,0.6488687989350722,8,0.001,8
MEAN,TEST,0.608,0.549621930889192,0.5742424242424242,0.634065934065934,0.5722268122006446,8,0.001,8
1,VALIDATION,0.8,0.8,0.8888888888888888,0.7272727272727273,0.8040302522073697,8,0.001,0,0.3,8,resize_small_hu_m600_1500_separadas
1,TEST,0.72,0.7407407407407407,0.8333333333333334,0.6153846153846154,0.716114874039433,8,0.001,0,0.3,8,resize_small_hu_m600_1500_separadas
2,VALIDATION,0.65,0.6666666666666666,0.7777777777777778,0.5454545454545454,0.6513389472789296,8,0.001,0,0.3,8,resize_small_hu_m600_1500_separadas
2,TEST,0.48,0.48,0.5,0.46153846153846156,0.4803844614152614,8,0.001,0,0.3,8,resize_small_hu_m600_1500_separadas
3,VALIDATION,0.75,0.7619047619047619,0.8888888888888888,0.6363636363636364,0.7521014330903549,8,0.001,0,0.3,8,resize_small_hu_m600_1500_separadas
3,TEST,0.72,0.72,0.75,0.6923076923076923,0.7205766921228921,8,0.001,0,0.3,8,resize_small_hu_m600_1500_separadas
4,VALIDATION,0.5,0.4444444444444444,0.4444444444444444,0.5454545454545454,0.4923659639173309,8,0.001,0,0.3,8,resize_small_hu_m600_1500_separadas
4,TEST,0.52,0.5384615384615384,0.5833333333333334,0.46153846153846156,0.5188745216627708,8,0.001,0,0.3,8,resize_small_hu_m600_1500_separadas
5,VALIDATION,0.75,0.7368421052631579,0.7,0.8,0.7483314773547882,8,0.001,0,0.3,8,resize_small_hu_m600_1500_separadas
5,TEST,0.56,0.42105263157894735,0.36363636363636365,0.7142857142857143,0.5096471914376256,8,0.001,0,0.3,8,resize_small_hu_m600_1500_separadas
MEAN,VALIDATION,0.6900000000000001,0.6819715956558062,0.74,0.650909090909091,0.6896336147697546,8,0.001,8
MEAN,TEST,0.6,0.5800509821562453,0.6060606060606062,0.589010989010989,0.5891195481355965,8,0.001,8
1,VALIDATION,0.8,0.8,0.8888888888888888,0.7272727272727273,0.8040302522073697,8,0.001,0,0.5,8,resize_small_hu_m600_1500_separadas
1,TEST,0.72,0.7407407407407407,0.8333333333333334,0.6153846153846154,0.716114874039433,8,0.001,0,0.5,8,resize_small_hu_m600_1500_separadas
2,VALIDATION,0.7,0.5714285714285714,0.4444444444444444,0.9090909090909091,0.6356417261637282,8,0.001,0,0.5,8,resize_small_hu_m600_1500_separadas
2,TEST,0.6,0.375,0.25,0.9230769230769231,0.4803844614152614,8,0.001,0,0.5,8,resize_small_hu_m600_1500_separadas
3,VALIDATION,0.75,0.7619047619047619,0.8888888888888888,0.6363636363636364,0.7521014330903549,8,0.001,0,0.5,8,resize_small_hu_m600_1500_separadas
3,TEST,0.84,0.8571428571428571,1.0,0.6923076923076923,0.8320502943378437,8,0.001,0,0.5,8,resize_small_hu_m600_1500_separadas
4,VALIDATION,0.55,0.5714285714285714,0.6666666666666666,0.45454545454545453,0.5504818825631803,8,0.001,0,0.5,8,resize_small_hu_m600_1500_separadas
4,TEST,0.64,0.6666666666666666,0.75,0.5384615384615384,0.6354889093022426,8,0.001,0,0.5,8,resize_small_hu_m600_1500_separadas
5,VALIDATION,0.7,0.7,0.7,0.7,0.7,8,0.001,0,0.5,8,resize_small_hu_m600_1500_separadas
5,TEST,0.64,0.5714285714285714,0.5454545454545454,0.7142857142857143,0.6241877839323592,8,0.001,0,0.5,8,resize_small_hu_m600_1500_separadas
MEAN,VALIDATION,0.7,0.680952380952381,0.7177777777777777,0.6854545454545453,0.6884510588049266,8,0.001,8
MEAN,TEST,0.688,0.6421957671957671,0.6757575757575758,0.6967032967032967,0.6576452646054279,8,0.001,8
1,VALIDATION,0.75,0.7368421052631579,0.7777777777777778,0.7272727272727273,0.7521014330903549,8,0.001,1e-05,0,8,resize_small_hu_m600_1500_separadas
1,TEST,0.68,0.6923076923076923,0.75,0.6153846153846154,0.6793662204867574,8,0.001,1e-05,0,8,resize_small_hu_m600_1500_separadas
2,VALIDATION,0.65,0.5333333333333333,0.4444444444444444,0.8181818181818182,0.6030226891555273,8,0.001,1e-05,0,8,resize_small_hu_m600_1500_separadas
2,TEST,0.48,0.3157894736842105,0.25,0.6923076923076923,0.41602514716892186,8,0.001,1e-05,0,8,resize_small_hu_m600_1500_separadas
3,VALIDATION,0.7,0.5714285714285714,0.4444444444444444,0.9090909090909091,0.6356417261637282,8,0.001,1e-05,0,8,resize_small_hu_m600_1500_separadas
3,TEST,0.72,0.72,0.75,0.6923076923076923,0.7205766921228921,8,0.001,1e-05,0,8,resize_small_hu_m600_1500_separadas
4,VALIDATION,0.6,0.6363636363636364,0.7777777777777778,0.45454545454545453,0.5945883900105632,8,0.001,1e-05,0,8,resize_small_hu_m600_1500_separadas
4,TEST,0.52,0.5714285714285714,0.6666666666666666,0.38461538461538464,0.5063696835418333,8,0.001,1e-05,0,8,resize_small_hu_m600_1500_separadas
5,VALIDATION,0.7,0.6666666666666666,0.6,0.8,0.6928203230275509,8,0.001,1e-05,0,8,resize_small_hu_m600_1500_separadas
5,TEST,0.56,0.42105263157894735,0.36363636363636365,0.7142857142857143,0.5096471914376256,8,0.001,1e-05,0,8,resize_small_hu_m600_1500_separadas
MEAN,VALIDATION,0.6799999999999999,0.6289268626110731,0.6088888888888889,0.7418181818181818,0.655634912289545,8,0.001,8
MEAN,TEST,0.5920000000000001,0.5441156737998842,0.556060606060606,0.6197802197802198,0.566396986951606,8,0.001,8
1,VALIDATION,0.85,0.8421052631578947,0.8888888888888888,0.8181818181818182,0.8528028654224418,8,0.001,1e-05,0.3,8,resize_small_hu_m600_1500_separadas
1,TEST,0.72,0.72,0.75,0.6923076923076923,0.7205766921228921,8,0.001,1e-05,0.3,8,resize_small_hu_m600_1500_separadas
2,VALIDATION,0.65,0.72,1.0,0.36363636363636365,0.6030226891555273,8,0.001,1e-05,0.3,8,resize_small_hu_m600_1500_separadas
2,TEST,0.44,0.5882352941176471,0.8333333333333334,0.07692307692307693,0.25318484177091666,8,0.001,1e-05,0.3,8,resize_small_hu_m600_1500_separadas
3,VALIDATION,0.75,0.7619047619047619,0.8888888888888888,0.6363636363636364,0.7521014330903549,8,0.001,1e-05,0.3,8,resize_small_hu_m600_1500_separadas
3,TEST,0.8,0.8148148148148148,0.9166666666666666,0.6923076923076923,0.7966275068156915,8,0.001,1e-05,0.3,8,resize_small_hu_m600_1500_separadas
4,VALIDATION,0.5,0.5,0.5555555555555556,0.45454545454545453,0.502518907629606,8,0.001,1e-05,0.3,8,resize_small_hu_m600_1500_separadas
4,TEST,0.48,0.3157894736842105,0.25,0.6923076923076923,0.41602514716892186,8,0.001,1e-05,0.3,8,resize_small_hu_m600_1500_separadas
5,VALIDATION,0.7,0.75,0.9,0.5,0.6708203932499369,8,0.001,1e-05,0.3,8,resize_small_hu_m600_1500_separadas
5,TEST,0.64,0.64,0.7272727272727273,0.5714285714285714,0.6446583712203042,8,0.001,1e-05,0.3,8,resize_small_hu_m600_1500_separadas
MEAN,VALIDATION,0.6900000000000001,0.7148020050125312,0.8466666666666667,0.5545454545454546,0.6762532577095735,8,0.001,8
MEAN,TEST,0.616,0.6157679165233345,0.6954545454545455,0.5450549450549451,0.5662145118197452,8,0.001,8
1,VALIDATION,0.75,0.7368421052631579,0.7777777777777778,0.7272727272727273,0.7521014330903549,8,0.001,1e-05,0.5,8,resize_small_hu_m600_1500_separadas
1,TEST,0.68,0.7142857142857143,0.8333333333333334,0.5384615384615384,0.6698641270570836,8,0.001,1e-05,0.5,8,resize_small_hu_m600_1500_separadas
2,VALIDATION,0.6,0.6923076923076923,1.0,0.2727272727272727,0.5222329678670935,8,0.001,1e-05,0.5,8,resize_small_hu_m600_1500_separadas
2,TEST,0.56,0.6206896551724138,0.75,0.38461538461538464,0.5370861555295747,8,0.001,1e-05,0.5,8,resize_small_hu_m600_1500_separadas
3,VALIDATION,0.75,0.7619047619047619,0.8888888888888888,0.6363636363636364,0.7521014330903549,8,0.001,1e-05,0.5,8,resize_small_hu_m600_1500_separadas
3,TEST,0.76,0.7857142857142857,0.9166666666666666,0.6153846153846154,0.7510676161988108,8,0.001,1e-05,0.5,8,resize_small_hu_m600_1500_separadas
4,VALIDATION,0.5,0.5454545454545454,0.6666666666666666,0.36363636363636365,0.49236596391733095,8,0.001,1e-05,0.5,8,resize_small_hu_m600_1500_separadas
4,TEST,0.44,0.5333333333333333,0.6666666666666666,0.23076923076923078,0.3922322702763681,8,0.001,1e-05,0.5,8,resize_small_hu_m600_1500_separadas
5,VALIDATION,0.75,0.7368421052631579,0.7,0.8,0.7483314773547882,8,0.001,1e-05,0.5,8,resize_small_hu_m600_1500_separadas
5,TEST,0.64,0.5714285714285714,0.5454545454545454,0.7142857142857143,0.6241877839323592,8,0.001,1e-05,0.5,8,resize_small_hu_m600_1500_separadas
MEAN,VALIDATION,0.67,0.694670242038663,0.8066666666666666,0.5599999999999999,0.6534266550639846,8,0.001,8
MEAN,TEST,0.616,0.6450903119868636,0.7424242424242424,0.4967032967032967,0.5948875905988393,8,0.001,8
1,VALIDATION,0.8,0.8,0.8888888888888888,0.7272727272727273,0.8040302522073697,4,0.001,0,0,8,resize_cube64_hu_m600_1500
1,TEST,0.68,0.7142857142857143,0.8333333333333334,0.5384615384615384,0.6698641270570836,4,0.001,0,0,8,resize_cube64_hu_m600_1500
2,VALIDATION,0.6,0.5555555555555556,0.5555555555555556,0.6363636363636364,0.5945883900105632,4,0.001,0,0,8,resize_cube64_hu_m600_1500
2,TEST,0.56,0.47619047619047616,0.4166666666666667,0.6923076923076923,0.5370861555295747,4,0.001,0,0,8,resize_cube64_hu_m600_1500
3,VALIDATION,0.65,0.5333333333333333,0.4444444444444444,0.8181818181818182,0.6030226891555273,4,0.001,0,0,8,resize_cube64_hu_m600_1500
3,TEST,0.52,0.5,0.5,0.5384615384615384,0.5188745216627708,4,0.001,0,0,8,resize_cube64_hu_m600_1500
4,VALIDATION,0.55,0.5263157894736842,0.5555555555555556,0.5454545454545454,0.5504818825631803,4,0.001,0,0,8,resize_cube64_hu_m600_1500
4,TEST,0.6,0.5833333333333334,0.5833333333333334,0.6153846153846154,0.5991446895152781,4,0.001,0,0,8,resize_cube64_hu_m600_1500
5,VALIDATION,0.7,0.625,0.5,0.9,0.6708203932499369,4,0.001,0,0,8,resize_cube64_hu_m600_1500
5,TEST,0.72,0.631578947368421,0.5454545454545454,0.8571428571428571,0.6837634587578276,4,0.001,0,0,8,resize_cube64_hu_m600_1500
MEAN,VALIDATION,0.6599999999999999,0.6080409356725146,0.5888888888888889,0.7254545454545455,0.6445887214373156,4,0.001,8
MEAN,TEST,0.616,0.581077694235589,0.5757575757575758,0.6483516483516484,0.6017465905045071,4,0.001,8
1,VALIDATION,0.75,0.7368421052631579,0.7777777777777778,0.7272727272727273,0.7521014330903549,4,0.001,0,0.3,8,resize_cube64_hu_m600_1500
1,TEST,0.72,0.7407407407407407,0.8333333333333334,0.6153846153846154,0.716114874039433,4,0.001,0,0.3,8,resize_cube64_hu_m600_1500
2,VALIDATION,0.65,0.6956521739130435,0.8888888888888888,0.45454545454545453,0.6356417261637282,4,0.001,0,0.3,8,resize_cube64_hu_m600_1500
2,TEST,0.56,0.56,0.5833333333333334,0.5384615384615384,0.560448538317805,4,0.001,0,0.3,8,resize_cube64_hu_m600_1500
3,VALIDATION,0.7,0.7,0.7777777777777778,0.6363636363636364,0.7035264706814485,4,0.001,0,0.3,8,resize_cube64_hu_m600_1500
3,TEST,0.56,0.5217391304347826,0.5,0.6153846153846154,0.5547001962252291,4,0.001,0,0.3,8,resize_cube64_hu_m600_1500
4,VALIDATION,0.7,0.75,1.0,0.45454545454545453,0.674199862463242,4,0.001,0,0.3,8,resize_cube64_hu_m600_1500
4,TEST,0.44,0.46153846153846156,0.5,0.38461538461538464,0.4385290096535146,4,0.001,0,0.3,8,resize_cube64_hu_m600_1500
5,VALIDATION,0.75,0.7368421052631579,0.7,0.8,0.7483314773547882,4,0.001,0,0.3,8,resize_cube64_hu_m600_1500
5,TEST,0.56,0.42105263157894735,0.36363636363636365,0.7142857142857143,0.5096471914376256,4,0.001,0,0.3,8,resize_cube64_hu_m600_1500
MEAN,VALIDATION,0.71,0.7238672768878719,0.8288888888888888,0.6145454545454546,0.7027601939507123,4,0.001,8
MEAN,TEST,0.5680000000000001,0.5410141928585864,0.5560606060606061,0.5736263736263736,0.5558879619347215,4,0.001,8
1,VALIDATION,0.65,0.6666666666666666,0.7777777777777778,0.5454545454545454,0.6513389472789296,4,0.001,0,0.5,8,resize_cube64_hu_m600_1500
1,TEST,0.72,0.7586206896551724,0.9166666666666666,0.5384615384615384,0.7025594235292439,4,0.001,0,0.5,8,resize_cube64_hu_m600_1500
2,VALIDATION,0.65,0.6956521739130435,0.8888888888888888,0.45454545454545453,0.6356417261637282,4,0.001,0,0.5,8,resize_cube64_hu_m600_1500
2,TEST,0.44,0.46153846153846156,0.5,0.38461538461538464,0.4385290096535146,4,0.001,0,0.5,8,resize_cube64_hu_m600_1500
3,VALIDATION,0.65,0.6956521739130435,0.8888888888888888,0.45454545454545453,0.6356417261637282,4,0.001,0,0.5,8,resize_cube64_hu_m600_1500
3,TEST,0.72,0.7741935483870968,1.0,0.46153846153846156,0.6793662204867574,4,0.001,0,0.5,8,resize_cube64_hu_m600_1500
4,VALIDATION,0.7,0.5714285714285714,0.4444444444444444,0.9090909090909091,0.6356417261637282,4,0.001,0,0.5,8,resize_cube64_hu_m600_1500
4,TEST,0.64,0.64,0.6666666666666666,0.6153846153846154,0.6405126152203485,4,0.001,0,0.5,8,resize_cube64_hu_m600_1500
5,VALIDATION,0.75,0.7058823529411765,0.6,0.9,0.7348469228349535,4,0.001,0,0.5,8,resize_cube64_hu_m600_1500
5,TEST,0.6,0.5,0.45454545454545453,0.7142857142857143,0.5698028822981898,4,0.001,0,0.5,8,resize_cube64_hu_m600_1500
MEAN,VALIDATION,0.68,0.6670563877725003,0.72,0.6527272727272727,0.6586222097210135,4,0.001,8
MEAN,TEST,0.624,0.626870539916146,0.7075757575757575,0.5428571428571429,0.6061540302376108,4,0.001,8
1,VALIDATION,0.6,0.6,0.6666666666666666,0.5454545454545454,0.6030226891555273,4,0.001,1e-05,0,8,resize_cube64_hu_m600_1500
1,TEST,0.48,0.48,0.5,0.46153846153846156,0.4803844614152614,4,0.001,1e-05,0,8,resize_cube64_hu_m600_1500
2,VALIDATION,0.65,0.46153846153846156,0.3333333333333333,0.9090909090909091,0.5504818825631803,4,0.001,1e-05,0,8,resize_cube64_hu_m600_1500
2,TEST,0.4,0.0,0.0,0.7692307692307693,0.0,4,0.001,1e-05,0,8,resize_cube64_hu_m600_1500
3,VALIDATION,0.75,0.7619047619047619,0.8888888888888888,0.6363636363636364,0.7521014330903549,4,0.001,1e-05,0,8,resize_cube64_hu_m600_1500
3,TEST,0.32,0.41379310344827586,0.5,0.15384615384615385,0.2773500981126146,4,0.001,1e-05,0,8,resize_cube64_hu_m600_1500
4,VALIDATION,0.7,0.5,0.3333333333333333,1.0,0.5773502691896257,4,0.001,1e-05,0,8,resize_cube64_hu_m600_1500
4,TEST,0.6,0.2857142857142857,0.16666666666666666,1.0,0.408248290463863,4,0.001,1e-05,0,8,resize_cube64_hu_m600_1500
5,VALIDATION,0.7,0.6666666666666666,0.6,0.8,0.6928203230275509,4,0.001,1e-05,0,8,resize_cube64_hu_m600_1500
5,TEST,0.56,0.35294117647058826,0.2727272727272727,0.7857142857142857,0.4629100498862757,4,0.001,1e-05,0,8,resize_cube64_hu_m600_1500
MEAN,VALIDATION,0.68,0.598021978021978,0.5644444444444445,0.7781818181818181,0.6351553194052478,4,0.001,8
MEAN,TEST,0.472,0.3064897131266299,0.2878787878787879,0.634065934065934,0.3257785799756029,4,0.001,8
1,VALIDATION,0.7,0.7,0.7777777777777778,0.6363636363636364,0.7035264706814485,4,0.001,1e-05,0.3,8,resize_cube64_hu_m600_1500
1,TEST,0.56,0.5217391304347826,0.5,0.6153846153846154,0.5547001962252291,4,0.001,1e-05,0.3,8,resize_cube64_hu_m600_1500
2,VALIDATION,0.7,0.75,1.0,0.45454545454545453,0.674199862463242,4,0.001,1e-05,0.3,8,resize_cube64_hu_m600_1500
2,TEST,0.6,0.6428571428571429,0.75,0.46153846153846156,0.5883484054145521,4,0.001,1e-05,0.3,8,resize_cube64_hu_m600_1500
3,VALIDATION,0.65,0.5333333333333333,0.4444444444444444,0.8181818181818182,0.6030226891555273,4,0.001,1e-05,0.3,8,resize_cube64_hu_m600_1500
3,TEST,0.52,0.3333333333333333,0.25,0.7692307692307693,0.4385290096535146,4,0.001,1e-05,0.3,8,resize_cube64_hu_m600_1500
4,VALIDATION,0.55,0.6086956521739131,0.7777777777777778,0.36363636363636365,0.5318160234783105,4,0.001,1e-05,0.3,8,resize_cube64_hu_m600_1500
4,TEST,0.56,0.6666666666666666,0.9166666666666666,0.23076923076923078,0.45993310550389993,4,0.001,1e-05,0.3,8,resize_cube64_hu_m600_1500
5,VALIDATION,0.7,0.6666666666666666,0.6,0.8,0.6928203230275509,4,0.001,1e-05,0.3,8,resize_cube64_hu_m600_1500
5,TEST,0.64,0.4,0.2727272727272727,0.9285714285714286,0.5032362797401965,4,0.001,1e-05,0.3,8,resize_cube64_hu_m600_1500
MEAN,VALIDATION,0.6599999999999999,0.6517391304347826,0.72,0.6145454545454546,0.6410770737612157,4,0.001,8
MEAN,TEST,0.5760000000000001,0.5129192546583851,0.5378787878787878,0.6010989010989011,0.5089493993074785,4,0.001,8
1,VALIDATION,0.75,0.7058823529411765,0.6666666666666666,0.8181818181818182,0.7385489458759964,4,0.001,1e-05,0.5,8,resize_cube64_hu_m600_1500
1,TEST,0.6,0.5,0.4166666666666667,0.7692307692307693,0.5661385170722979,4,0.001,1e-05,0.5,8,resize_cube64_hu_m600_1500
2,VALIDATION,0.5,0.5833333333333334,0.7777777777777778,0.2727272727272727,0.4605661864718383,4,0.001,1e-05,0.5,8,resize_cube64_hu_m600_1500
2,TEST,0.4,0.4827586206896552,0.5833333333333334,0.23076923076923078,0.36689969285267143,4,0.001,1e-05,0.5,8,resize_cube64_hu_m600_1500
3,VALIDATION,0.65,0.6956521739130435,0.8888888888888888,0.45454545454545453,0.6356417261637282,4,0.001,1e-05,0.5,8,resize_cube64_hu_m600_1500
3,TEST,0.8,0.8275862068965517,1.0,0.6153846153846154,0.7844645405527362,4,0.001,1e-05,0.5,8,resize_cube64_hu_m600_1500
4,VALIDATION,0.65,0.6666666666666666,0.7777777777777778,0.5454545454545454,0.6513389472789296,4,0.001,1e-05,0.5,8,resize_cube64_hu_m600_1500
4,TEST,0.52,0.625,0.8333333333333334,0.23076923076923078,0.4385290096535146,4,0.001,1e-05,0.5,8,resize_cube64_hu_m600_1500
5,VALIDATION,0.75,0.7058823529411765,0.6,0.9,0.7348469228349535,4,0.001,1e-05,0.5,8,resize_cube64_hu_m600_1500
5,TEST,0.52,0.4,0.36363636363636365,0.6428571428571429,0.4834937784152282,4,0.001,1e-05,0.5,8,resize_cube64_hu_m600_1500
MEAN,VALIDATION,0.6599999999999999,0.6714833759590794,0.7422222222222221,0.5981818181818181,0.6441885457250891,4,0.001,8
MEAN,TEST,0.5680000000000001,0.5670689655172414,0.6393939393939394,0.4978021978021978,0.5279051077092897,4,0.001,8
1,VALIDATION,0.7,0.7,0.7777777777777778,0.6363636363636364,0.7035264706814485,8,0.001,0,0,8,resize_cube64_hu_m600_1500
1,TEST,0.56,0.5217391304347826,0.5,0.6153846153846154,0.5547001962252291,8,0.001,0,0,8,resize_cube64_hu_m600_1500
2,VALIDATION,0.6,0.6666666666666666,0.8888888888888888,0.36363636363636365,0.5685352436149611,8,0.001,0,0,8,resize_cube64_hu_m600_1500
2,TEST,0.56,0.6206896551724138,0.75,0.38461538461538464,0.5370861555295747,8,0.001,0,0,8,resize_cube64_hu_m600_1500
3,VALIDATION,0.65,0.5333333333333333,0.4444444444444444,0.8181818181818182,0.6030226891555273,8,0.001,0,0,8,resize_cube64_hu_m600_1500
3,TEST,0.44,0.125,0.08333333333333333,0.7692307692307693,0.25318484177091666,8,0.001,0,0,8,resize_cube64_hu_m600_1500
4,VALIDATION,0.6,0.6666666666666666,0.8888888888888888,0.36363636363636365,0.5685352436149611,8,0.001,0,0,8,resize_cube64_hu_m600_1500
4,TEST,0.4,0.5161290322580645,0.6666666666666666,0.15384615384615385,0.32025630761017426,8,0.001,0,0,8,resize_cube64_hu_m600_1500
5,VALIDATION,0.75,0.7058823529411765,0.6,0.9,0.7348469228349535,8,0.001,0,0,8,resize_cube64_hu_m600_1500
5,TEST,0.56,0.47619047619047616,0.45454545454545453,0.6428571428571429,0.5405624776173353,8,0.001,0,0,8,resize_cube64_hu_m600_1500
MEAN,VALIDATION,0.6599999999999999,0.6545098039215687,0.72,0.6163636363636364,0.6356933139803702,8,0.001,8
MEAN,TEST,0.504,0.45194965881114746,0.4909090909090909,0.5131868131868131,0.44115799575064607,8,0.001,8
1,VALIDATION,0.7,0.7,0.7777777777777778,0.6363636363636364,0.7035264706814485,8,0.001,0,0.3,8,resize_cube64_hu_m600_1500
1,TEST,0.76,0.7692307692307693,0.8333333333333334,0.6923076923076923,0.75955452531275,8,0.001,0,0.3,8,resize_cube64_hu_m600_1500
2,VALIDATION,0.65,0.631578947368421,0.6666666666666666,0.6363636363636364,0.6513389472789296,8,0.001,0,0.3,8,resize_cube64_hu_m600_1500
2,TEST,0.44,0.3,0.25,0.6153846153846154,0.3922322702763681,8,0.001,0,0.3,8,resize_cube64_hu_m600_1500
3,VALIDATION,0.7,0.7,0.7777777777777778,0.6363636363636364,0.7035264706814485,8,0.001,0,0.3,8,resize_cube64_hu_m600_1500
3,TEST,0.8,0.8148148148148148,0.9166666666666666,0.6923076923076923,0.7966275068156915,8,0.001,0,0.3,8,resize_cube64_hu_m600_1500
4,VALIDATION,0.5,0.5454545454545454,0.6666666666666666,0.36363636363636365,0.49236596391733095,8,0.001,0,0.3,8,resize_cube64_hu_m600_1500
4,TEST,0.48,0.5806451612903226,0.75,0.23076923076923078,0.41602514716892186,8,0.001,0,0.3,8,resize_cube64_hu_m600_1500
5,VALIDATION,0.75,0.7368421052631579,0.7,0.8,0.7483314773547882,8,0.001,0,0.3,8,resize_cube64_hu_m600_1500
5,TEST,0.52,0.4,0.36363636363636365,0.6428571428571429,0.4834937784152282,8,0.001,0,0.3,8,resize_cube64_hu_m600_1500
MEAN,VALIDATION,0.6599999999999999,0.6627751196172248,0.7177777777777777,0.6145454545454546,0.6598178659827891,8,0.001,8
MEAN,TEST,0.6,0.5729381490671812,0.6227272727272728,0.5747252747252747,0.5695866455977919,8,0.001,8
1,VALIDATION,0.6,0.5555555555555556,0.5555555555555556,0.6363636363636364,0.5945883900105632,8,0.001,0,0.5,8,resize_cube64_hu_m600_1500
1,TEST,0.64,0.64,0.6666666666666666,0.6153846153846154,0.6405126152203485,8,0.001,0,0.5,8,resize_cube64_hu_m600_1500
2,VALIDATION,0.55,0.6666666666666666,1.0,0.18181818181818182,0.4264014327112209,8,0.001,0,0.5,8,resize_cube64_hu_m600_1500
2,TEST,0.52,0.625,0.8333333333333334,0.23076923076923078,0.4385290096535146,8,0.001,0,0.5,8,resize_cube64_hu_m600_1500
3,VALIDATION,0.65,0.6666666666666666,0.7777777777777778,0.5454545454545454,0.6513389472789296,8,0.001,0,0.5,8,resize_cube64_hu_m600_1500
3,TEST,0.76,0.7857142857142857,0.9166666666666666,0.6153846153846154,0.7510676161988108,8,0.001,0,0.5,8,resize_cube64_hu_m600_1500
4,VALIDATION,0.5,0.5454545454545454,0.6666666666666666,0.36363636363636365,0.49236596391733095,8,0.001,0,0.5,8,resize_cube64_hu_m600_1500
4,TEST,0.6,0.6666666666666666,0.8333333333333334,0.38461538461538464,0.5661385170722979,8,0.001,0,0.5,8,resize_cube64_hu_m600_1500
5,VALIDATION,0.7,0.625,0.5,0.9,0.6708203932499369,8,0.001,0,0.5,8,resize_cube64_hu_m600_1500
5,TEST,0.64,0.47058823529411764,0.36363636363636365,0.8571428571428571,0.5582905262390825,8,0.001,0,0.5,8,resize_cube64_hu_m600_1500
MEAN,VALIDATION,0.6,0.6118686868686869,0.7,0.5254545454545454,0.5671030254335963,8,0.001,8
MEAN,TEST,0.632,0.637593837535014,0.7227272727272728,0.5406593406593407,0.5909076568768108,8,0.001,8
1,VALIDATION,0.75,0.6666666666666666,0.5555555555555556,0.9090909090909091,0.7106690545187014,8,0.001,1e-05,0,8,resize_cube64_hu_m600_1500
1,TEST,0.48,0.48,0.5,0.46153846153846156,0.4803844614152614,8,0.001,1e-05,0,8,resize_cube64_hu_m600_1500
2,VALIDATION,0.65,0.36363636363636365,0.2222222222222222,1.0,0.4714045207910317,8,0.001,1e-05,0,8,resize_cube64_hu_m600_1500
2,TEST,0.52,0.14285714285714285,0.08333333333333333,0.9230769230769231,0.2773500981126146,8,0.001,1e-05,0,8,resize_cube64_hu_m600_1500
3,VALIDATION,0.75,0.7368421052631579,0.7777777777777778,0.7272727272727273,0.7521014330903549,8,0.001,1e-05,0,8,resize_cube64_hu_m600_1500
3,TEST,0.48,0.5185185185185185,0.5833333333333334,0.38461538461538464,0.47366546671567095,8,0.001,1e-05,0,8,resize_cube64_hu_m600_1500
4,VALIDATION,0.55,0.5263157894736842,0.5555555555555556,0.5454545454545454,0.5504818825631803,8,0.001,1e-05,0,8,resize_cube64_hu_m600_1500
4,TEST,0.48,0.48,0.5,0.46153846153846156,0.4803844614152614,8,0.001,1e-05,0,8,resize_cube64_hu_m600_1500
5,VALIDATION,0.7,0.7,0.7,0.7,0.7,8,0.001,1e-05,0,8,resize_cube64_hu_m600_1500
5,TEST,0.6,0.5833333333333334,0.6363636363636364,0.5714285714285714,0.6030226891555273,8,0.001,1e-05,0,8,resize_cube64_hu_m600_1500
MEAN,VALIDATION,0.68,0.5986921850079744,0.5622222222222222,0.7763636363636364,0.6369313781926536,8,0.001,8
MEAN,TEST,0.512,0.44094179894179897,0.46060606060606063,0.5604395604395604,0.46296143536286716,8,0.001,8
1,VALIDATION,0.75,0.782608695652174,1.0,0.5454545454545454,0.7385489458759964,8,0.001,1e-05,0.3,8,resize_cube64_hu_m600_1500
1,TEST,0.72,0.7586206896551724,0.9166666666666666,0.5384615384615384,0.7025594235292439,8,0.001,1e-05,0.3,8,resize_cube64_hu_m600_1500
2,VALIDATION,0.7,0.7272727272727273,0.8888888888888888,0.5454545454545454,0.6963106238227913,8,0.001,1e-05,0.3,8,resize_cube64_hu_m600_1500
2,TEST,0.52,0.5,0.5,0.5384615384615384,0.5188745216627708,8,0.001,1e-05,0.3,8,resize_cube64_hu_m600_1500
3,VALIDATION,0.75,0.782608695652174,1.0,0.5454545454545454,0.7385489458759964,8,0.001,1e-05,0.3,8,resize_cube64_hu_m600_1500
3,TEST,0.72,0.7586206896551724,0.9166666666666666,0.5384615384615384,0.7025594235292439,8,0.001,1e-05,0.3,8,resize_cube64_hu_m600_1500
4,VALIDATION,0.5,0.375,0.3333333333333333,0.6363636363636364,0.4605661864718383,8,0.001,1e-05,0.3,8,resize_cube64_hu_m600_1500
4,TEST,0.56,0.47619047619047616,0.4166666666666667,0.6923076923076923,0.5370861555295747,8,0.001,1e-05,0.3,8,resize_cube64_hu_m600_1500
5,VALIDATION,0.75,0.7368421052631579,0.7,0.8,0.7483314773547882,8,0.001,1e-05,0.3,8,resize_cube64_hu_m600_1500
5,TEST,0.64,0.5714285714285714,0.5454545454545454,0.7142857142857143,0.6241877839323592,8,0.001,1e-05,0.3,8,resize_cube64_hu_m600_1500
MEAN,VALIDATION,0.6900000000000001,0.6808664447680466,0.7844444444444445,0.6145454545454545,0.6764612358802822,8,0.001,8
MEAN,TEST,0.632,0.6129720853858786,0.659090909090909,0.6043956043956044,0.6170534616366385,8,0.001,8
1,VALIDATION,0.7,0.75,1.0,0.45454545454545453,0.674199862463242,8,0.001,1e-05,0.5,8,resize_cube64_hu_m600_1500
1,TEST,0.68,0.7333333333333333,0.9166666666666666,0.46153846153846156,0.6504436355879909,8,0.001,1e-05,0.5,8,resize_cube64_hu_m600_1500
2,VALIDATION,0.45,0.47619047619047616,0.5555555555555556,0.36363636363636365,0.44946657497549475,8,0.001,1e-05,0.5,8,resize_cube64_hu_m600_1500
2,TEST,0.48,0.5185185185185185,0.5833333333333334,0.38461538461538464,0.47366546671567095,8,0.001,1e-05,0.5,8,resize_cube64_hu_m600_1500
3,VALIDATION,0.7,0.7,0.7777777777777778,0.6363636363636364,0.7035264706814485,8,0.001,1e-05,0.5,8,resize_cube64_hu_m600_1500
3,TEST,0.6,0.5833333333333334,0.5833333333333334,0.6153846153846154,0.5991446895152781,8,0.001,1e-05,0.5,8,resize_cube64_hu_m600_1500
4,VALIDATION,0.45,0.47619047619047616,0.5555555555555556,0.36363636363636365,0.44946657497549475,8,0.001,1e-05,0.5,8,resize_cube64_hu_m600_1500
4,TEST,0.48,0.38095238095238093,0.3333333333333333,0.6153846153846154,0.4529108136578383,8,0.001,1e-05,0.5,8,resize_cube64_hu_m600_1500
5,VALIDATION,0.75,0.7058823529411765,0.6,0.9,0.7348469228349535,8,0.001,1e-05,0.5,8,resize_cube64_hu_m600_1500
5,TEST,0.44,0.4166666666666667,0.45454545454545453,0.42857142857142855,0.44136741475237473,8,0.001,1e-05,0.5,8,resize_cube64_hu_m600_1500
MEAN,VALIDATION,0.61,0.6216526610644257,0.6977777777777778,0.5436363636363637,0.6023012811861268,8,0.001,8
MEAN,TEST,0.536,0.5265608465608465,0.5742424242424243,0.5010989010989011,0.5235064040458306,8,0.001,8
1,VALIDATION,0.65,0.6666666666666666,0.7777777777777778,0.5454545454545454,0.6513389472789296,16,0.001,0,0,8,resize_cube64_hu_m600_1500
1,TEST,0.52,0.3333333333333333,0.25,0.7692307692307693,0.4385290096535146,16,0.001,0,0,8,resize_cube64_hu_m600_1500
2,VALIDATION,0.7,0.5,0.3333333333333333,1.0,0.5773502691896257,16,0.001,0,0,8,resize_cube64_hu_m600_1500
2,TEST,0.6,0.4444444444444444,0.3333333333333333,0.8461538461538461,0.5310850045437944,16,0.001,0,0,8,resize_cube64_hu_m600_1500
3,VALIDATION,0.75,0.7619047619047619,0.8888888888888888,0.6363636363636364,0.7521014330903549,16,0.001,0,0,8,resize_cube64_hu_m600_1500
3,TEST,0.48,0.48,0.5,0.46153846153846156,0.4803844614152614,16,0.001,0,0,8,resize_cube64_hu_m600_1500
4,VALIDATION,0.55,0.5263157894736842,0.5555555555555556,0.5454545454545454,0.5504818825631803,16,0.001,0,0,8,resize_cube64_hu_m600_1500
4,TEST,0.56,0.56,0.5833333333333334,0.5384615384615384,0.560448538317805,16,0.001,0,0,8,resize_cube64_hu_m600_1500
5,VALIDATION,0.75,0.6666666666666666,0.5,1.0,0.7071067811865476,16,0.001,0,0,8,resize_cube64_hu_m600_1500
5,TEST,0.52,0.25,0.18181818181818182,0.7857142857142857,0.3779644730092272,16,0.001,0,0,8,resize_cube64_hu_m600_1500
MEAN,VALIDATION,0.68,0.6243107769423558,0.611111111111111,0.7454545454545454,0.6476758626617276,16,0.001,8
MEAN,TEST,0.536,0.41355555555555557,0.3696969696969697,0.6802197802197802,0.4776822973879205,16,0.001,8
1,VALIDATION,0.7,0.7272727272727273,0.8888888888888888,0.5454545454545454,0.6963106238227913,16,0.001,0,0.3,8,resize_cube64_hu_m600_1500
1,TEST,0.76,0.7857142857142857,0.9166666666666666,0.6153846153846154,0.7510676161988108,16,0.001,0,0.3,8,resize_cube64_hu_m600_1500
2,VALIDATION,0.65,0.72,1.0,0.36363636363636365,0.6030226891555273,16,0.001,0,0.3,8,resize_cube64_hu_m600_1500
2,TEST,0.48,0.48,0.5,0.46153846153846156,0.4803844614152614,16,0.001,0,0.3,8,resize_cube64_hu_m600_1500
3,VALIDATION,0.75,0.7619047619047619,0.8888888888888888,0.6363636363636364,0.7521014330903549,16,0.001,0,0.3,8,resize_cube64_hu_m600_1500
3,TEST,0.6,0.5833333333333334,0.5833333333333334,0.6153846153846154,0.5991446895152781,16,0.001,0,0.3,8,resize_cube64_hu_m600_1500
4,VALIDATION,0.55,0.47058823529411764,0.4444444444444444,0.6363636363636364,0.5318160234783105,16,0.001,0,0.3,8,resize_cube64_hu_m600_1500
4,TEST,0.56,0.5217391304347826,0.5,0.6153846153846154,0.5547001962252291,16,0.001,0,0.3,8,resize_cube64_hu_m600_1500
5,VALIDATION,0.7,0.7,0.7,0.7,0.7,16,0.001,0,0.3,8,resize_cube64_hu_m600_1500
5,TEST,0.6,0.5,0.45454545454545453,0.7142857142857143,0.5698028822981898,16,0.001,0,0.3,8,resize_cube64_hu_m600_1500
MEAN,VALIDATION,0.6700000000000002,0.6759531448943215,0.7844444444444445,0.5763636363636364,0.6566501539093968,16,0.001,8
MEAN,TEST,0.6,0.5741573498964804,0.5909090909090909,0.6043956043956045,0.5910199691305539,16,0.001,8
1,VALIDATION,0.7,0.75,1.0,0.45454545454545453,0.674199862463242,16,0.001,0,0.5,8,resize_cube64_hu_m600_1500
1,TEST,0.68,0.6923076923076923,0.75,0.6153846153846154,0.6793662204867574,16,0.001,0,0.5,8,resize_cube64_hu_m600_1500
2,VALIDATION,0.45,0.47619047619047616,0.5555555555555556,0.36363636363636365,0.44946657497549475,16,0.001,0,0.5,8,resize_cube64_hu_m600_1500
2,TEST,0.44,0.46153846153846156,0.5,0.38461538461538464,0.4385290096535146,16,0.001,0,0.5,8,resize_cube64_hu_m600_1500
3,VALIDATION,0.75,0.7619047619047619,0.8888888888888888,0.6363636363636364,0.7521014330903549,16,0.001,0,0.5,8,resize_cube64_hu_m600_1500
3,TEST,0.76,0.7692307692307693,0.8333333333333334,0.6923076923076923,0.75955452531275,16,0.001,0,0.5,8,resize_cube64_hu_m600_1500
4,VALIDATION,0.5,0.5,0.5555555555555556,0.45454545454545453,0.502518907629606,16,0.001,0,0.5,8,resize_cube64_hu_m600_1500
4,TEST,0.44,0.36363636363636365,0.3333333333333333,0.5384615384615384,0.4236592728681617,16,0.001,0,0.5,8,resize_cube64_hu_m600_1500
5,VALIDATION,0.65,0.6666666666666666,0.7,0.6,0.648074069840786,16,0.001,0,0.5,8,resize_cube64_hu_m600_1500
5,TEST,0.64,0.6086956521739131,0.6363636363636364,0.6428571428571429,0.6396021490668313,16,0.001,0,0.5,8,resize_cube64_hu_m600_1500
MEAN,VALIDATION,0.61,0.6309523809523809,0.74,0.5018181818181818,0.6052721695998967,16,0.001,8
MEAN,TEST,0.5920000000000001,0.5790817877774399,0.6106060606060606,0.5747252747252747,0.588142235477603,16,0.001,8
1,VALIDATION,0.75,0.782608695652174,1.0,0.5454545454545454,0.7385489458759964,16,0.001,1e-05,0,8,resize_cube64_hu_m600_1500
1,TEST,0.56,0.6451612903225806,0.8333333333333334,0.3076923076923077,0.5063696835418333,16,0.001,1e-05,0,8,resize_cube64_hu_m600_1500
2,VALIDATION,0.65,0.5333333333333333,0.4444444444444444,0.8181818181818182,0.6030226891555273,16,0.001,1e-05,0,8,resize_cube64_hu_m600_1500
2,TEST,0.56,0.5217391304347826,0.5,0.6153846153846154,0.5547001962252291,16,0.001,1e-05,0,8,resize_cube64_hu_m600_1500
3,VALIDATION,0.7,0.625,0.5555555555555556,0.8181818181818182,0.6741998624632421,16,0.001,1e-05,0,8,resize_cube64_hu_m600_1500
3,TEST,0.6,0.375,0.25,0.9230769230769231,0.4803844614152614,16,0.001,1e-05,0,8,resize_cube64_hu_m600_1500
4,VALIDATION,0.55,0.5714285714285714,0.6666666666666666,0.45454545454545453,0.5504818825631803,16,0.001,1e-05,0,8,resize_cube64_hu_m600_1500
4,TEST,0.48,0.5185185185185185,0.5833333333333334,0.38461538461538464,0.47366546671567095,16,0.001,1e-05,0,8,resize_cube64_hu_m600_1500
5,VALIDATION,0.6,0.42857142857142855,0.3,0.9,0.5196152422706632,16,0.001,1e-05,0,8,resize_cube64_hu_m600_1500
5,TEST,0.64,0.4,0.2727272727272727,0.9285714285714286,0.5032362797401965,16,0.001,1e-05,0,8,resize_cube64_hu_m600_1500
MEAN,VALIDATION,0.6499999999999999,0.5881884057971014,0.5933333333333333,0.7072727272727273,0.6171737244657219,16,0.001,8
MEAN,TEST,0.5680000000000001,0.49208378785517637,0.4878787878787879,0.631868131868132,0.5036712175276383,16,0.001,8
1,VALIDATION,0.8,0.8,0.8888888888888888,0.7272727272727273,0.8040302522073697,16,0.001,1e-05,0.3,8,resize_cube64_hu_m600_1500
1,TEST,0.68,0.6666666666666666,0.6666666666666666,0.6923076923076923,0.6793662204867574,16,0.001,1e-05,0.3,8,resize_cube64_hu_m600_1500
2,VALIDATION,0.7,0.7272727272727273,0.8888888888888888,0.5454545454545454,0.6963106238227913,16,0.001,1e-05,0.3,8,resize_cube64_hu_m600_1500
2,TEST,0.52,0.45454545454545453,0.4166666666666667,0.6153846153846154,0.5063696835418333,16,0.001,1e-05,0.3,8,resize_cube64_hu_m600_1500
3,VALIDATION,0.75,0.7619047619047619,0.8888888888888888,0.6363636363636364,0.7521014330903549,16,0.001,1e-05,0.3,8,resize_cube64_hu_m600_1500
3,TEST,0.84,0.8571428571428571,1.0,0.6923076923076923,0.8320502943378437,16,0.001,1e-05,0.3,8,resize_cube64_hu_m600_1500
4,VALIDATION,0.5,0.5454545454545454,0.6666666666666666,0.36363636363636365,0.49236596391733095,16,0.001,1e-05,0.3,8,resize_cube64_hu_m600_1500
4,TEST,0.52,0.625,0.8333333333333334,0.23076923076923078,0.4385290096535146,16,0.001,1e-05,0.3,8,resize_cube64_hu_m600_1500
5,VALIDATION,0.65,0.6956521739130435,0.8,0.5,0.6324555320336759,16,0.001,1e-05,0.3,8,resize_cube64_hu_m600_1500
5,TEST,0.64,0.64,0.7272727272727273,0.5714285714285714,0.6446583712203042,16,0.001,1e-05,0.3,8,resize_cube64_hu_m600_1500
MEAN,VALIDATION,0.6799999999999999,0.7060568417090156,0.8266666666666665,0.5545454545454546,0.6754527610143045,16,0.001,8
MEAN,TEST,0.64,0.6486709956709957,0.7287878787878788,0.5604395604395604,0.6201947158480505,16,0.001,8
1,VALIDATION,0.7,0.7272727272727273,0.8888888888888888,0.5454545454545454,0.6963106238227913,16,0.001,1e-05,0.5,8,resize_cube64_hu_m600_1500
1,TEST,0.68,0.7333333333333333,0.9166666666666666,0.46153846153846156,0.6504436355879909,16,0.001,1e-05,0.5,8,resize_cube64_hu_m600_1500
2,VALIDATION,0.5,0.16666666666666666,0.1111111111111111,0.8181818181818182,0.30151134457776363,16,0.001,1e-05,0.5,8,resize_cube64_hu_m600_1500
2,TEST,0.44,0.0,0.0,0.8461538461538461,0.0,16,0.001,1e-05,0.5,8,resize_cube64_hu_m600_1500
3,VALIDATION,0.7,0.7,0.7777777777777778,0.6363636363636364,0.7035264706814485,16,0.001,1e-05,0.5,8,resize_cube64_hu_m600_1500
3,TEST,0.68,0.6923076923076923,0.75,0.6153846153846154,0.6793662204867574,16,0.001,1e-05,0.5,8,resize_cube64_hu_m600_1500
4,VALIDATION,0.5,0.6428571428571429,1.0,0.09090909090909091,0.30151134457776363,16,0.001,1e-05,0.5,8,resize_cube64_hu_m600_1500
4,TEST,0.48,0.6486486486486487,1.0,0.0,0.0,16,0.001,1e-05,0.5,8,resize_cube64_hu_m600_1500
5,VALIDATION,0.7,0.75,0.9,0.5,0.6708203932499369,16,0.001,1e-05,0.5,8,resize_cube64_hu_m600_1500
5,TEST,0.68,0.6923076923076923,0.8181818181818182,0.5714285714285714,0.6837634587578277,16,0.001,1e-05,0.5,8,resize_cube64_hu_m600_1500
MEAN,VALIDATION,0.6199999999999999,0.5973593073593073,0.7355555555555555,0.5181818181818182,0.5347360353819408,16,0.001,8
MEAN,TEST,0.5920000000000001,0.5533194733194733,0.696969696969697,0.4989010989010989,0.4027146629665152,16,0.001,8
1,VALIDATION,0.7,0.7272727272727273,0.8888888888888888,0.5454545454545454,0.6963106238227913,32,0.001,0,0,8,resize_cube64_hu_m600_1500
1,TEST,0.52,0.45454545454545453,0.4166666666666667,0.6153846153846154,0.5063696835418333,32,0.001,0,0,8,resize_cube64_hu_m600_1500
2,VALIDATION,0.7,0.5,0.3333333333333333,1.0,0.5773502691896257,32,0.001,0,0,8,resize_cube64_hu_m600_1500
2,TEST,0.48,0.23529411764705882,0.16666666666666666,0.7692307692307693,0.35805743701971643,32,0.001,0,0,8,resize_cube64_hu_m600_1500
3,VALIDATION,0.75,0.7619047619047619,0.8888888888888888,0.6363636363636364,0.7521014330903549,32,0.001,0,0,8,resize_cube64_hu_m600_1500
3,TEST,0.52,0.5714285714285714,0.6666666666666666,0.38461538461538464,0.5063696835418333,32,0.001,0,0,8,resize_cube64_hu_m600_1500
4,VALIDATION,0.6,0.5555555555555556,0.5555555555555556,0.6363636363636364,0.5945883900105632,32,0.001,0,0,8,resize_cube64_hu_m600_1500
4,TEST,0.48,0.5185185185185185,0.5833333333333334,0.38461538461538464,0.47366546671567095,32,0.001,0,0,8,resize_cube64_hu_m600_1500
5,VALIDATION,0.65,0.6666666666666666,0.7,0.6,0.648074069840786,32,0.001,0,0,8,resize_cube64_hu_m600_1500
5,TEST,0.76,0.6666666666666666,0.5454545454545454,0.9285714285714286,0.7116835718867666,32,0.001,0,0,8,resize_cube64_hu_m600_1500
MEAN,VALIDATION,0.6799999999999999,0.6422799422799422,0.6733333333333332,0.6836363636363636,0.6536849571908242,32,0.001,8
MEAN,TEST,0.5519999999999999,0.48929066576125396,0.47575757575757577,0.6164835164835164,0.5112291685411641,32,0.001,8
1,VALIDATION,0.75,0.7058823529411765,0.6666666666666666,0.8181818181818182,0.7385489458759964,32,0.001,0,0.3,8,resize_cube64_hu_m600_1500
1,TEST,0.72,0.72,0.75,0.6923076923076923,0.7205766921228921,32,0.001,0,0.3,8,resize_cube64_hu_m600_1500
2,VALIDATION,0.7,0.75,1.0,0.45454545454545453,0.674199862463242,32,0.001,0,0.3,8,resize_cube64_hu_m600_1500
2,TEST,0.52,0.5384615384615384,0.5833333333333334,0.46153846153846156,0.5188745216627708,32,0.001,0,0.3,8,resize_cube64_hu_m600_1500
3,VALIDATION,0.75,0.7619047619047619,0.8888888888888888,0.6363636363636364,0.7521014330903549,32,0.001,0,0.3,8,resize_cube64_hu_m600_1500
3,TEST,0.6,0.5833333333333334,0.5833333333333334,0.6153846153846154,0.5991446895152781,32,0.001,0,0.3,8,resize_cube64_hu_m600_1500
4,VALIDATION,0.5,0.5454545454545454,0.6666666666666666,0.36363636363636365,0.49236596391733095,32,0.001,0,0.3,8,resize_cube64_hu_m600_1500
4,TEST,0.48,0.48,0.5,0.46153846153846156,0.4803844614152614,32,0.001,0,0.3,8,resize_cube64_hu_m600_1500
5,VALIDATION,0.6,0.6363636363636364,0.7,0.5,0.5916079783099616,32,0.001,0,0.3,8,resize_cube64_hu_m600_1500
5,TEST,0.68,0.6666666666666666,0.7272727272727273,0.6428571428571429,0.6837634587578277,32,0.001,0,0.3,8,resize_cube64_hu_m600_1500
MEAN,VALIDATION,0.66,0.679921059332824,0.7844444444444443,0.5545454545454546,0.6497648367313771,32,0.001,8
MEAN,TEST,0.6,0.5976923076923077,0.6287878787878789,0.5747252747252747,0.600548764694806,32,0.001,8
1,VALIDATION,0.7,0.7,0.7777777777777778,0.6363636363636364,0.7035264706814485,32,0.001,0,0.5,8,resize_cube64_hu_m600_1500
1,TEST,0.68,0.6666666666666666,0.6666666666666666,0.6923076923076923,0.6793662204867574,32,0.001,0,0.5,8,resize_cube64_hu_m600_1500
2,VALIDATION,0.55,0.47058823529411764,0.4444444444444444,0.6363636363636364,0.5318160234783105,32,0.001,0,0.5,8,resize_cube64_hu_m600_1500
2,TEST,0.48,0.3157894736842105,0.25,0.6923076923076923,0.41602514716892186,32,0.001,0,0.5,8,resize_cube64_hu_m600_1500
3,VALIDATION,0.7,0.7,0.7777777777777778,0.6363636363636364,0.7035264706814485,32,0.001,0,0.5,8,resize_cube64_hu_m600_1500
3,TEST,0.64,0.6086956521739131,0.5833333333333334,0.6923076923076923,0.6354889093022426,32,0.001,0,0.5,8,resize_cube64_hu_m600_1500
4,VALIDATION,0.45,0.42105263157894735,0.4444444444444444,0.45454545454545453,0.4494665749754947,32,0.001,0,0.5,8,resize_cube64_hu_m600_1500
4,TEST,0.56,0.47619047619047616,0.4166666666666667,0.6923076923076923,0.5370861555295747,32,0.001,0,0.5,8,resize_cube64_hu_m600_1500
5,VALIDATION,0.7,0.625,0.5,0.9,0.6708203932499369,32,0.001,0,0.5,8,resize_cube64_hu_m600_1500
5,TEST,0.48,0.43478260869565216,0.45454545454545453,0.5,0.4767312946227962,32,0.001,0,0.5,8,resize_cube64_hu_m600_1500
MEAN,VALIDATION,0.6199999999999999,0.583328173374613,0.5888888888888889,0.6527272727272727,0.6118311866133278,32,0.001,8
MEAN,TEST,0.5680000000000001,0.5004249754821838,0.47424242424242424,0.6538461538461539,0.5489395454220587,32,0.001,8
1,VALIDATION,0.7,0.7,0.7777777777777778,0.6363636363636364,0.7035264706814485,32,0.001,1e-05,0,8,resize_cube64_hu_m600_1500
1,TEST,0.52,0.5384615384615384,0.5833333333333334,0.46153846153846156,0.5188745216627708,32,0.001,1e-05,0,8,resize_cube64_hu_m600_1500
2,VALIDATION,0.65,0.6956521739130435,0.8888888888888888,0.45454545454545453,0.6356417261637282,32,0.001,1e-05,0,8,resize_cube64_hu_m600_1500
2,TEST,0.52,0.5714285714285714,0.6666666666666666,0.38461538461538464,0.5063696835418333,32,0.001,1e-05,0,8,resize_cube64_hu_m600_1500
3,VALIDATION,0.75,0.7058823529411765,0.6666666666666666,0.8181818181818182,0.7385489458759964,32,0.001,1e-05,0,8,resize_cube64_hu_m600_1500
3,TEST,0.72,0.7741935483870968,1.0,0.46153846153846156,0.6793662204867574,32,0.001,1e-05,0,8,resize_cube64_hu_m600_1500
4,VALIDATION,0.5,0.4444444444444444,0.4444444444444444,0.5454545454545454,0.4923659639173309,32,0.001,1e-05,0,8,resize_cube64_hu_m600_1500
4,TEST,0.48,0.48,0.5,0.46153846153846156,0.4803844614152614,32,0.001,1e-05,0,8,resize_cube64_hu_m600_1500
5,VALIDATION,0.7,0.625,0.5,0.9,0.6708203932499369,32,0.001,1e-05,0,8,resize_cube64_hu_m600_1500
5,TEST,0.64,0.4,0.2727272727272727,0.9285714285714286,0.5032362797401965,32,0.001,1e-05,0,8,resize_cube64_hu_m600_1500
MEAN,VALIDATION,0.6599999999999999,0.6341957942597329,0.6555555555555556,0.6709090909090909,0.6481806999776881,32,0.001,8
MEAN,TEST,0.5760000000000001,0.5528167316554413,0.6045454545454545,0.5395604395604396,0.5376462333693639,32,0.001,8
1,VALIDATION,0.75,0.7619047619047619,0.8888888888888888,0.6363636363636364,0.7521014330903549,32,0.001,1e-05,0.3,8,resize_cube64_hu_m600_1500
1,TEST,0.6,0.5833333333333334,0.5833333333333334,0.6153846153846154,0.5991446895152781,32,0.001,1e-05,0.3,8,resize_cube64_hu_m600_1500
2,VALIDATION,0.65,0.6666666666666666,0.7777777777777778,0.5454545454545454,0.6513389472789296,32,0.001,1e-05,0.3,8,resize_cube64_hu_m600_1500
2,TEST,0.44,0.4166666666666667,0.4166666666666667,0.46153846153846156,0.4385290096535146,32,0.001,1e-05,0.3,8,resize_cube64_hu_m600_1500
3,VALIDATION,0.8,0.8,0.8888888888888888,0.7272727272727273,0.8040302522073697,32,0.001,1e-05,0.3,8,resize_cube64_hu_m600_1500
3,TEST,0.76,0.7692307692307693,0.8333333333333334,0.6923076923076923,0.75955452531275,32,0.001,1e-05,0.3,8,resize_cube64_hu_m600_1500
4,VALIDATION,0.55,0.6086956521739131,0.7777777777777778,0.36363636363636365,0.5318160234783105,32,0.001,1e-05,0.3,8,resize_cube64_hu_m600_1500
4,TEST,0.56,0.6666666666666666,0.9166666666666666,0.23076923076923078,0.45993310550389993,32,0.001,1e-05,0.3,8,resize_cube64_hu_m600_1500
5,VALIDATION,0.7,0.6666666666666666,0.6,0.8,0.6928203230275509,32,0.001,1e-05,0.3,8,resize_cube64_hu_m600_1500
5,TEST,0.44,0.3,0.2727272727272727,0.5714285714285714,0.39477101697586137,32,0.001,1e-05,0.3,8,resize_cube64_hu_m600_1500
MEAN,VALIDATION,0.6900000000000001,0.7007867494824016,0.7866666666666666,0.6145454545454545,0.6864213958165031,32,0.001,8
MEAN,TEST,0.56,0.5471794871794871,0.6045454545454545,0.5142857142857142,0.5303864693922608,32,0.001,8
1,VALIDATION,0.75,0.6666666666666666,0.5555555555555556,0.9090909090909091,0.7106690545187014,32,0.001,1e-05,0.5,8,resize_cube64_hu_m600_1500
1,TEST,0.56,0.47619047619047616,0.4166666666666667,0.6923076923076923,0.5370861555295747,32,0.001,1e-05,0.5,8,resize_cube64_hu_m600_1500
2,VALIDATION,0.45,0.47619047619047616,0.5555555555555556,0.36363636363636365,0.44946657497549475,32,0.001,1e-05,0.5,8,resize_cube64_hu_m600_1500
2,TEST,0.52,0.5,0.5,0.5384615384615384,0.5188745216627708,32,0.001,1e-05,0.5,8,resize_cube64_hu_m600_1500
3,VALIDATION,0.7,0.7,0.7777777777777778,0.6363636363636364,0.7035264706814485,32,0.001,1e-05,0.5,8,resize_cube64_hu_m600_1500
3,TEST,0.64,0.5714285714285714,0.5,0.7692307692307693,0.6201736729460423,32,0.001,1e-05,0.5,8,resize_cube64_hu_m600_1500
4,VALIDATION,0.4,0.4,0.4444444444444444,0.36363636363636365,0.40201512610368484,32,0.001,1e-05,0.5,8,resize_cube64_hu_m600_1500
4,TEST,0.48,0.48,0.5,0.46153846153846156,0.4803844614152614,32,0.001,1e-05,0.5,8,resize_cube64_hu_m600_1500
5,VALIDATION,0.6,0.6363636363636364,0.7,0.5,0.5916079783099616,32,0.001,1e-05,0.5,8,resize_cube64_hu_m600_1500
5,TEST,0.52,0.5714285714285714,0.7272727272727273,0.35714285714285715,0.5096471914376256,32,0.001,1e-05,0.5,8,resize_cube64_hu_m600_1500
MEAN,VALIDATION,0.58,0.5758441558441558,0.6066666666666667,0.5545454545454546,0.5714570409178583,32,0.001,8
MEAN,TEST,0.544,0.5198095238095238,0.5287878787878788,0.5637362637362637,0.533233200598255,32,0.001,8
1,VALIDATION,0.8,0.8,0.8888888888888888,0.7272727272727273,0.8040302522073697,4,0.001,0,0,8,resize_cube64_hu_m300_1400
1,TEST,0.6,0.5454545454545454,0.5,0.6923076923076923,0.5883484054145521,4,0.001,0,0,8,resize_cube64_hu_m300_1400
2,VALIDATION,0.6,0.6363636363636364,0.7777777777777778,0.45454545454545453,0.5945883900105632,4,0.001,0,0,8,resize_cube64_hu_m300_1400
2,TEST,0.6,0.6153846153846154,0.6666666666666666,0.5384615384615384,0.599144689515278,4,0.001,0,0,8,resize_cube64_hu_m300_1400
3,VALIDATION,0.7,0.5714285714285714,0.4444444444444444,0.9090909090909091,0.6356417261637282,4,0.001,0,0,8,resize_cube64_hu_m300_1400
3,TEST,0.68,0.6923076923076923,0.75,0.6153846153846154,0.6793662204867574,4,0.001,0,0,8,resize_cube64_hu_m300_1400
4,VALIDATION,0.55,0.5263157894736842,0.5555555555555556,0.5454545454545454,0.5504818825631803,4,0.001,0,0,8,resize_cube64_hu_m300_1400
4,TEST,0.48,0.38095238095238093,0.3333333333333333,0.6153846153846154,0.4529108136578383,4,0.001,0,0,8,resize_cube64_hu_m300_1400
5,VALIDATION,0.65,0.6666666666666666,0.7,0.6,0.648074069840786,4,0.001,0,0,8,resize_cube64_hu_m300_1400
5,TEST,0.8,0.7619047619047619,0.7272727272727273,0.8571428571428571,0.7895420339517227,4,0.001,0,0,8,resize_cube64_hu_m300_1400
MEAN,VALIDATION,0.6599999999999999,0.6401549327865117,0.6733333333333332,0.6472727272727272,0.6465632641571254,4,0.001,8
MEAN,TEST,0.632,0.5992007992007992,0.5954545454545455,0.6637362637362638,0.6218624326052298,4,0.001,8
1,VALIDATION,0.75,0.782608695652174,1.0,0.5454545454545454,0.7385489458759964,4,0.001,0,0.3,8,resize_cube64_hu_m300_1400
1,TEST,0.56,0.6206896551724138,0.75,0.38461538461538464,0.5370861555295747,4,0.001,0,0.3,8,resize_cube64_hu_m300_1400
2,VALIDATION,0.7,0.75,1.0,0.45454545454545453,0.674199862463242,4,0.001,0,0.3,8,resize_cube64_hu_m300_1400
2,TEST,0.56,0.5925925925925926,0.6666666666666666,0.46153846153846156,0.5547001962252291,4,0.001,0,0.3,8,resize_cube64_hu_m300_1400
3,VALIDATION,0.65,0.5333333333333333,0.4444444444444444,0.8181818181818182,0.6030226891555273,4,0.001,0,0.3,8,resize_cube64_hu_m300_1400
3,TEST,0.44,0.3,0.25,0.6153846153846154,0.3922322702763681,4,0.001,0,0.3,8,resize_cube64_hu_m300_1400
4,VALIDATION,0.55,0.4,0.3333333333333333,0.7272727272727273,0.49236596391733095,4,0.001,0,0.3,8,resize_cube64_hu_m300_1400
4,TEST,0.48,0.38095238095238093,0.3333333333333333,0.6153846153846154,0.4529108136578383,4,0.001,0,0.3,8,resize_cube64_hu_m300_1400
5,VALIDATION,0.65,0.6956521739130435,0.8,0.5,0.6324555320336759,4,0.001,0,0.3,8,resize_cube64_hu_m300_1400
5,TEST,0.6,0.6153846153846154,0.7272727272727273,0.5,0.6030226891555273,4,0.001,0,0.3,8,resize_cube64_hu_m300_1400
MEAN,VALIDATION,0.66,0.6323188405797101,0.7155555555555557,0.6090909090909091,0.6281185986891544,4,0.001,8
MEAN,TEST,0.528,0.5019238488204005,0.5454545454545454,0.5153846153846154,0.5079904249689076,4,0.001,8
1,VALIDATION,0.7,0.7,0.7777777777777778,0.6363636363636364,0.7035264706814485,4,0.001,0,0.5,8,resize_cube64_hu_m300_1400
1,TEST,0.56,0.6206896551724138,0.75,0.38461538461538464,0.5370861555295747,4,0.001,0,0.5,8,resize_cube64_hu_m300_1400
2,VALIDATION,0.65,0.6956521739130435,0.8888888888888888,0.45454545454545453,0.6356417261637282,4,0.001,0,0.5,8,resize_cube64_hu_m300_1400
2,TEST,0.64,0.6666666666666666,0.75,0.5384615384615384,0.6354889093022426,4,0.001,0,0.5,8,resize_cube64_hu_m300_1400
3,VALIDATION,0.7,0.75,1.0,0.45454545454545453,0.674199862463242,4,0.001,0,0.5,8,resize_cube64_hu_m300_1400
3,TEST,0.6,0.7058823529411765,1.0,0.23076923076923078,0.4803844614152614,4,0.001,0,0.5,8,resize_cube64_hu_m300_1400
4,VALIDATION,0.6,0.42857142857142855,0.3333333333333333,0.8181818181818182,0.5222329678670935,4,0.001,0,0.5,8,resize_cube64_hu_m300_1400
4,TEST,0.52,0.25,0.16666666666666666,0.8461538461538461,0.3755338080994054,4,0.001,0,0.5,8,resize_cube64_hu_m300_1400
5,VALIDATION,0.65,0.6666666666666666,0.7,0.6,0.648074069840786,4,0.001,0,0.5,8,resize_cube64_hu_m300_1400
5,TEST,0.68,0.6363636363636364,0.6363636363636364,0.7142857142857143,0.674199862463242,4,0.001,0,0.5,8,resize_cube64_hu_m300_1400
MEAN,VALIDATION,0.6599999999999999,0.6481780538302276,0.74,0.5927272727272728,0.6367350194032595,4,0.001,8
MEAN,TEST,0.6000000000000001,0.5759204622287786,0.6606060606060605,0.5428571428571429,0.5405386393619452,4,0.001,8
1,VALIDATION,0.65,0.631578947368421,0.6666666666666666,0.6363636363636364,0.6513389472789296,4,0.001,1e-05,0,8,resize_cube64_hu_m300_1400
1,TEST,0.64,0.64,0.6666666666666666,0.6153846153846154,0.6405126152203485,4,0.001,1e-05,0,8,resize_cube64_hu_m300_1400
2,VALIDATION,0.7,0.75,1.0,0.45454545454545453,0.674199862463242,4,0.001,1e-05,0,8,resize_cube64_hu_m300_1400
2,TEST,0.64,0.6896551724137931,0.8333333333333334,0.46153846153846156,0.6201736729460423,4,0.001,1e-05,0,8,resize_cube64_hu_m300_1400
3,VALIDATION,0.55,0.47058823529411764,0.4444444444444444,0.6363636363636364,0.5318160234783105,4,0.001,1e-05,0,8,resize_cube64_hu_m300_1400
3,TEST,0.44,0.46153846153846156,0.5,0.38461538461538464,0.4385290096535146,4,0.001,1e-05,0,8,resize_cube64_hu_m300_1400
4,VALIDATION,0.6,0.5,0.4444444444444444,0.7272727272727273,0.5685352436149611,4,0.001,1e-05,0,8,resize_cube64_hu_m300_1400
4,TEST,0.56,0.35294117647058826,0.25,0.8461538461538461,0.45993310550389993,4,0.001,1e-05,0,8,resize_cube64_hu_m300_1400
5,VALIDATION,0.6,0.6,0.6,0.6,0.6,4,0.001,1e-05,0,8,resize_cube64_hu_m300_1400
5,TEST,0.68,0.6,0.5454545454545454,0.7857142857142857,0.6546536707079771,4,0.001,1e-05,0,8,resize_cube64_hu_m300_1400
MEAN,VALIDATION,0.62,0.5904334365325077,0.6311111111111111,0.6109090909090908,0.6051780153670887,4,0.001,8
MEAN,TEST,0.5920000000000001,0.5488269620845687,0.5590909090909091,0.6186813186813187,0.5627604148063565,4,0.001,8
1,VALIDATION,0.75,0.7619047619047619,0.8888888888888888,0.6363636363636364,0.7521014330903549,4,0.001,1e-05,0.3,8,resize_cube64_hu_m300_1400
1,TEST,0.6,0.6875,0.9166666666666666,0.3076923076923077,0.5310850045437944,4,0.001,1e-05,0.3,8,resize_cube64_hu_m300_1400
2,VALIDATION,0.65,0.72,1.0,0.36363636363636365,0.6030226891555273,4,0.001,1e-05,0.3,8,resize_cube64_hu_m300_1400
2,TEST,0.44,0.5,0.5833333333333334,0.3076923076923077,0.42365927286816174,4,0.001,1e-05,0.3,8,resize_cube64_hu_m300_1400
3,VALIDATION,0.75,0.7619047619047619,0.8888888888888888,0.6363636363636364,0.7521014330903549,4,0.001,1e-05,0.3,8,resize_cube64_hu_m300_1400
3,TEST,0.8,0.8275862068965517,1.0,0.6153846153846154,0.7844645405527362,4,0.001,1e-05,0.3,8,resize_cube64_hu_m300_1400
4,VALIDATION,0.5,0.5454545454545454,0.6666666666666666,0.36363636363636365,0.49236596391733095,4,0.001,1e-05,0.3,8,resize_cube64_hu_m300_1400
4,TEST,0.56,0.6206896551724138,0.75,0.38461538461538464,0.5370861555295747,4,0.001,1e-05,0.3,8,resize_cube64_hu_m300_1400
5,VALIDATION,0.7,0.75,0.9,0.5,0.6708203932499369,4,0.001,1e-05,0.3,8,resize_cube64_hu_m300_1400
5,TEST,0.64,0.6666666666666666,0.8181818181818182,0.5,0.6396021490668313,4,0.001,1e-05,0.3,8,resize_cube64_hu_m300_1400
MEAN,VALIDATION,0.6699999999999999,0.7078528138528137,0.8688888888888888,0.5,0.6540823825007009,4,0.001,8
MEAN,TEST,0.6080000000000001,0.6604885057471264,0.8136363636363637,0.4230769230769231,0.5831794245122197,4,0.001,8
1,VALIDATION,0.7,0.7,0.7777777777777778,0.6363636363636364,0.7035264706814485,4,0.001,1e-05,0.5,8,resize_cube64_hu_m300_1400
1,TEST,0.64,0.6666666666666666,0.75,0.5384615384615384,0.6354889093022426,4,0.001,1e-05,0.5,8,resize_cube64_hu_m300_1400
2,VALIDATION,0.7,0.6666666666666666,0.6666666666666666,0.7272727272727273,0.6963106238227914,4,0.001,1e-05,0.5,8,resize_cube64_hu_m300_1400
2,TEST,0.48,0.43478260869565216,0.4166666666666667,0.5384615384615384,0.47366546671567095,4,0.001,1e-05,0.5,8,resize_cube64_hu_m300_1400
3,VALIDATION,0.55,0.5263157894736842,0.5555555555555556,0.5454545454545454,0.5504818825631803,4,0.001,1e-05,0.5,8,resize_cube64_hu_m300_1400
3,TEST,0.72,0.7741935483870968,1.0,0.46153846153846156,0.6793662204867574,4,0.001,1e-05,0.5,8,resize_cube64_hu_m300_1400
4,VALIDATION,0.5,0.5833333333333334,0.7777777777777778,0.2727272727272727,0.4605661864718383,4,0.001,1e-05,0.5,8,resize_cube64_hu_m300_1400
4,TEST,0.52,0.5384615384615384,0.5833333333333334,0.46153846153846156,0.5188745216627708,4,0.001,1e-05,0.5,8,resize_cube64_hu_m300_1400
5,VALIDATION,0.7,0.75,0.9,0.5,0.6708203932499369,4,0.001,1e-05,0.5,8,resize_cube64_hu_m300_1400
5,TEST,0.64,0.6666666666666666,0.8181818181818182,0.5,0.6396021490668313,4,0.001,1e-05,0.5,8,resize_cube64_hu_m300_1400
MEAN,VALIDATION,0.6300000000000001,0.6452631578947369,0.7355555555555555,0.5363636363636364,0.6163411113578391,4,0.001,8
MEAN,TEST,0.6000000000000001,0.6161542057755242,0.7136363636363637,0.5,0.5893994534468546,4,0.001,8
1,VALIDATION,0.7,0.7272727272727273,0.8888888888888888,0.5454545454545454,0.6963106238227913,8,0.001,0,0,8,resize_cube64_hu_m300_1400
1,TEST,0.44,0.46153846153846156,0.5,0.38461538461538464,0.4385290096535146,8,0.001,0,0,8,resize_cube64_hu_m300_1400
2,VALIDATION,0.6,0.6923076923076923,1.0,0.2727272727272727,0.5222329678670935,8,0.001,0,0,8,resize_cube64_hu_m300_1400
2,TEST,0.56,0.6451612903225806,0.8333333333333334,0.3076923076923077,0.5063696835418333,8,0.001,0,0,8,resize_cube64_hu_m300_1400
3,VALIDATION,0.65,0.631578947368421,0.6666666666666666,0.6363636363636364,0.6513389472789296,8,0.001,0,0,8,resize_cube64_hu_m300_1400
3,TEST,0.44,0.5,0.5833333333333334,0.3076923076923077,0.42365927286816174,8,0.001,0,0,8,resize_cube64_hu_m300_1400
4,VALIDATION,0.55,0.6086956521739131,0.7777777777777778,0.36363636363636365,0.5318160234783105,8,0.001,0,0,8,resize_cube64_hu_m300_1400
4,TEST,0.44,0.5882352941176471,0.8333333333333334,0.07692307692307693,0.25318484177091666,8,0.001,0,0,8,resize_cube64_hu_m300_1400
5,VALIDATION,0.6,0.6,0.6,0.6,0.6,8,0.001,0,0,8,resize_cube64_hu_m300_1400
5,TEST,0.72,0.631578947368421,0.5454545454545454,0.8571428571428571,0.6837634587578276,8,0.001,0,0,8,resize_cube64_hu_m300_1400
MEAN,VALIDATION,0.62,0.6519710038245508,0.7866666666666666,0.4836363636363637,0.600339712489425,8,0.001,8
MEAN,TEST,0.5199999999999999,0.5653027986694221,0.6590909090909092,0.38681318681318677,0.46110125331845075,8,0.001,8
1,VALIDATION,0.75,0.782608695652174,1.0,0.5454545454545454,0.7385489458759964,8,0.001,0,0.3,8,resize_cube64_hu_m300_1400
1,TEST,0.68,0.7333333333333333,0.9166666666666666,0.46153846153846156,0.6504436355879909,8,0.001,0,0.3,8,resize_cube64_hu_m300_1400
2,VALIDATION,0.6,0.6923076923076923,1.0,0.2727272727272727,0.5222329678670935,8,0.001,0,0.3,8,resize_cube64_hu_m300_1400
2,TEST,0.52,0.625,0.8333333333333334,0.23076923076923078,0.4385290096535146,8,0.001,0,0.3,8,resize_cube64_hu_m300_1400
3,VALIDATION,0.65,0.631578947368421,0.6666666666666666,0.6363636363636364,0.6513389472789296,8,0.001,0,0.3,8,resize_cube64_hu_m300_1400
3,TEST,0.52,0.6,0.75,0.3076923076923077,0.4803844614152614,8,0.001,0,0.3,8,resize_cube64_hu_m300_1400
4,VALIDATION,0.45,0.5217391304347826,0.6666666666666666,0.2727272727272727,0.42640143271122083,8,0.001,0,0.3,8,resize_cube64_hu_m300_1400
4,TEST,0.4,0.5454545454545454,0.75,0.07692307692307693,0.2401922307076307,8,0.001,0,0.3,8,resize_cube64_hu_m300_1400
5,VALIDATION,0.65,0.72,0.9,0.4,0.6000000000000001,8,0.001,0,0.3,8,resize_cube64_hu_m300_1400
5,TEST,0.6,0.6428571428571429,0.8181818181818182,0.42857142857142855,0.592156525463792,8,0.001,0,0.3,8,resize_cube64_hu_m300_1400
MEAN,VALIDATION,0.62,0.669646893152614,0.8466666666666667,0.4254545454545455,0.587704458746648,8,0.001,8
MEAN,TEST,0.544,0.6293290043290043,0.8136363636363637,0.3010989010989011,0.480341172565638,8,0.001,8
1,VALIDATION,0.65,0.631578947368421,0.6666666666666666,0.6363636363636364,0.6513389472789296,8,0.001,0,0.5,8,resize_cube64_hu_m300_1400
1,TEST,0.64,0.64,0.6666666666666666,0.6153846153846154,0.6405126152203485,8,0.001,0,0.5,8,resize_cube64_hu_m300_1400
2,VALIDATION,0.55,0.64,0.8888888888888888,0.2727272727272727,0.4923659639173309,8,0.001,0,0.5,8,resize_cube64_hu_m300_1400
2,TEST,0.44,0.5,0.5833333333333334,0.3076923076923077,0.42365927286816174,8,0.001,0,0.5,8,resize_cube64_hu_m300_1400
3,VALIDATION,0.65,0.6956521739130435,0.8888888888888888,0.45454545454545453,0.6356417261637282,8,0.001,0,0.5,8,resize_cube64_hu_m300_1400
3,TEST,0.64,0.7272727272727273,1.0,0.3076923076923077,0.5547001962252291,8,0.001,0,0.5,8,resize_cube64_hu_m300_1400
4,VALIDATION,0.55,0.6086956521739131,0.7777777777777778,0.36363636363636365,0.5318160234783105,8,0.001,0,0.5,8,resize_cube64_hu_m300_1400
4,TEST,0.52,0.625,0.8333333333333334,0.23076923076923078,0.4385290096535146,8,0.001,0,0.5,8,resize_cube64_hu_m300_1400
5,VALIDATION,0.65,0.6956521739130435,0.8,0.5,0.6324555320336759,8,0.001,0,0.5,8,resize_cube64_hu_m300_1400
5,TEST,0.6,0.6428571428571429,0.8181818181818182,0.42857142857142855,0.592156525463792,8,0.001,0,0.5,8,resize_cube64_hu_m300_1400
MEAN,VALIDATION,0.6100000000000001,0.6543157894736842,0.8044444444444444,0.44545454545454544,0.588723638574395,8,0.001,8
MEAN,TEST,0.5680000000000001,0.627025974025974,0.7803030303030304,0.37802197802197807,0.5299115238862092,8,0.001,8
1,VALIDATION,0.65,0.631578947368421,0.6666666666666666,0.6363636363636364,0.6513389472789296,8,0.001,1e-05,0,8,resize_cube64_hu_m300_1400
1,TEST,0.6,0.5454545454545454,0.5,0.6923076923076923,0.5883484054145521,8,0.001,1e-05,0,8,resize_cube64_hu_m300_1400
2,VALIDATION,0.55,0.5263157894736842,0.5555555555555556,0.5454545454545454,0.5504818825631803,8,0.001,1e-05,0,8,resize_cube64_hu_m300_1400
2,TEST,0.52,0.4,0.3333333333333333,0.6923076923076923,0.48038446141526137,8,0.001,1e-05,0,8,resize_cube64_hu_m300_1400
3,VALIDATION,0.65,0.631578947368421,0.6666666666666666,0.6363636363636364,0.6513389472789296,8,0.001,1e-05,0,8,resize_cube64_hu_m300_1400
3,TEST,0.6,0.6666666666666666,0.8333333333333334,0.38461538461538464,0.5661385170722979,8,0.001,1e-05,0,8,resize_cube64_hu_m300_1400
4,VALIDATION,0.6,0.6363636363636364,0.7777777777777778,0.45454545454545453,0.5945883900105632,8,0.001,1e-05,0,8,resize_cube64_hu_m300_1400
4,TEST,0.56,0.6451612903225806,0.8333333333333334,0.3076923076923077,0.5063696835418333,8,0.001,1e-05,0,8,resize_cube64_hu_m300_1400
5,VALIDATION,0.8,0.8,0.8,0.8,0.8,8,0.001,1e-05,0,8,resize_cube64_hu_m300_1400
5,TEST,0.72,0.6956521739130435,0.7272727272727273,0.7142857142857143,0.7207499701564473,8,0.001,1e-05,0,8,resize_cube64_hu_m300_1400
MEAN,VALIDATION,0.65,0.6451674641148326,0.6933333333333334,0.6145454545454545,0.6495496334263204,8,0.001,8
MEAN,TEST,0.6,0.5905869352713673,0.6454545454545455,0.5582417582417583,0.5723982075200784,8,0.001,8
1,VALIDATION,0.65,0.6956521739130435,0.8888888888888888,0.45454545454545453,0.6356417261637282,8,0.001,1e-05,0.3,8,resize_cube64_hu_m300_1400
1,TEST,0.68,0.7333333333333333,0.9166666666666666,0.46153846153846156,0.6504436355879909,8,0.001,1e-05,0.3,8,resize_cube64_hu_m300_1400
2,VALIDATION,0.6,0.6923076923076923,1.0,0.2727272727272727,0.5222329678670935,8,0.001,1e-05,0.3,8,resize_cube64_hu_m300_1400
2,TEST,0.52,0.625,0.8333333333333334,0.23076923076923078,0.4385290096535146,8,0.001,1e-05,0.3,8,resize_cube64_hu_m300_1400
3,VALIDATION,0.7,0.7,0.7777777777777778,0.6363636363636364,0.7035264706814485,8,0.001,1e-05,0.3,8,resize_cube64_hu_m300_1400
3,TEST,0.64,0.6896551724137931,0.8333333333333334,0.46153846153846156,0.6201736729460423,8,0.001,1e-05,0.3,8,resize_cube64_hu_m300_1400
4,VALIDATION,0.55,0.5714285714285714,0.6666666666666666,0.45454545454545453,0.5504818825631803,8,0.001,1e-05,0.3,8,resize_cube64_hu_m300_1400
4,TEST,0.52,0.6,0.75,0.3076923076923077,0.4803844614152614,8,0.001,1e-05,0.3,8,resize_cube64_hu_m300_1400
5,VALIDATION,0.6,0.6,0.6,0.6,0.6,8,0.001,1e-05,0.3,8,resize_cube64_hu_m300_1400
5,TEST,0.64,0.6086956521739131,0.6363636363636364,0.6428571428571429,0.6396021490668313,8,0.001,1e-05,0.3,8,resize_cube64_hu_m300_1400
MEAN,VALIDATION,0.62,0.6518776875298614,0.7866666666666666,0.4836363636363637,0.6023766094550902,8,0.001,8
MEAN,TEST,0.6000000000000001,0.651336831584208,0.793939393939394,0.4208791208791209,0.5658265857339282,8,0.001,8
1,VALIDATION,0.7,0.75,1.0,0.45454545454545453,0.674199862463242,8,0.001,1e-05,0.5,8,resize_cube64_hu_m300_1400
1,TEST,0.64,0.7096774193548387,0.9166666666666666,0.38461538461538464,0.5937710859953544,8,0.001,1e-05,0.5,8,resize_cube64_hu_m300_1400
2,VALIDATION,0.55,0.6666666666666666,1.0,0.18181818181818182,0.4264014327112209,8,0.001,1e-05,0.5,8,resize_cube64_hu_m300_1400
2,TEST,0.52,0.6470588235294118,0.9166666666666666,0.15384615384615385,0.3755338080994054,8,0.001,1e-05,0.5,8,resize_cube64_hu_m300_1400
3,VALIDATION,0.6,0.6,0.6666666666666666,0.5454545454545454,0.6030226891555273,8,0.001,1e-05,0.5,8,resize_cube64_hu_m300_1400
3,TEST,0.44,0.36363636363636365,0.3333333333333333,0.5384615384615384,0.4236592728681617,8,0.001,1e-05,0.5,8,resize_cube64_hu_m300_1400
4,VALIDATION,0.5,0.6428571428571429,1.0,0.09090909090909091,0.30151134457776363,8,0.001,1e-05,0.5,8,resize_cube64_hu_m300_1400
4,TEST,0.56,0.6666666666666666,0.9166666666666666,0.23076923076923078,0.45993310550389993,8,0.001,1e-05,0.5,8,resize_cube64_hu_m300_1400
5,VALIDATION,0.6,0.6363636363636364,0.7,0.5,0.5916079783099616,8,0.001,1e-05,0.5,8,resize_cube64_hu_m300_1400
5,TEST,0.64,0.6666666666666666,0.8181818181818182,0.5,0.6396021490668313,8,0.001,1e-05,0.5,8,resize_cube64_hu_m300_1400
MEAN,VALIDATION,0.5900000000000001,0.6591774891774891,0.8733333333333333,0.3545454545454545,0.5193486614435431,8,0.001,8
MEAN,TEST,0.56,0.6107411879707895,0.7803030303030303,0.3615384615384616,0.4984998843067306,8,0.001,8
1,VALIDATION,0.75,0.7368421052631579,0.7777777777777778,0.7272727272727273,0.7521014330903549,16,0.001,0,0,8,resize_cube64_hu_m300_1400
1,TEST,0.68,0.6363636363636364,0.5833333333333334,0.7692307692307693,0.6698641270570838,16,0.001,0,0,8,resize_cube64_hu_m300_1400
2,VALIDATION,0.75,0.7368421052631579,0.7777777777777778,0.7272727272727273,0.7521014330903549,16,0.001,0,0,8,resize_cube64_hu_m300_1400
2,TEST,0.56,0.56,0.5833333333333334,0.5384615384615384,0.560448538317805,16,0.001,0,0,8,resize_cube64_hu_m300_1400
3,VALIDATION,0.75,0.6666666666666666,0.5555555555555556,0.9090909090909091,0.7106690545187014,16,0.001,0,0,8,resize_cube64_hu_m300_1400
3,TEST,0.6,0.6666666666666666,0.8333333333333334,0.38461538461538464,0.5661385170722979,16,0.001,0,0,8,resize_cube64_hu_m300_1400
4,VALIDATION,0.55,0.4,0.3333333333333333,0.7272727272727273,0.49236596391733095,16,0.001,0,0,8,resize_cube64_hu_m300_1400
4,TEST,0.52,0.14285714285714285,0.08333333333333333,0.9230769230769231,0.2773500981126146,16,0.001,0,0,8,resize_cube64_hu_m300_1400
5,VALIDATION,0.65,0.631578947368421,0.6,0.7,0.648074069840786,16,0.001,0,0,8,resize_cube64_hu_m300_1400
5,TEST,0.68,0.5,0.36363636363636365,0.9285714285714286,0.5810872031479765,16,0.001,0,0,8,resize_cube64_hu_m300_1400
MEAN,VALIDATION,0.69,0.6343859649122807,0.6088888888888889,0.7581818181818182,0.6710623908915057,16,0.001,8
MEAN,TEST,0.6080000000000001,0.5011774891774892,0.48939393939393944,0.7087912087912087,0.5309776967415555,16,0.001,8
1,VALIDATION,0.7,0.7,0.7777777777777778,0.6363636363636364,0.7035264706814485,16,0.001,0,0.3,8,resize_cube64_hu_m300_1400
1,TEST,0.64,0.6666666666666666,0.75,0.5384615384615384,0.6354889093022426,16,0.001,0,0.3,8,resize_cube64_hu_m300_1400
2,VALIDATION,0.5,0.5,0.5555555555555556,0.45454545454545453,0.502518907629606,16,0.001,0,0.3,8,resize_cube64_hu_m300_1400
2,TEST,0.44,0.46153846153846156,0.5,0.38461538461538464,0.4385290096535146,16,0.001,0,0.3,8,resize_cube64_hu_m300_1400
3,VALIDATION,0.6,0.5555555555555556,0.5555555555555556,0.6363636363636364,0.5945883900105632,16,0.001,0,0.3,8,resize_cube64_hu_m300_1400
3,TEST,0.44,0.3,0.25,0.6153846153846154,0.3922322702763681,16,0.001,0,0.3,8,resize_cube64_hu_m300_1400
4,VALIDATION,0.5,0.5833333333333334,0.7777777777777778,0.2727272727272727,0.4605661864718383,16,0.001,0,0.3,8,resize_cube64_hu_m300_1400
4,TEST,0.48,0.5806451612903226,0.75,0.23076923076923078,0.41602514716892186,16,0.001,0,0.3,8,resize_cube64_hu_m300_1400
5,VALIDATION,0.65,0.6666666666666666,0.7,0.6,0.648074069840786,16,0.001,0,0.3,8,resize_cube64_hu_m300_1400
5,TEST,0.72,0.6666666666666666,0.6363636363636364,0.7857142857142857,0.7071067811865476,16,0.001,0,0.3,8,resize_cube64_hu_m300_1400
MEAN,VALIDATION,0.59,0.6011111111111112,0.6733333333333335,0.5199999999999999,0.5818548049268484,16,0.001,8
MEAN,TEST,0.5439999999999999,0.5351033912324235,0.5772727272727273,0.5109890109890111,0.517876423517519,16,0.001,8
1,VALIDATION,0.65,0.72,1.0,0.36363636363636365,0.6030226891555273,16,0.001,0,0.5,8,resize_cube64_hu_m300_1400
1,TEST,0.52,0.6470588235294118,0.9166666666666666,0.15384615384615385,0.3755338080994054,16,0.001,0,0.5,8,resize_cube64_hu_m300_1400
2,VALIDATION,0.6,0.5555555555555556,0.5555555555555556,0.6363636363636364,0.5945883900105632,16,0.001,0,0.5,8,resize_cube64_hu_m300_1400
2,TEST,0.44,0.36363636363636365,0.3333333333333333,0.5384615384615384,0.4236592728681617,16,0.001,0,0.5,8,resize_cube64_hu_m300_1400
3,VALIDATION,0.8,0.75,0.6666666666666666,0.9090909090909091,0.7784989441615229,16,0.001,0,0.5,8,resize_cube64_hu_m300_1400
3,TEST,0.72,0.7407407407407407,0.8333333333333334,0.6153846153846154,0.716114874039433,16,0.001,0,0.5,8,resize_cube64_hu_m300_1400
4,VALIDATION,0.5,0.6428571428571429,1.0,0.09090909090909091,0.30151134457776363,16,0.001,0,0.5,8,resize_cube64_hu_m300_1400
4,TEST,0.52,0.6666666666666666,1.0,0.07692307692307693,0.2773500981126146,16,0.001,0,0.5,8,resize_cube64_hu_m300_1400
5,VALIDATION,0.65,0.6956521739130435,0.8,0.5,0.6324555320336759,16,0.001,0,0.5,8,resize_cube64_hu_m300_1400
5,TEST,0.68,0.6923076923076923,0.8181818181818182,0.5714285714285714,0.6837634587578277,16,0.001,0,0.5,8,resize_cube64_hu_m300_1400
MEAN,VALIDATION,0.6399999999999999,0.6728129744651483,0.8044444444444444,0.5,0.5820153799878105,16,0.001,8
MEAN,TEST,0.5760000000000001,0.6220820573761751,0.7803030303030304,0.3912087912087912,0.4952843023754885,16,0.001,8
1,VALIDATION,0.7,0.7272727272727273,0.8888888888888888,0.5454545454545454,0.6963106238227913,16,0.001,1e-05,0,8,resize_cube64_hu_m300_1400
1,TEST,0.56,0.6206896551724138,0.75,0.38461538461538464,0.5370861555295747,16,0.001,1e-05,0,8,resize_cube64_hu_m300_1400
2,VALIDATION,0.7,0.6666666666666666,0.6666666666666666,0.7272727272727273,0.6963106238227914,16,0.001,1e-05,0,8,resize_cube64_hu_m300_1400
2,TEST,0.6,0.5833333333333334,0.5833333333333334,0.6153846153846154,0.5991446895152781,16,0.001,1e-05,0,8,resize_cube64_hu_m300_1400
3,VALIDATION,0.8,0.7777777777777778,0.7777777777777778,0.8181818181818182,0.7977240352174657,16,0.001,1e-05,0,8,resize_cube64_hu_m300_1400
3,TEST,0.56,0.42105263157894735,0.3333333333333333,0.7692307692307693,0.5063696835418333,16,0.001,1e-05,0,8,resize_cube64_hu_m300_1400
4,VALIDATION,0.45,0.47619047619047616,0.5555555555555556,0.36363636363636365,0.44946657497549475,16,0.001,1e-05,0,8,resize_cube64_hu_m300_1400
4,TEST,0.52,0.6,0.75,0.3076923076923077,0.4803844614152614,16,0.001,1e-05,0,8,resize_cube64_hu_m300_1400
5,VALIDATION,0.6,0.5,0.4,0.8,0.5656854249492381,16,0.001,1e-05,0,8,resize_cube64_hu_m300_1400
5,TEST,0.72,0.5333333333333333,0.36363636363636365,1.0,0.6030226891555273,16,0.001,1e-05,0,8,resize_cube64_hu_m300_1400
MEAN,VALIDATION,0.6500000000000001,0.6295815295815296,0.6577777777777777,0.650909090909091,0.6410994565575563,16,0.001,8
MEAN,TEST,0.592,0.5516817906836056,0.5560606060606061,0.6153846153846153,0.545201535831495,16,0.001,8
1,VALIDATION,0.7,0.75,1.0,0.45454545454545453,0.674199862463242,16,0.001,1e-05,0.3,8,resize_cube64_hu_m300_1400
1,TEST,0.6,0.6666666666666666,0.8333333333333334,0.38461538461538464,0.5661385170722979,16,0.001,1e-05,0.3,8,resize_cube64_hu_m300_1400
2,VALIDATION,0.6,0.6666666666666666,0.8888888888888888,0.36363636363636365,0.5685352436149611,16,0.001,1e-05,0.3,8,resize_cube64_hu_m300_1400
2,TEST,0.52,0.5714285714285714,0.6666666666666666,0.38461538461538464,0.5063696835418333,16,0.001,1e-05,0.3,8,resize_cube64_hu_m300_1400
3,VALIDATION,0.55,0.6086956521739131,0.7777777777777778,0.36363636363636365,0.5318160234783105,16,0.001,1e-05,0.3,8,resize_cube64_hu_m300_1400
3,TEST,0.68,0.7142857142857143,0.8333333333333334,0.5384615384615384,0.6698641270570836,16,0.001,1e-05,0.3,8,resize_cube64_hu_m300_1400
4,VALIDATION,0.55,0.6086956521739131,0.7777777777777778,0.36363636363636365,0.5318160234783105,16,0.001,1e-05,0.3,8,resize_cube64_hu_m300_1400
4,TEST,0.52,0.6470588235294118,0.9166666666666666,0.15384615384615385,0.3755338080994054,16,0.001,1e-05,0.3,8,resize_cube64_hu_m300_1400
5,VALIDATION,0.6,0.6666666666666666,0.8,0.4,0.5656854249492381,16,0.001,1e-05,0.3,8,resize_cube64_hu_m300_1400
5,TEST,0.64,0.6086956521739131,0.6363636363636364,0.6428571428571429,0.6396021490668313,16,0.001,1e-05,0.3,8,resize_cube64_hu_m300_1400
MEAN,VALIDATION,0.6,0.6601449275362319,0.8488888888888889,0.38909090909090904,0.5744105155968124,16,0.001,8
MEAN,TEST,0.5920000000000001,0.6416270856168554,0.7772727272727272,0.4208791208791209,0.5515016569674903,16,0.001,8
1,VALIDATION,0.7,0.7272727272727273,0.8888888888888888,0.5454545454545454,0.6963106238227913,16,0.001,1e-05,0.5,8,resize_cube64_hu_m300_1400
1,TEST,0.6,0.6428571428571429,0.75,0.46153846153846156,0.5883484054145521,16,0.001,1e-05,0.5,8,resize_cube64_hu_m300_1400
2,VALIDATION,0.55,0.6086956521739131,0.7777777777777778,0.36363636363636365,0.5318160234783105,16,0.001,1e-05,0.5,8,resize_cube64_hu_m300_1400
2,TEST,0.6,0.6428571428571429,0.75,0.46153846153846156,0.5883484054145521,16,0.001,1e-05,0.5,8,resize_cube64_hu_m300_1400
3,VALIDATION,0.55,0.6666666666666666,1.0,0.18181818181818182,0.4264014327112209,16,0.001,1e-05,0.5,8,resize_cube64_hu_m300_1400
3,TEST,0.64,0.7272727272727273,1.0,0.3076923076923077,0.5547001962252291,16,0.001,1e-05,0.5,8,resize_cube64_hu_m300_1400
4,VALIDATION,0.4,0.4,0.4444444444444444,0.36363636363636365,0.40201512610368484,16,0.001,1e-05,0.5,8,resize_cube64_hu_m300_1400
4,TEST,0.56,0.56,0.5833333333333334,0.5384615384615384,0.560448538317805,16,0.001,1e-05,0.5,8,resize_cube64_hu_m300_1400
5,VALIDATION,0.65,0.72,0.9,0.4,0.6000000000000001,16,0.001,1e-05,0.5,8,resize_cube64_hu_m300_1400
5,TEST,0.6,0.6428571428571429,0.8181818181818182,0.42857142857142855,0.592156525463792,16,0.001,1e-05,0.5,8,resize_cube64_hu_m300_1400
MEAN,VALIDATION,0.5700000000000001,0.6245270092226614,0.8022222222222222,0.3709090909090909,0.5313086412232015,16,0.001,8
MEAN,TEST,0.6,0.6431688311688312,0.7803030303030304,0.4395604395604395,0.5768004141671861,16,0.001,8
1,VALIDATION,0.75,0.7058823529411765,0.6666666666666666,0.8181818181818182,0.7385489458759964,32,0.001,0,0,8,resize_cube64_hu_m300_1400
1,TEST,0.48,0.3157894736842105,0.25,0.6923076923076923,0.41602514716892186,32,0.001,0,0,8,resize_cube64_hu_m300_1400
2,VALIDATION,0.7,0.7272727272727273,0.8888888888888888,0.5454545454545454,0.6963106238227913,32,0.001,0,0,8,resize_cube64_hu_m300_1400
2,TEST,0.56,0.6206896551724138,0.75,0.38461538461538464,0.5370861555295747,32,0.001,0,0,8,resize_cube64_hu_m300_1400
3,VALIDATION,0.75,0.7619047619047619,0.8888888888888888,0.6363636363636364,0.7521014330903549,32,0.001,0,0,8,resize_cube64_hu_m300_1400
3,TEST,0.68,0.7333333333333333,0.9166666666666666,0.46153846153846156,0.6504436355879909,32,0.001,0,0,8,resize_cube64_hu_m300_1400
4,VALIDATION,0.55,0.4,0.3333333333333333,0.7272727272727273,0.49236596391733095,32,0.001,0,0,8,resize_cube64_hu_m300_1400
4,TEST,0.56,0.26666666666666666,0.16666666666666666,0.9230769230769231,0.3922322702763681,32,0.001,0,0,8,resize_cube64_hu_m300_1400
5,VALIDATION,0.7,0.6666666666666666,0.6,0.8,0.6928203230275509,32,0.001,0,0,8,resize_cube64_hu_m300_1400
5,TEST,0.68,0.5555555555555556,0.45454545454545453,0.8571428571428571,0.6241877839323592,32,0.001,0,0,8,resize_cube64_hu_m300_1400
MEAN,VALIDATION,0.6900000000000001,0.6523453017570664,0.6755555555555556,0.7054545454545454,0.6744294579468049,32,0.001,8
MEAN,TEST,0.5920000000000001,0.4984069368824359,0.5075757575757576,0.6637362637362638,0.523994998499043,32,0.001,8
1,VALIDATION,0.75,0.7368421052631579,0.7777777777777778,0.7272727272727273,0.7521014330903549,32,0.001,0,0.3,8,resize_cube64_hu_m300_1400
1,TEST,0.68,0.7142857142857143,0.8333333333333334,0.5384615384615384,0.6698641270570836,32,0.001,0,0.3,8,resize_cube64_hu_m300_1400
2,VALIDATION,0.65,0.6666666666666666,0.7777777777777778,0.5454545454545454,0.6513389472789296,32,0.001,0,0.3,8,resize_cube64_hu_m300_1400
2,TEST,0.56,0.5217391304347826,0.5,0.6153846153846154,0.5547001962252291,32,0.001,0,0.3,8,resize_cube64_hu_m300_1400
3,VALIDATION,0.7,0.625,0.5555555555555556,0.8181818181818182,0.6741998624632421,32,0.001,0,0.3,8,resize_cube64_hu_m300_1400
3,TEST,0.72,0.7407407407407407,0.8333333333333334,0.6153846153846154,0.716114874039433,32,0.001,0,0.3,8,resize_cube64_hu_m300_1400
4,VALIDATION,0.5,0.5454545454545454,0.6666666666666666,0.36363636363636365,0.49236596391733095,32,0.001,0,0.3,8,resize_cube64_hu_m300_1400
4,TEST,0.52,0.625,0.8333333333333334,0.23076923076923078,0.4385290096535146,32,0.001,0,0.3,8,resize_cube64_hu_m300_1400
5,VALIDATION,0.65,0.6666666666666666,0.7,0.6,0.648074069840786,32,0.001,0,0.3,8,resize_cube64_hu_m300_1400
5,TEST,0.64,0.6086956521739131,0.6363636363636364,0.6428571428571429,0.6396021490668313,32,0.001,0,0.3,8,resize_cube64_hu_m300_1400
MEAN,VALIDATION,0.6499999999999999,0.6481259968102073,0.6955555555555556,0.610909090909091,0.6436160553181287,32,0.001,8
MEAN,TEST,0.6240000000000001,0.6420922475270301,0.7272727272727273,0.5285714285714286,0.6037620712084183,32,0.001,8
1,VALIDATION,0.6,0.6363636363636364,0.7777777777777778,0.45454545454545453,0.5945883900105632,32,0.001,0,0.5,8,resize_cube64_hu_m300_1400
1,TEST,0.6,0.6153846153846154,0.6666666666666666,0.5384615384615384,0.599144689515278,32,0.001,0,0.5,8,resize_cube64_hu_m300_1400
2,VALIDATION,0.4,0.45454545454545453,0.5555555555555556,0.2727272727272727,0.3892494720807615,32,0.001,0,0.5,8,resize_cube64_hu_m300_1400
2,TEST,0.44,0.5,0.5833333333333334,0.3076923076923077,0.42365927286816174,32,0.001,0,0.5,8,resize_cube64_hu_m300_1400
3,VALIDATION,0.4,0.45454545454545453,0.5555555555555556,0.2727272727272727,0.3892494720807615,32,0.001,0,0.5,8,resize_cube64_hu_m300_1400
3,TEST,0.4,0.34782608695652173,0.3333333333333333,0.46153846153846156,0.3922322702763681,32,0.001,0,0.5,8,resize_cube64_hu_m300_1400
4,VALIDATION,0.45,0.56,0.7777777777777778,0.18181818181818182,0.37605071654517747,32,0.001,0,0.5,8,resize_cube64_hu_m300_1400
4,TEST,0.56,0.6206896551724138,0.75,0.38461538461538464,0.5370861555295747,32,0.001,0,0.5,8,resize_cube64_hu_m300_1400
5,VALIDATION,0.55,0.6666666666666666,0.9,0.2,0.42426406871192857,32,0.001,0,0.5,8,resize_cube64_hu_m300_1400
5,TEST,0.64,0.6896551724137931,0.9090909090909091,0.42857142857142855,0.6241877839323592,32,0.001,0,0.5,8,resize_cube64_hu_m300_1400
MEAN,VALIDATION,0.48,0.5544242424242424,0.7133333333333334,0.27636363636363637,0.43468042388583844,32,0.001,8
MEAN,TEST,0.528,0.5547111059854688,0.6484848484848484,0.42417582417582417,0.5152620344243484,32,0.001,8
1,VALIDATION,0.65,0.6666666666666666,0.7777777777777778,0.5454545454545454,0.6513389472789296,32,0.001,1e-05,0,8,resize_cube64_hu_m300_1400
1,TEST,0.48,0.48,0.5,0.46153846153846156,0.4803844614152614,32,0.001,1e-05,0,8,resize_cube64_hu_m300_1400
2,VALIDATION,0.7,0.75,1.0,0.45454545454545453,0.674199862463242,32,0.001,1e-05,0,8,resize_cube64_hu_m300_1400
2,TEST,0.72,0.7407407407407407,0.8333333333333334,0.6153846153846154,0.716114874039433,32,0.001,1e-05,0,8,resize_cube64_hu_m300_1400
3,VALIDATION,0.7,0.6666666666666666,0.6666666666666666,0.7272727272727273,0.6963106238227914,32,0.001,1e-05,0,8,resize_cube64_hu_m300_1400
3,TEST,0.44,0.3,0.25,0.6153846153846154,0.3922322702763681,32,0.001,1e-05,0,8,resize_cube64_hu_m300_1400
4,VALIDATION,0.55,0.47058823529411764,0.4444444444444444,0.6363636363636364,0.5318160234783105,32,0.001,1e-05,0,8,resize_cube64_hu_m300_1400
4,TEST,0.64,0.6666666666666666,0.75,0.5384615384615384,0.6354889093022426,32,0.001,1e-05,0,8,resize_cube64_hu_m300_1400
5,VALIDATION,0.65,0.5333333333333333,0.4,0.9,0.6000000000000001,32,0.001,1e-05,0,8,resize_cube64_hu_m300_1400
5,TEST,0.64,0.4,0.2727272727272727,0.9285714285714286,0.5032362797401965,32,0.001,1e-05,0,8,resize_cube64_hu_m300_1400
MEAN,VALIDATION,0.6499999999999999,0.6174509803921568,0.6577777777777777,0.6527272727272727,0.6307330914086547,32,0.001,8
MEAN,TEST,0.584,0.5174814814814814,0.5212121212121212,0.631868131868132,0.5454913589547004,32,0.001,8
1,VALIDATION,0.7,0.7,0.7777777777777778,0.6363636363636364,0.7035264706814485,32,0.001,1e-05,0.3,8,resize_cube64_hu_m300_1400
1,TEST,0.68,0.6923076923076923,0.75,0.6153846153846154,0.6793662204867574,32,0.001,1e-05,0.3,8,resize_cube64_hu_m300_1400
2,VALIDATION,0.55,0.5714285714285714,0.6666666666666666,0.45454545454545453,0.5504818825631803,32,0.001,1e-05,0.3,8,resize_cube64_hu_m300_1400
2,TEST,0.44,0.46153846153846156,0.5,0.38461538461538464,0.4385290096535146,32,0.001,1e-05,0.3,8,resize_cube64_hu_m300_1400
3,VALIDATION,0.7,0.6666666666666666,0.6666666666666666,0.7272727272727273,0.6963106238227914,32,0.001,1e-05,0.3,8,resize_cube64_hu_m300_1400
3,TEST,0.72,0.7407407407407407,0.8333333333333334,0.6153846153846154,0.716114874039433,32,0.001,1e-05,0.3,8,resize_cube64_hu_m300_1400
4,VALIDATION,0.45,0.35294117647058826,0.3333333333333333,0.5454545454545454,0.42640143271122083,32,0.001,1e-05,0.3,8,resize_cube64_hu_m300_1400
4,TEST,0.48,0.23529411764705882,0.16666666666666666,0.7692307692307693,0.35805743701971643,32,0.001,1e-05,0.3,8,resize_cube64_hu_m300_1400
5,VALIDATION,0.6,0.6363636363636364,0.7,0.5,0.5916079783099616,32,0.001,1e-05,0.3,8,resize_cube64_hu_m300_1400
5,TEST,0.68,0.6,0.5454545454545454,0.7857142857142857,0.6546536707079771,32,0.001,1e-05,0.3,8,resize_cube64_hu_m300_1400
MEAN,VALIDATION,0.6,0.5854800101858925,0.6288888888888889,0.5727272727272726,0.5936656776177205,32,0.001,8
MEAN,TEST,0.6000000000000001,0.5459762024467907,0.5590909090909091,0.634065934065934,0.5693442423814797,32,0.001,8
1,VALIDATION,0.65,0.72,1.0,0.36363636363636365,0.6030226891555273,32,0.001,1e-05,0.5,8,resize_cube64_hu_m300_1400
1,TEST,0.64,0.6896551724137931,0.8333333333333334,0.46153846153846156,0.6201736729460423,32,0.001,1e-05,0.5,8,resize_cube64_hu_m300_1400
2,VALIDATION,0.5,0.6428571428571429,1.0,0.09090909090909091,0.30151134457776363,32,0.001,1e-05,0.5,8,resize_cube64_hu_m300_1400
2,TEST,0.52,0.6470588235294118,0.9166666666666666,0.15384615384615385,0.3755338080994054,32,0.001,1e-05,0.5,8,resize_cube64_hu_m300_1400
3,VALIDATION,0.55,0.47058823529411764,0.4444444444444444,0.6363636363636364,0.5318160234783105,32,0.001,1e-05,0.5,8,resize_cube64_hu_m300_1400
3,TEST,0.68,0.6923076923076923,0.75,0.6153846153846154,0.6793662204867574,32,0.001,1e-05,0.5,8,resize_cube64_hu_m300_1400
4,VALIDATION,0.45,0.26666666666666666,0.2222222222222222,0.6363636363636364,0.37605071654517747,32,0.001,1e-05,0.5,8,resize_cube64_hu_m300_1400
4,TEST,0.52,0.3333333333333333,0.25,0.7692307692307693,0.4385290096535146,32,0.001,1e-05,0.5,8,resize_cube64_hu_m300_1400
5,VALIDATION,0.65,0.631578947368421,0.6,0.7,0.648074069840786,32,0.001,1e-05,0.5,8,resize_cube64_hu_m300_1400
5,TEST,0.6,0.5454545454545454,0.5454545454545454,0.6428571428571429,0.592156525463792,32,0.001,1e-05,0.5,8,resize_cube64_hu_m300_1400
MEAN,VALIDATION,0.5599999999999999,0.5463381984372697,0.6533333333333334,0.48545454545454536,0.49209496871951297,32,0.001,8
MEAN,TEST,0.5920000000000001,0.5815619134077552,0.6590909090909091,0.5285714285714286,0.5411518473299023,32,0.001,8
1,VALIDATION,0.75,0.7619047619047619,0.8888888888888888,0.6363636363636364,0.7521014330903549,4,0.001,0,0,8,resize_cube128_hu_m600_1500
1,TEST,0.6,0.6666666666666666,0.8333333333333334,0.38461538461538464,0.5661385170722979,4,0.001,0,0,8,resize_cube128_hu_m600_1500
2,VALIDATION,0.6,0.6363636363636364,0.7777777777777778,0.45454545454545453,0.5945883900105632,4,0.001,0,0,8,resize_cube128_hu_m600_1500
2,TEST,0.6,0.6153846153846154,0.6666666666666666,0.5384615384615384,0.599144689515278,4,0.001,0,0,8,resize_cube128_hu_m600_1500
3,VALIDATION,0.85,0.8235294117647058,0.7777777777777778,0.9090909090909091,0.8408749651825217,4,0.001,0,0,8,resize_cube128_hu_m600_1500
3,TEST,0.64,0.6666666666666666,0.75,0.5384615384615384,0.6354889093022426,4,0.001,0,0,8,resize_cube128_hu_m600_1500
4,VALIDATION,0.6,0.6,0.6666666666666666,0.5454545454545454,0.6030226891555273,4,0.001,0,0,8,resize_cube128_hu_m600_1500
4,TEST,0.52,0.45454545454545453,0.4166666666666667,0.6153846153846154,0.5063696835418333,4,0.001,0,0,8,resize_cube128_hu_m600_1500
5,VALIDATION,0.65,0.6666666666666666,0.7,0.6,0.648074069840786,4,0.001,0,0,8,resize_cube128_hu_m600_1500
5,TEST,0.76,0.7,0.6363636363636364,0.8571428571428571,0.7385489458759964,4,0.001,0,0,8,resize_cube128_hu_m600_1500
MEAN,VALIDATION,0.6900000000000001,0.6976928953399542,0.7622222222222221,0.6290909090909091,0.6877323094559505,4,0.001,8
MEAN,TEST,0.624,0.6206526806526806,0.6606060606060605,0.5868131868131868,0.6091381490615296,4,0.001,8
1,VALIDATION,0.75,0.7368421052631579,0.7777777777777778,0.7272727272727273,0.7521014330903549,4,0.001,0,0.3,8,resize_cube128_hu_m600_1500
1,TEST,0.68,0.7142857142857143,0.8333333333333334,0.5384615384615384,0.6698641270570836,4,0.001,0,0.3,8,resize_cube128_hu_m600_1500
2,VALIDATION,0.65,0.6666666666666666,0.7777777777777778,0.5454545454545454,0.6513389472789296,4,0.001,0,0.3,8,resize_cube128_hu_m600_1500
2,TEST,0.48,0.43478260869565216,0.4166666666666667,0.5384615384615384,0.47366546671567095,4,0.001,0,0.3,8,resize_cube128_hu_m600_1500
3,VALIDATION,0.75,0.7619047619047619,0.8888888888888888,0.6363636363636364,0.7521014330903549,4,0.001,0,0.3,8,resize_cube128_hu_m600_1500
3,TEST,0.8,0.8275862068965517,1.0,0.6153846153846154,0.7844645405527362,4,0.001,0,0.3,8,resize_cube128_hu_m600_1500
4,VALIDATION,0.55,0.6086956521739131,0.7777777777777778,0.36363636363636365,0.5318160234783105,4,0.001,0,0.3,8,resize_cube128_hu_m600_1500
4,TEST,0.56,0.6666666666666666,0.9166666666666666,0.23076923076923078,0.45993310550389993,4,0.001,0,0.3,8,resize_cube128_hu_m600_1500
5,VALIDATION,0.75,0.7058823529411765,0.6,0.9,0.7348469228349535,4,0.001,0,0.3,8,resize_cube128_hu_m600_1500
5,TEST,0.6,0.4444444444444444,0.36363636363636365,0.7857142857142857,0.5345224838248488,4,0.001,0,0.3,8,resize_cube128_hu_m600_1500
MEAN,VALIDATION,0.6900000000000001,0.6959983077899352,0.7644444444444445,0.6345454545454545,0.6844409519545807,4,0.001,8
MEAN,TEST,0.6240000000000001,0.6175531281978058,0.706060606060606,0.5417582417582418,0.5844899447308478,4,0.001,8
1,VALIDATION,0.8,0.8,0.8888888888888888,0.7272727272727273,0.8040302522073697,4,0.001,0,0.5,8,resize_cube128_hu_m600_1500
1,TEST,0.72,0.7586206896551724,0.9166666666666666,0.5384615384615384,0.7025594235292439,4,0.001,0,0.5,8,resize_cube128_hu_m600_1500
2,VALIDATION,0.7,0.7272727272727273,0.8888888888888888,0.5454545454545454,0.6963106238227913,4,0.001,0,0.5,8,resize_cube128_hu_m600_1500
2,TEST,0.48,0.43478260869565216,0.4166666666666667,0.5384615384615384,0.47366546671567095,4,0.001,0,0.5,8,resize_cube128_hu_m600_1500
3,VALIDATION,0.8,0.8,0.8888888888888888,0.7272727272727273,0.8040302522073697,4,0.001,0,0.5,8,resize_cube128_hu_m600_1500
3,TEST,0.8,0.8148148148148148,0.9166666666666666,0.6923076923076923,0.7966275068156915,4,0.001,0,0.5,8,resize_cube128_hu_m600_1500
4,VALIDATION,0.6,0.5555555555555556,0.5555555555555556,0.6363636363636364,0.5945883900105632,4,0.001,0,0.5,8,resize_cube128_hu_m600_1500
4,TEST,0.64,0.6086956521739131,0.5833333333333334,0.6923076923076923,0.6354889093022426,4,0.001,0,0.5,8,resize_cube128_hu_m600_1500
5,VALIDATION,0.75,0.7058823529411765,0.6,0.9,0.7348469228349535,4,0.001,0,0.5,8,resize_cube128_hu_m600_1500
5,TEST,0.44,0.4166666666666667,0.45454545454545453,0.42857142857142855,0.44136741475237473,4,0.001,0,0.5,8,resize_cube128_hu_m600_1500
MEAN,VALIDATION,0.73,0.7177421271538919,0.7644444444444445,0.7072727272727273,0.7267612882166095,4,0.001,8
MEAN,TEST,0.616,0.6067160864012437,0.6575757575757576,0.578021978021978,0.6099417442230447,4,0.001,8
1,VALIDATION,0.75,0.7368421052631579,0.7777777777777778,0.7272727272727273,0.7521014330903549,4,0.001,1e-05,0,8,resize_cube128_hu_m600_1500
1,TEST,0.52,0.5384615384615384,0.5833333333333334,0.46153846153846156,0.5188745216627708,4,0.001,1e-05,0,8,resize_cube128_hu_m600_1500
2,VALIDATION,0.65,0.6956521739130435,0.8888888888888888,0.45454545454545453,0.6356417261637282,4,0.001,1e-05,0,8,resize_cube128_hu_m600_1500
2,TEST,0.56,0.5925925925925926,0.6666666666666666,0.46153846153846156,0.5547001962252291,4,0.001,1e-05,0,8,resize_cube128_hu_m600_1500
3,VALIDATION,0.7,0.7,0.7777777777777778,0.6363636363636364,0.7035264706814485,4,0.001,1e-05,0,8,resize_cube128_hu_m600_1500
3,TEST,0.48,0.48,0.5,0.46153846153846156,0.4803844614152614,4,0.001,1e-05,0,8,resize_cube128_hu_m600_1500
4,VALIDATION,0.55,0.5263157894736842,0.5555555555555556,0.5454545454545454,0.5504818825631803,4,0.001,1e-05,0,8,resize_cube128_hu_m600_1500
4,TEST,0.44,0.5333333333333333,0.6666666666666666,0.23076923076923078,0.3922322702763681,4,0.001,1e-05,0,8,resize_cube128_hu_m600_1500
5,VALIDATION,0.75,0.7619047619047619,0.8,0.7,0.7483314773547882,4,0.001,1e-05,0,8,resize_cube128_hu_m600_1500
5,TEST,0.6,0.5454545454545454,0.5454545454545454,0.6428571428571429,0.592156525463792,4,0.001,1e-05,0,8,resize_cube128_hu_m600_1500
MEAN,VALIDATION,0.6799999999999999,0.6841429661109295,0.76,0.6127272727272727,0.6780165979707,4,0.001,8
MEAN,TEST,0.52,0.5379684019684019,0.5924242424242424,0.45164835164835165,0.5076695950086842,4,0.001,8
1,VALIDATION,0.8,0.8,0.8888888888888888,0.7272727272727273,0.8040302522073697,4,0.001,1e-05,0.3,8,resize_cube128_hu_m600_1500
1,TEST,0.72,0.72,0.75,0.6923076923076923,0.7205766921228921,4,0.001,1e-05,0.3,8,resize_cube128_hu_m600_1500
2,VALIDATION,0.7,0.7272727272727273,0.8888888888888888,0.5454545454545454,0.6963106238227913,4,0.001,1e-05,0.3,8,resize_cube128_hu_m600_1500
2,TEST,0.52,0.45454545454545453,0.4166666666666667,0.6153846153846154,0.5063696835418333,4,0.001,1e-05,0.3,8,resize_cube128_hu_m600_1500
3,VALIDATION,0.7,0.7,0.7777777777777778,0.6363636363636364,0.7035264706814485,4,0.001,1e-05,0.3,8,resize_cube128_hu_m600_1500
3,TEST,0.64,0.5714285714285714,0.5,0.7692307692307693,0.6201736729460423,4,0.001,1e-05,0.3,8,resize_cube128_hu_m600_1500
4,VALIDATION,0.5,0.5454545454545454,0.6666666666666666,0.36363636363636365,0.49236596391733095,4,0.001,1e-05,0.3,8,resize_cube128_hu_m600_1500
4,TEST,0.56,0.6206896551724138,0.75,0.38461538461538464,0.5370861555295747,4,0.001,1e-05,0.3,8,resize_cube128_hu_m600_1500
5,VALIDATION,0.65,0.6956521739130435,0.8,0.5,0.6324555320336759,4,0.001,1e-05,0.3,8,resize_cube128_hu_m600_1500
5,TEST,0.68,0.6666666666666666,0.7272727272727273,0.6428571428571429,0.6837634587578277,4,0.001,1e-05,0.3,8,resize_cube128_hu_m600_1500
MEAN,VALIDATION,0.67,0.6936758893280632,0.8044444444444444,0.5545454545454546,0.6657377685325232,4,0.001,8
MEAN,TEST,0.624,0.6066660695626213,0.6287878787878789,0.6208791208791209,0.613593932579634,4,0.001,8
1,VALIDATION,0.8,0.8,0.8888888888888888,0.7272727272727273,0.8040302522073697,4,0.001,1e-05,0.5,8,resize_cube128_hu_m600_1500
1,TEST,0.68,0.7142857142857143,0.8333333333333334,0.5384615384615384,0.6698641270570836,4,0.001,1e-05,0.5,8,resize_cube128_hu_m600_1500
2,VALIDATION,0.65,0.631578947368421,0.6666666666666666,0.6363636363636364,0.6513389472789296,4,0.001,1e-05,0.5,8,resize_cube128_hu_m600_1500
2,TEST,0.56,0.42105263157894735,0.3333333333333333,0.7692307692307693,0.5063696835418333,4,0.001,1e-05,0.5,8,resize_cube128_hu_m600_1500
3,VALIDATION,0.75,0.7619047619047619,0.8888888888888888,0.6363636363636364,0.7521014330903549,4,0.001,1e-05,0.5,8,resize_cube128_hu_m600_1500
3,TEST,0.68,0.6923076923076923,0.75,0.6153846153846154,0.6793662204867574,4,0.001,1e-05,0.5,8,resize_cube128_hu_m600_1500
4,VALIDATION,0.6,0.6363636363636364,0.7777777777777778,0.45454545454545453,0.5945883900105632,4,0.001,1e-05,0.5,8,resize_cube128_hu_m600_1500
4,TEST,0.48,0.6060606060606061,0.8333333333333334,0.15384615384615385,0.3580574370197165,4,0.001,1e-05,0.5,8,resize_cube128_hu_m600_1500
5,VALIDATION,0.75,0.7368421052631579,0.7,0.8,0.7483314773547882,4,0.001,1e-05,0.5,8,resize_cube128_hu_m600_1500
5,TEST,0.6,0.5,0.45454545454545453,0.7142857142857143,0.5698028822981898,4,0.001,1e-05,0.5,8,resize_cube128_hu_m600_1500
MEAN,VALIDATION,0.7100000000000001,0.7133378901799954,0.7844444444444443,0.650909090909091,0.7100780999884011,4,0.001,8
MEAN,TEST,0.6000000000000001,0.586741328846592,0.6409090909090909,0.5582417582417583,0.5566920700807161,4,0.001,8
1,VALIDATION,0.65,0.6956521739130435,0.8888888888888888,0.45454545454545453,0.6356417261637282,8,0.001,0,0,8,resize_cube128_hu_m600_1500
1,TEST,0.52,0.5714285714285714,0.6666666666666666,0.38461538461538464,0.5063696835418333,8,0.001,0,0,8,resize_cube128_hu_m600_1500
2,VALIDATION,0.75,0.7619047619047619,0.8888888888888888,0.6363636363636364,0.7521014330903549,8,0.001,0,0,8,resize_cube128_hu_m600_1500
2,TEST,0.64,0.6086956521739131,0.5833333333333334,0.6923076923076923,0.6354889093022426,8,0.001,0,0,8,resize_cube128_hu_m600_1500
3,VALIDATION,0.7,0.7,0.7777777777777778,0.6363636363636364,0.7035264706814485,8,0.001,0,0,8,resize_cube128_hu_m600_1500
3,TEST,0.68,0.6666666666666666,0.6666666666666666,0.6923076923076923,0.6793662204867574,8,0.001,0,0,8,resize_cube128_hu_m600_1500
4,VALIDATION,0.65,0.6666666666666666,0.7777777777777778,0.5454545454545454,0.6513389472789296,8,0.001,0,0,8,resize_cube128_hu_m600_1500
4,TEST,0.56,0.6206896551724138,0.75,0.38461538461538464,0.5370861555295747,8,0.001,0,0,8,resize_cube128_hu_m600_1500
5,VALIDATION,0.7,0.6666666666666666,0.6,0.8,0.6928203230275509,8,0.001,0,0,8,resize_cube128_hu_m600_1500
5,TEST,0.56,0.35294117647058826,0.2727272727272727,0.7857142857142857,0.4629100498862757,8,0.001,0,0,8,resize_cube128_hu_m600_1500
MEAN,VALIDATION,0.6899999999999998,0.6981780538302276,0.7866666666666666,0.6145454545454545,0.6870857800484025,8,0.001,8
MEAN,TEST,0.5920000000000001,0.5640843443824306,0.5878787878787879,0.5879120879120878,0.5642442037493367,8,0.001,8
1,VALIDATION,0.75,0.782608695652174,1.0,0.5454545454545454,0.7385489458759964,8,0.001,0,0.3,8,resize_cube128_hu_m600_1500
1,TEST,0.64,0.7096774193548387,0.9166666666666666,0.38461538461538464,0.5937710859953544,8,0.001,0,0.3,8,resize_cube128_hu_m600_1500
2,VALIDATION,0.65,0.6666666666666666,0.7777777777777778,0.5454545454545454,0.6513389472789296,8,0.001,0,0.3,8,resize_cube128_hu_m600_1500
2,TEST,0.48,0.48,0.5,0.46153846153846156,0.4803844614152614,8,0.001,0,0.3,8,resize_cube128_hu_m600_1500
3,VALIDATION,0.7,0.7,0.7777777777777778,0.6363636363636364,0.7035264706814485,8,0.001,0,0.3,8,resize_cube128_hu_m600_1500
3,TEST,0.64,0.5714285714285714,0.5,0.7692307692307693,0.6201736729460423,8,0.001,0,0.3,8,resize_cube128_hu_m600_1500
4,VALIDATION,0.45,0.5217391304347826,0.6666666666666666,0.2727272727272727,0.42640143271122083,8,0.001,0,0.3,8,resize_cube128_hu_m600_1500
4,TEST,0.44,0.5333333333333333,0.6666666666666666,0.23076923076923078,0.3922322702763681,8,0.001,0,0.3,8,resize_cube128_hu_m600_1500
5,VALIDATION,0.65,0.6956521739130435,0.8,0.5,0.6324555320336759,8,0.001,0,0.3,8,resize_cube128_hu_m600_1500
5,TEST,0.64,0.6086956521739131,0.6363636363636364,0.6428571428571429,0.6396021490668313,8,0.001,0,0.3,8,resize_cube128_hu_m600_1500
MEAN,VALIDATION,0.6399999999999999,0.6733333333333333,0.8044444444444444,0.5,0.6304542657162543,8,0.001,8
MEAN,TEST,0.5680000000000001,0.5806269952581313,0.6439393939393938,0.4978021978021978,0.5452327279399716,8,0.001,8
1,VALIDATION,0.8,0.8,0.8888888888888888,0.7272727272727273,0.8040302522073697,8,0.001,0,0.5,8,resize_cube128_hu_m600_1500
1,TEST,0.72,0.7586206896551724,0.9166666666666666,0.5384615384615384,0.7025594235292439,8,0.001,0,0.5,8,resize_cube128_hu_m600_1500
2,VALIDATION,0.6,0.6923076923076923,1.0,0.2727272727272727,0.5222329678670935,8,0.001,0,0.5,8,resize_cube128_hu_m600_1500
2,TEST,0.6,0.6666666666666666,0.8333333333333334,0.38461538461538464,0.5661385170722979,8,0.001,0,0.5,8,resize_cube128_hu_m600_1500
3,VALIDATION,0.7,0.7,0.7777777777777778,0.6363636363636364,0.7035264706814485,8,0.001,0,0.5,8,resize_cube128_hu_m600_1500
3,TEST,0.64,0.6086956521739131,0.5833333333333334,0.6923076923076923,0.6354889093022426,8,0.001,0,0.5,8,resize_cube128_hu_m600_1500
4,VALIDATION,0.65,0.631578947368421,0.6666666666666666,0.6363636363636364,0.6513389472789296,8,0.001,0,0.5,8,resize_cube128_hu_m600_1500
4,TEST,0.68,0.7142857142857143,0.8333333333333334,0.5384615384615384,0.6698641270570836,8,0.001,0,0.5,8,resize_cube128_hu_m600_1500
5,VALIDATION,0.7,0.625,0.5,0.9,0.6708203932499369,8,0.001,0,0.5,8,resize_cube128_hu_m600_1500
5,TEST,0.6,0.5454545454545454,0.5454545454545454,0.6428571428571429,0.592156525463792,8,0.001,0,0.5,8,resize_cube128_hu_m600_1500
MEAN,VALIDATION,0.6899999999999998,0.6897773279352227,0.7666666666666666,0.6345454545454545,0.6703898062569557,8,0.001,8
MEAN,TEST,0.648,0.6587446536472024,0.7424242424242424,0.5593406593406594,0.633241500484932,8,0.001,8
1,VALIDATION,0.75,0.7368421052631579,0.7777777777777778,0.7272727272727273,0.7521014330903549,8,0.001,1e-05,0,8,resize_cube128_hu_m600_1500
1,TEST,0.64,0.64,0.6666666666666666,0.6153846153846154,0.6405126152203485,8,0.001,1e-05,0,8,resize_cube128_hu_m600_1500
2,VALIDATION,0.65,0.72,1.0,0.36363636363636365,0.6030226891555273,8,0.001,1e-05,0,8,resize_cube128_hu_m600_1500
2,TEST,0.6,0.6428571428571429,0.75,0.46153846153846156,0.5883484054145521,8,0.001,1e-05,0,8,resize_cube128_hu_m600_1500
3,VALIDATION,0.8,0.75,0.6666666666666666,0.9090909090909091,0.7784989441615229,8,0.001,1e-05,0,8,resize_cube128_hu_m600_1500
3,TEST,0.64,0.5263157894736842,0.4166666666666667,0.8461538461538461,0.5937710859953544,8,0.001,1e-05,0,8,resize_cube128_hu_m600_1500
4,VALIDATION,0.65,0.5882352941176471,0.5555555555555556,0.7272727272727273,0.6356417261637283,8,0.001,1e-05,0,8,resize_cube128_hu_m600_1500
4,TEST,0.6,0.6153846153846154,0.6666666666666666,0.5384615384615384,0.599144689515278,8,0.001,1e-05,0,8,resize_cube128_hu_m600_1500
5,VALIDATION,0.7,0.7,0.7,0.7,0.7,8,0.001,1e-05,0,8,resize_cube128_hu_m600_1500
5,TEST,0.68,0.6363636363636364,0.6363636363636364,0.7142857142857143,0.674199862463242,8,0.001,1e-05,0,8,resize_cube128_hu_m600_1500
MEAN,VALIDATION,0.71,0.699015479876161,0.74,0.6854545454545455,0.6938529585142266,8,0.001,8
MEAN,TEST,0.632,0.6121842368158157,0.6272727272727272,0.6351648351648352,0.619195331721755,8,0.001,8
1,VALIDATION,0.8,0.8,0.8888888888888888,0.7272727272727273,0.8040302522073697,8,0.001,1e-05,0.3,8,resize_cube128_hu_m600_1500
1,TEST,0.68,0.7142857142857143,0.8333333333333334,0.5384615384615384,0.6698641270570836,8,0.001,1e-05,0.3,8,resize_cube128_hu_m600_1500
2,VALIDATION,0.65,0.72,1.0,0.36363636363636365,0.6030226891555273,8,0.001,1e-05,0.3,8,resize_cube128_hu_m600_1500
2,TEST,0.6,0.6428571428571429,0.75,0.46153846153846156,0.5883484054145521,8,0.001,1e-05,0.3,8,resize_cube128_hu_m600_1500
3,VALIDATION,0.75,0.782608695652174,1.0,0.5454545454545454,0.7385489458759964,8,0.001,1e-05,0.3,8,resize_cube128_hu_m600_1500
3,TEST,0.84,0.8571428571428571,1.0,0.6923076923076923,0.8320502943378437,8,0.001,1e-05,0.3,8,resize_cube128_hu_m600_1500
4,VALIDATION,0.45,0.5217391304347826,0.6666666666666666,0.2727272727272727,0.42640143271122083,8,0.001,1e-05,0.3,8,resize_cube128_hu_m600_1500
4,TEST,0.52,0.5714285714285714,0.6666666666666666,0.38461538461538464,0.5063696835418333,8,0.001,1e-05,0.3,8,resize_cube128_hu_m600_1500
5,VALIDATION,0.7,0.6666666666666666,0.6,0.8,0.6928203230275509,8,0.001,1e-05,0.3,8,resize_cube128_hu_m600_1500
5,TEST,0.36,0.38461538461538464,0.45454545454545453,0.2857142857142857,0.3603749850782236,8,0.001,1e-05,0.3,8,resize_cube128_hu_m600_1500
MEAN,VALIDATION,0.6700000000000002,0.6982028985507246,0.831111111111111,0.5418181818181818,0.6529647285955329,8,0.001,8
MEAN,TEST,0.6,0.634065934065934,0.740909090909091,0.4725274725274725,0.5914014990859073,8,0.001,8
1,VALIDATION,0.85,0.8421052631578947,0.8888888888888888,0.8181818181818182,0.8528028654224418,8,0.001,1e-05,0.5,8,resize_cube128_hu_m600_1500
1,TEST,0.72,0.72,0.75,0.6923076923076923,0.7205766921228921,8,0.001,1e-05,0.5,8,resize_cube128_hu_m600_1500
2,VALIDATION,0.65,0.6956521739130435,0.8888888888888888,0.45454545454545453,0.6356417261637282,8,0.001,1e-05,0.5,8,resize_cube128_hu_m600_1500
2,TEST,0.48,0.43478260869565216,0.4166666666666667,0.5384615384615384,0.47366546671567095,8,0.001,1e-05,0.5,8,resize_cube128_hu_m600_1500
3,VALIDATION,0.7,0.7,0.7777777777777778,0.6363636363636364,0.7035264706814485,8,0.001,1e-05,0.5,8,resize_cube128_hu_m600_1500
3,TEST,0.68,0.6666666666666666,0.6666666666666666,0.6923076923076923,0.6793662204867574,8,0.001,1e-05,0.5,8,resize_cube128_hu_m600_1500
4,VALIDATION,0.5,0.5833333333333334,0.7777777777777778,0.2727272727272727,0.4605661864718383,8,0.001,1e-05,0.5,8,resize_cube128_hu_m600_1500
4,TEST,0.56,0.6666666666666666,0.9166666666666666,0.23076923076923078,0.45993310550389993,8,0.001,1e-05,0.5,8,resize_cube128_hu_m600_1500
5,VALIDATION,0.7,0.7,0.7,0.7,0.7,8,0.001,1e-05,0.5,8,resize_cube128_hu_m600_1500
5,TEST,0.64,0.5714285714285714,0.5454545454545454,0.7142857142857143,0.6241877839323592,8,0.001,1e-05,0.5,8,resize_cube128_hu_m600_1500
MEAN,VALIDATION,0.68,0.7042181540808542,0.8066666666666666,0.5763636363636364,0.6705074497478913,8,0.001,8
MEAN,TEST,0.616,0.6119089026915112,0.6590909090909091,0.5736263736263736,0.5915458537523158,8,0.001,8
1,VALIDATION,0.75,0.6666666666666666,0.5555555555555556,0.9090909090909091,0.7106690545187014,16,0.001,0,0,8,resize_cube128_hu_m600_1500
1,TEST,0.6,0.4444444444444444,0.3333333333333333,0.8461538461538461,0.5310850045437944,16,0.001,0,0,8,resize_cube128_hu_m600_1500
2,VALIDATION,0.7,0.7272727272727273,0.8888888888888888,0.5454545454545454,0.6963106238227913,16,0.001,0,0,8,resize_cube128_hu_m600_1500
2,TEST,0.6,0.6428571428571429,0.75,0.46153846153846156,0.5883484054145521,16,0.001,0,0,8,resize_cube128_hu_m600_1500
3,VALIDATION,0.65,0.6666666666666666,0.7777777777777778,0.5454545454545454,0.6513389472789296,16,0.001,0,0,8,resize_cube128_hu_m600_1500
3,TEST,0.64,0.6896551724137931,0.8333333333333334,0.46153846153846156,0.6201736729460423,16,0.001,0,0,8,resize_cube128_hu_m600_1500
4,VALIDATION,0.6,0.5,0.4444444444444444,0.7272727272727273,0.5685352436149611,16,0.001,0,0,8,resize_cube128_hu_m600_1500
4,TEST,0.68,0.5555555555555556,0.4166666666666667,0.9230769230769231,0.6201736729460423,16,0.001,0,0,8,resize_cube128_hu_m600_1500
5,VALIDATION,0.7,0.5714285714285714,0.4,1.0,0.6324555320336759,16,0.001,0,0,8,resize_cube128_hu_m600_1500
5,TEST,0.6,0.2857142857142857,0.18181818181818182,0.9285714285714286,0.4108907018066591,16,0.001,0,0,8,resize_cube128_hu_m600_1500
MEAN,VALIDATION,0.68,0.6264069264069263,0.6133333333333334,0.7454545454545455,0.651861880253812,16,0.001,8
MEAN,TEST,0.624,0.5236453201970444,0.5030303030303029,0.7241758241758243,0.554134291531418,16,0.001,8
1,VALIDATION,0.8,0.8,0.8888888888888888,0.7272727272727273,0.8040302522073697,16,0.001,0,0.3,8,resize_cube128_hu_m600_1500
1,TEST,0.76,0.7857142857142857,0.9166666666666666,0.6153846153846154,0.7510676161988108,16,0.001,0,0.3,8,resize_cube128_hu_m600_1500
2,VALIDATION,0.65,0.6956521739130435,0.8888888888888888,0.45454545454545453,0.6356417261637282,16,0.001,0,0.3,8,resize_cube128_hu_m600_1500
2,TEST,0.56,0.5217391304347826,0.5,0.6153846153846154,0.5547001962252291,16,0.001,0,0.3,8,resize_cube128_hu_m600_1500
3,VALIDATION,0.75,0.7619047619047619,0.8888888888888888,0.6363636363636364,0.7521014330903549,16,0.001,0,0.3,8,resize_cube128_hu_m600_1500
3,TEST,0.56,0.56,0.5833333333333334,0.5384615384615384,0.560448538317805,16,0.001,0,0.3,8,resize_cube128_hu_m600_1500
4,VALIDATION,0.5,0.5454545454545454,0.6666666666666666,0.36363636363636365,0.49236596391733095,16,0.001,0,0.3,8,resize_cube128_hu_m600_1500
4,TEST,0.52,0.625,0.8333333333333334,0.23076923076923078,0.4385290096535146,16,0.001,0,0.3,8,resize_cube128_hu_m600_1500
5,VALIDATION,0.75,0.7368421052631579,0.7,0.8,0.7483314773547882,16,0.001,0,0.3,8,resize_cube128_hu_m600_1500
5,TEST,0.6,0.5,0.45454545454545453,0.7142857142857143,0.5698028822981898,16,0.001,0,0.3,8,resize_cube128_hu_m600_1500
MEAN,VALIDATION,0.6900000000000001,0.7079707173071018,0.8066666666666666,0.5963636363636364,0.6864941705467145,16,0.001,8
MEAN,TEST,0.6000000000000001,0.5984906832298137,0.6575757575757576,0.5428571428571429,0.5749096485387098,16,0.001,8
1,VALIDATION,0.75,0.7619047619047619,0.8888888888888888,0.6363636363636364,0.7521014330903549,16,0.001,0,0.5,8,resize_cube128_hu_m600_1500
1,TEST,0.64,0.6896551724137931,0.8333333333333334,0.46153846153846156,0.6201736729460423,16,0.001,0,0.5,8,resize_cube128_hu_m600_1500
2,VALIDATION,0.55,0.47058823529411764,0.4444444444444444,0.6363636363636364,0.5318160234783105,16,0.001,0,0.5,8,resize_cube128_hu_m600_1500
2,TEST,0.48,0.38095238095238093,0.3333333333333333,0.6153846153846154,0.4529108136578383,16,0.001,0,0.5,8,resize_cube128_hu_m600_1500
3,VALIDATION,0.7,0.7,0.7777777777777778,0.6363636363636364,0.7035264706814485,16,0.001,0,0.5,8,resize_cube128_hu_m600_1500
3,TEST,0.64,0.5714285714285714,0.5,0.7692307692307693,0.6201736729460423,16,0.001,0,0.5,8,resize_cube128_hu_m600_1500
4,VALIDATION,0.45,0.5217391304347826,0.6666666666666666,0.2727272727272727,0.42640143271122083,16,0.001,0,0.5,8,resize_cube128_hu_m600_1500
4,TEST,0.44,0.5333333333333333,0.6666666666666666,0.23076923076923078,0.3922322702763681,16,0.001,0,0.5,8,resize_cube128_hu_m600_1500
5,VALIDATION,0.7,0.7,0.7,0.7,0.7,16,0.001,0,0.5,8,resize_cube128_hu_m600_1500
5,TEST,0.64,0.5714285714285714,0.5454545454545454,0.7142857142857143,0.6241877839323592,16,0.001,0,0.5,8,resize_cube128_hu_m600_1500
MEAN,VALIDATION,0.6300000000000001,0.6308464255267324,0.6955555555555556,0.5763636363636364,0.6227690719922669,16,0.001,8
MEAN,TEST,0.5680000000000001,0.5493596059113302,0.5757575757575758,0.5582417582417583,0.54193564275173,16,0.001,8
1,VALIDATION,0.7,0.7272727272727273,0.8888888888888888,0.5454545454545454,0.6963106238227913,16,0.001,1e-05,0,8,resize_cube128_hu_m600_1500
1,TEST,0.48,0.43478260869565216,0.4166666666666667,0.5384615384615384,0.47366546671567095,16,0.001,1e-05,0,8,resize_cube128_hu_m600_1500
2,VALIDATION,0.65,0.5333333333333333,0.4444444444444444,0.8181818181818182,0.6030226891555273,16,0.001,1e-05,0,8,resize_cube128_hu_m600_1500
2,TEST,0.48,0.23529411764705882,0.16666666666666666,0.7692307692307693,0.35805743701971643,16,0.001,1e-05,0,8,resize_cube128_hu_m600_1500
3,VALIDATION,0.8,0.75,0.6666666666666666,0.9090909090909091,0.7784989441615229,16,0.001,1e-05,0,8,resize_cube128_hu_m600_1500
3,TEST,0.6,0.5,0.4166666666666667,0.7692307692307693,0.5661385170722979,16,0.001,1e-05,0,8,resize_cube128_hu_m600_1500
4,VALIDATION,0.6,0.6,0.6666666666666666,0.5454545454545454,0.6030226891555273,16,0.001,1e-05,0,8,resize_cube128_hu_m600_1500
4,TEST,0.48,0.48,0.5,0.46153846153846156,0.4803844614152614,16,0.001,1e-05,0,8,resize_cube128_hu_m600_1500
5,VALIDATION,0.65,0.6666666666666666,0.7,0.6,0.648074069840786,16,0.001,1e-05,0,8,resize_cube128_hu_m600_1500
5,TEST,0.6,0.6153846153846154,0.7272727272727273,0.5,0.6030226891555273,16,0.001,1e-05,0,8,resize_cube128_hu_m600_1500
MEAN,VALIDATION,0.68,0.6554545454545455,0.6733333333333332,0.6836363636363637,0.665785803227231,16,0.001,8
MEAN,TEST,0.528,0.45309226834546534,0.4454545454545455,0.6076923076923078,0.49625371427569487,16,0.001,8
1,VALIDATION,0.75,0.7368421052631579,0.7777777777777778,0.7272727272727273,0.7521014330903549,16,0.001,1e-05,0.3,8,resize_cube128_hu_m600_1500
1,TEST,0.72,0.7407407407407407,0.8333333333333334,0.6153846153846154,0.716114874039433,16,0.001,1e-05,0.3,8,resize_cube128_hu_m600_1500
2,VALIDATION,0.65,0.631578947368421,0.6666666666666666,0.6363636363636364,0.6513389472789296,16,0.001,1e-05,0.3,8,resize_cube128_hu_m600_1500
2,TEST,0.48,0.43478260869565216,0.4166666666666667,0.5384615384615384,0.47366546671567095,16,0.001,1e-05,0.3,8,resize_cube128_hu_m600_1500
3,VALIDATION,0.8,0.8181818181818182,1.0,0.6363636363636364,0.7977240352174656,16,0.001,1e-05,0.3,8,resize_cube128_hu_m600_1500
3,TEST,0.8,0.8275862068965517,1.0,0.6153846153846154,0.7844645405527362,16,0.001,1e-05,0.3,8,resize_cube128_hu_m600_1500
4,VALIDATION,0.6,0.3333333333333333,0.2222222222222222,0.9090909090909091,0.4494665749754947,16,0.001,1e-05,0.3,8,resize_cube128_hu_m600_1500
4,TEST,0.52,0.0,0.0,1.0,0.0,16,0.001,1e-05,0.3,8,resize_cube128_hu_m600_1500
5,VALIDATION,0.75,0.7368421052631579,0.7,0.8,0.7483314773547882,16,0.001,1e-05,0.3,8,resize_cube128_hu_m600_1500
5,TEST,0.52,0.4,0.36363636363636365,0.6428571428571429,0.4834937784152282,16,0.001,1e-05,0.3,8,resize_cube128_hu_m600_1500
MEAN,VALIDATION,0.7100000000000001,0.6513556618819777,0.6733333333333335,0.7418181818181818,0.6797924935834067,16,0.001,8
MEAN,TEST,0.608,0.4806219112665889,0.5227272727272727,0.6824175824175824,0.49154773194461365,16,0.001,8
1,VALIDATION,0.8,0.8,0.8888888888888888,0.7272727272727273,0.8040302522073697,16,0.001,1e-05,0.5,8,resize_cube128_hu_m600_1500
1,TEST,0.72,0.7586206896551724,0.9166666666666666,0.5384615384615384,0.7025594235292439,16,0.001,1e-05,0.5,8,resize_cube128_hu_m600_1500
2,VALIDATION,0.5,0.5454545454545454,0.6666666666666666,0.36363636363636365,0.49236596391733095,16,0.001,1e-05,0.5,8,resize_cube128_hu_m600_1500
2,TEST,0.48,0.48,0.5,0.46153846153846156,0.4803844614152614,16,0.001,1e-05,0.5,8,resize_cube128_hu_m600_1500
3,VALIDATION,0.7,0.7,0.7777777777777778,0.6363636363636364,0.7035264706814485,16,0.001,1e-05,0.5,8,resize_cube128_hu_m600_1500
3,TEST,0.64,0.5714285714285714,0.5,0.7692307692307693,0.6201736729460423,16,0.001,1e-05,0.5,8,resize_cube128_hu_m600_1500
4,VALIDATION,0.5,0.5833333333333334,0.7777777777777778,0.2727272727272727,0.4605661864718383,16,0.001,1e-05,0.5,8,resize_cube128_hu_m600_1500
4,TEST,0.6,0.5833333333333334,0.5833333333333334,0.6153846153846154,0.5991446895152781,16,0.001,1e-05,0.5,8,resize_cube128_hu_m600_1500
5,VALIDATION,0.7,0.75,0.9,0.5,0.6708203932499369,16,0.001,1e-05,0.5,8,resize_cube128_hu_m600_1500
5,TEST,0.64,0.6666666666666666,0.8181818181818182,0.5,0.6396021490668313,16,0.001,1e-05,0.5,8,resize_cube128_hu_m600_1500
MEAN,VALIDATION,0.64,0.6757575757575758,0.8022222222222222,0.5,0.6262618533055849,16,0.001,8
MEAN,TEST,0.616,0.6120098522167488,0.6636363636363637,0.5769230769230769,0.6083728792945314,16,0.001,8
1,VALIDATION,0.7,0.6666666666666666,0.6666666666666666,0.7272727272727273,0.6963106238227914,32,0.001,0,0,8,resize_cube128_hu_m600_1500
1,TEST,0.64,0.5263157894736842,0.4166666666666667,0.8461538461538461,0.5937710859953544,32,0.001,0,0,8,resize_cube128_hu_m600_1500
2,VALIDATION,0.7,0.7272727272727273,0.8888888888888888,0.5454545454545454,0.6963106238227913,32,0.001,0,0,8,resize_cube128_hu_m600_1500
2,TEST,0.68,0.7142857142857143,0.8333333333333334,0.5384615384615384,0.6698641270570836,32,0.001,0,0,8,resize_cube128_hu_m600_1500
3,VALIDATION,0.7,0.7272727272727273,0.8888888888888888,0.5454545454545454,0.6963106238227913,32,0.001,0,0,8,resize_cube128_hu_m600_1500
3,TEST,0.8,0.8275862068965517,1.0,0.6153846153846154,0.7844645405527362,32,0.001,0,0,8,resize_cube128_hu_m600_1500
4,VALIDATION,0.6,0.42857142857142855,0.3333333333333333,0.8181818181818182,0.5222329678670935,32,0.001,0,0,8,resize_cube128_hu_m600_1500
4,TEST,0.48,0.13333333333333333,0.08333333333333333,0.8461538461538461,0.2655425022718972,32,0.001,0,0,8,resize_cube128_hu_m600_1500
5,VALIDATION,0.65,0.5882352941176471,0.5,0.8,0.6324555320336759,32,0.001,0,0,8,resize_cube128_hu_m600_1500
5,TEST,0.6,0.4444444444444444,0.36363636363636365,0.7857142857142857,0.5345224838248488,32,0.001,0,0,8,resize_cube128_hu_m600_1500
MEAN,VALIDATION,0.6699999999999999,0.6276037687802394,0.6555555555555556,0.6872727272727273,0.6487240742738287,32,0.001,8
MEAN,TEST,0.64,0.5291930976867455,0.5393939393939394,0.7263736263736263,0.5696329479403841,32,0.001,8
1,VALIDATION,0.75,0.7619047619047619,0.8888888888888888,0.6363636363636364,0.7521014330903549,32,0.001,0,0.3,8,resize_cube128_hu_m600_1500
1,TEST,0.8,0.8148148148148148,0.9166666666666666,0.6923076923076923,0.7966275068156915,32,0.001,0,0.3,8,resize_cube128_hu_m600_1500
2,VALIDATION,0.65,0.6666666666666666,0.7777777777777778,0.5454545454545454,0.6513389472789296,32,0.001,0,0.3,8,resize_cube128_hu_m600_1500
2,TEST,0.52,0.45454545454545453,0.4166666666666667,0.6153846153846154,0.5063696835418333,32,0.001,0,0.3,8,resize_cube128_hu_m600_1500
3,VALIDATION,0.75,0.7619047619047619,0.8888888888888888,0.6363636363636364,0.7521014330903549,32,0.001,0,0.3,8,resize_cube128_hu_m600_1500
3,TEST,0.64,0.6086956521739131,0.5833333333333334,0.6923076923076923,0.6354889093022426,32,0.001,0,0.3,8,resize_cube128_hu_m600_1500
4,VALIDATION,0.45,0.47619047619047616,0.5555555555555556,0.36363636363636365,0.44946657497549475,32,0.001,0,0.3,8,resize_cube128_hu_m600_1500
4,TEST,0.48,0.5806451612903226,0.75,0.23076923076923078,0.41602514716892186,32,0.001,0,0.3,8,resize_cube128_hu_m600_1500
5,VALIDATION,0.7,0.7272727272727273,0.8,0.6,0.6928203230275509,32,0.001,0,0.3,8,resize_cube128_hu_m600_1500
5,TEST,0.64,0.6086956521739131,0.6363636363636364,0.6428571428571429,0.6396021490668313,32,0.001,0,0.3,8,resize_cube128_hu_m600_1500
MEAN,VALIDATION,0.6599999999999999,0.6787878787878787,0.7822222222222222,0.5563636363636364,0.6595657422925371,32,0.001,8
MEAN,TEST,0.616,0.6134793469996837,0.6606060606060605,0.5747252747252747,0.598822679179104,32,0.001,8
1,VALIDATION,0.65,0.72,1.0,0.36363636363636365,0.6030226891555273,32,0.001,0,0.5,8,resize_cube128_hu_m600_1500
1,TEST,0.52,0.6470588235294118,0.9166666666666666,0.15384615384615385,0.3755338080994054,32,0.001,0,0.5,8,resize_cube128_hu_m600_1500
2,VALIDATION,0.65,0.631578947368421,0.6666666666666666,0.6363636363636364,0.6513389472789296,32,0.001,0,0.5,8,resize_cube128_hu_m600_1500
2,TEST,0.48,0.38095238095238093,0.3333333333333333,0.6153846153846154,0.4529108136578383,32,0.001,0,0.5,8,resize_cube128_hu_m600_1500
3,VALIDATION,0.75,0.7619047619047619,0.8888888888888888,0.6363636363636364,0.7521014330903549,32,0.001,0,0.5,8,resize_cube128_hu_m600_1500
3,TEST,0.76,0.7857142857142857,0.9166666666666666,0.6153846153846154,0.7510676161988108,32,0.001,0,0.5,8,resize_cube128_hu_m600_1500
4,VALIDATION,0.5,0.5833333333333334,0.7777777777777778,0.2727272727272727,0.4605661864718383,32,0.001,0,0.5,8,resize_cube128_hu_m600_1500
4,TEST,0.56,0.6857142857142857,1.0,0.15384615384615385,0.3922322702763681,32,0.001,0,0.5,8,resize_cube128_hu_m600_1500
5,VALIDATION,0.7,0.625,0.5,0.9,0.6708203932499369,32,0.001,0,0.5,8,resize_cube128_hu_m600_1500
5,TEST,0.56,0.42105263157894735,0.36363636363636365,0.7142857142857143,0.5096471914376256,32,0.001,0,0.5,8,resize_cube128_hu_m600_1500
MEAN,VALIDATION,0.65,0.6643634085213033,0.7666666666666666,0.5618181818181818,0.6275699298493175,32,0.001,8
MEAN,TEST,0.5760000000000001,0.5840984814978623,0.706060606060606,0.45054945054945056,0.4962783399340096,32,0.001,8
1,VALIDATION,0.75,0.7619047619047619,0.8888888888888888,0.6363636363636364,0.7521014330903549,32,0.001,1e-05,0,8,resize_cube128_hu_m600_1500
1,TEST,0.44,0.46153846153846156,0.5,0.38461538461538464,0.4385290096535146,32,0.001,1e-05,0,8,resize_cube128_hu_m600_1500
2,VALIDATION,0.7,0.7272727272727273,0.8888888888888888,0.5454545454545454,0.6963106238227913,32,0.001,1e-05,0,8,resize_cube128_hu_m600_1500
2,TEST,0.48,0.43478260869565216,0.4166666666666667,0.5384615384615384,0.47366546671567095,32,0.001,1e-05,0,8,resize_cube128_hu_m600_1500
3,VALIDATION,0.6,0.6363636363636364,0.7777777777777778,0.45454545454545453,0.5945883900105632,32,0.001,1e-05,0,8,resize_cube128_hu_m600_1500
3,TEST,0.48,0.5517241379310345,0.6666666666666666,0.3076923076923077,0.4529108136578383,32,0.001,1e-05,0,8,resize_cube128_hu_m600_1500
4,VALIDATION,0.55,0.5714285714285714,0.6666666666666666,0.45454545454545453,0.5504818825631803,32,0.001,1e-05,0,8,resize_cube128_hu_m600_1500
4,TEST,0.48,0.5517241379310345,0.6666666666666666,0.3076923076923077,0.4529108136578383,32,0.001,1e-05,0,8,resize_cube128_hu_m600_1500
5,VALIDATION,0.75,0.6666666666666666,0.5,1.0,0.7071067811865476,32,0.001,1e-05,0,8,resize_cube128_hu_m600_1500
5,TEST,0.68,0.42857142857142855,0.2727272727272727,1.0,0.5222329678670935,32,0.001,1e-05,0,8,resize_cube128_hu_m600_1500
MEAN,VALIDATION,0.6699999999999999,0.6727272727272727,0.7444444444444444,0.6181818181818182,0.6601178221346874,32,0.001,8
MEAN,TEST,0.512,0.4856681549335223,0.5045454545454545,0.5076923076923077,0.46804981431039117,32,0.001,8
1,VALIDATION,0.75,0.7368421052631579,0.7777777777777778,0.7272727272727273,0.7521014330903549,32,0.001,1e-05,0.3,8,resize_cube128_hu_m600_1500
1,TEST,0.76,0.7692307692307693,0.8333333333333334,0.6923076923076923,0.75955452531275,32,0.001,1e-05,0.3,8,resize_cube128_hu_m600_1500
2,VALIDATION,0.6,0.6363636363636364,0.7777777777777778,0.45454545454545453,0.5945883900105632,32,0.001,1e-05,0.3,8,resize_cube128_hu_m600_1500
2,TEST,0.52,0.5,0.5,0.5384615384615384,0.5188745216627708,32,0.001,1e-05,0.3,8,resize_cube128_hu_m600_1500
3,VALIDATION,0.8,0.8181818181818182,1.0,0.6363636363636364,0.7977240352174656,32,0.001,1e-05,0.3,8,resize_cube128_hu_m600_1500
3,TEST,0.76,0.7857142857142857,0.9166666666666666,0.6153846153846154,0.7510676161988108,32,0.001,1e-05,0.3,8,resize_cube128_hu_m600_1500
4,VALIDATION,0.5,0.5454545454545454,0.6666666666666666,0.36363636363636365,0.49236596391733095,32,0.001,1e-05,0.3,8,resize_cube128_hu_m600_1500
4,TEST,0.4,0.5161290322580645,0.6666666666666666,0.15384615384615385,0.32025630761017426,32,0.001,1e-05,0.3,8,resize_cube128_hu_m600_1500
5,VALIDATION,0.7,0.6666666666666666,0.6,0.8,0.6928203230275509,32,0.001,1e-05,0.3,8,resize_cube128_hu_m600_1500
5,TEST,0.6,0.4444444444444444,0.36363636363636365,0.7857142857142857,0.5345224838248488,32,0.001,1e-05,0.3,8,resize_cube128_hu_m600_1500
MEAN,VALIDATION,0.6700000000000002,0.6807017543859649,0.7644444444444444,0.5963636363636364,0.6659200290526531,32,0.001,8
MEAN,TEST,0.608,0.6031037063295127,0.656060606060606,0.5571428571428572,0.5768550909218708,32,0.001,8
1,VALIDATION,0.7,0.6666666666666666,0.6666666666666666,0.7272727272727273,0.6963106238227914,32,0.001,1e-05,0.5,8,resize_cube128_hu_m600_1500
1,TEST,0.68,0.6666666666666666,0.6666666666666666,0.6923076923076923,0.6793662204867574,32,0.001,1e-05,0.5,8,resize_cube128_hu_m600_1500
2,VALIDATION,0.65,0.72,1.0,0.36363636363636365,0.6030226891555273,32,0.001,1e-05,0.5,8,resize_cube128_hu_m600_1500
2,TEST,0.56,0.6451612903225806,0.8333333333333334,0.3076923076923077,0.5063696835418333,32,0.001,1e-05,0.5,8,resize_cube128_hu_m600_1500
3,VALIDATION,0.7,0.7,0.7777777777777778,0.6363636363636364,0.7035264706814485,32,0.001,1e-05,0.5,8,resize_cube128_hu_m600_1500
3,TEST,0.6,0.5454545454545454,0.5,0.6923076923076923,0.5883484054145521,32,0.001,1e-05,0.5,8,resize_cube128_hu_m600_1500
4,VALIDATION,0.45,0.47619047619047616,0.5555555555555556,0.36363636363636365,0.44946657497549475,32,0.001,1e-05,0.5,8,resize_cube128_hu_m600_1500
4,TEST,0.52,0.5384615384615384,0.5833333333333334,0.46153846153846156,0.5188745216627708,32,0.001,1e-05,0.5,8,resize_cube128_hu_m600_1500
5,VALIDATION,0.7,0.75,0.9,0.5,0.6708203932499369,32,0.001,1e-05,0.5,8,resize_cube128_hu_m600_1500
5,TEST,0.68,0.6923076923076923,0.8181818181818182,0.5714285714285714,0.6837634587578277,32,0.001,1e-05,0.5,8,resize_cube128_hu_m600_1500
MEAN,VALIDATION,0.64,0.6625714285714286,0.78,0.5181818181818182,0.6246293503770398,32,0.001,8
MEAN,TEST,0.6080000000000001,0.6176103466426047,0.6803030303030304,0.5450549450549451,0.5953444579727483,32,0.001,8
1,VALIDATION,0.75,0.7619047619047619,0.8888888888888888,0.6363636363636364,0.7521014330903549,4,0.001,0,0,8,resize_cube128_hu_m300_1400
1,TEST,0.64,0.6896551724137931,0.8333333333333334,0.46153846153846156,0.6201736729460423,4,0.001,0,0,8,resize_cube128_hu_m300_1400
2,VALIDATION,0.65,0.631578947368421,0.6666666666666666,0.6363636363636364,0.6513389472789296,4,0.001,0,0,8,resize_cube128_hu_m300_1400
2,TEST,0.48,0.43478260869565216,0.4166666666666667,0.5384615384615384,0.47366546671567095,4,0.001,0,0,8,resize_cube128_hu_m300_1400
3,VALIDATION,0.75,0.7368421052631579,0.7777777777777778,0.7272727272727273,0.7521014330903549,4,0.001,0,0,8,resize_cube128_hu_m300_1400
3,TEST,0.48,0.5185185185185185,0.5833333333333334,0.38461538461538464,0.47366546671567095,4,0.001,0,0,8,resize_cube128_hu_m300_1400
4,VALIDATION,0.55,0.5263157894736842,0.5555555555555556,0.5454545454545454,0.5504818825631803,4,0.001,0,0,8,resize_cube128_hu_m300_1400
4,TEST,0.48,0.5185185185185185,0.5833333333333334,0.38461538461538464,0.47366546671567095,4,0.001,0,0,8,resize_cube128_hu_m300_1400
5,VALIDATION,0.7,0.7272727272727273,0.8,0.6,0.6928203230275509,4,0.001,0,0,8,resize_cube128_hu_m300_1400
5,TEST,0.6,0.5833333333333334,0.6363636363636364,0.5714285714285714,0.6030226891555273,4,0.001,0,0,8,resize_cube128_hu_m300_1400
MEAN,VALIDATION,0.68,0.6767828662565505,0.7377777777777776,0.6290909090909091,0.6797688038100741,4,0.001,8
MEAN,TEST,0.536,0.5489616302959631,0.6106060606060606,0.4681318681318681,0.5288385524497166,4,0.001,8
1,VALIDATION,0.75,0.7368421052631579,0.7777777777777778,0.7272727272727273,0.7521014330903549,4,0.001,0,0.3,8,resize_cube128_hu_m300_1400
1,TEST,0.72,0.72,0.75,0.6923076923076923,0.7205766921228921,4,0.001,0,0.3,8,resize_cube128_hu_m300_1400
2,VALIDATION,0.65,0.5882352941176471,0.5555555555555556,0.7272727272727273,0.6356417261637283,4,0.001,0,0.3,8,resize_cube128_hu_m300_1400
2,TEST,0.52,0.45454545454545453,0.4166666666666667,0.6153846153846154,0.5063696835418333,4,0.001,0,0.3,8,resize_cube128_hu_m300_1400
3,VALIDATION,0.7,0.7272727272727273,0.8888888888888888,0.5454545454545454,0.6963106238227913,4,0.001,0,0.3,8,resize_cube128_hu_m300_1400
3,TEST,0.8,0.8275862068965517,1.0,0.6153846153846154,0.7844645405527362,4,0.001,0,0.3,8,resize_cube128_hu_m300_1400
4,VALIDATION,0.5,0.5454545454545454,0.6666666666666666,0.36363636363636365,0.49236596391733095,4,0.001,0,0.3,8,resize_cube128_hu_m300_1400
4,TEST,0.4,0.5454545454545454,0.75,0.07692307692307693,0.2401922307076307,4,0.001,0,0.3,8,resize_cube128_hu_m300_1400
5,VALIDATION,0.65,0.6666666666666666,0.7,0.6,0.648074069840786,4,0.001,0,0.3,8,resize_cube128_hu_m300_1400
5,TEST,0.68,0.6363636363636364,0.6363636363636364,0.7142857142857143,0.674199862463242,4,0.001,0,0.3,8,resize_cube128_hu_m300_1400
MEAN,VALIDATION,0.6499999999999999,0.6528942677549489,0.7177777777777777,0.5927272727272728,0.6448987633669983,4,0.001,8
MEAN,TEST,0.624,0.6367899686520376,0.7106060606060607,0.5428571428571429,0.5851606018776668,4,0.001,8
1,VALIDATION,0.75,0.7368421052631579,0.7777777777777778,0.7272727272727273,0.7521014330903549,4,0.001,0,0.5,8,resize_cube128_hu_m300_1400
1,TEST,0.76,0.7692307692307693,0.8333333333333334,0.6923076923076923,0.75955452531275,4,0.001,0,0.5,8,resize_cube128_hu_m300_1400
2,VALIDATION,0.65,0.6666666666666666,0.7777777777777778,0.5454545454545454,0.6513389472789296,4,0.001,0,0.5,8,resize_cube128_hu_m300_1400
2,TEST,0.48,0.43478260869565216,0.4166666666666667,0.5384615384615384,0.47366546671567095,4,0.001,0,0.5,8,resize_cube128_hu_m300_1400
3,VALIDATION,0.75,0.7619047619047619,0.8888888888888888,0.6363636363636364,0.7521014330903549,4,0.001,0,0.5,8,resize_cube128_hu_m300_1400
3,TEST,0.84,0.8571428571428571,1.0,0.6923076923076923,0.8320502943378437,4,0.001,0,0.5,8,resize_cube128_hu_m300_1400
4,VALIDATION,0.55,0.5263157894736842,0.5555555555555556,0.5454545454545454,0.5504818825631803,4,0.001,0,0.5,8,resize_cube128_hu_m300_1400
4,TEST,0.56,0.42105263157894735,0.3333333333333333,0.7692307692307693,0.5063696835418333,4,0.001,0,0.5,8,resize_cube128_hu_m300_1400
5,VALIDATION,0.65,0.6666666666666666,0.7,0.6,0.648074069840786,4,0.001,0,0.5,8,resize_cube128_hu_m300_1400
5,TEST,0.68,0.5555555555555556,0.45454545454545453,0.8571428571428571,0.6241877839323592,4,0.001,0,0.5,8,resize_cube128_hu_m300_1400
MEAN,VALIDATION,0.67,0.6716791979949874,0.74,0.610909090909091,0.6708195531727211,4,0.001,8
MEAN,TEST,0.664,0.6075528844407563,0.6075757575757577,0.7098901098901099,0.6391655507680915,4,0.001,8
1,VALIDATION,0.75,0.782608695652174,1.0,0.5454545454545454,0.7385489458759964,4,0.001,1e-05,0,8,resize_cube128_hu_m300_1400
1,TEST,0.56,0.6666666666666666,0.9166666666666666,0.23076923076923078,0.45993310550389993,4,0.001,1e-05,0,8,resize_cube128_hu_m300_1400
2,VALIDATION,0.6,0.6,0.6666666666666666,0.5454545454545454,0.6030226891555273,4,0.001,1e-05,0,8,resize_cube128_hu_m300_1400
2,TEST,0.36,0.2,0.16666666666666666,0.5384615384615384,0.299572344757639,4,0.001,1e-05,0,8,resize_cube128_hu_m300_1400
3,VALIDATION,0.8,0.7777777777777778,0.7777777777777778,0.8181818181818182,0.7977240352174657,4,0.001,1e-05,0,8,resize_cube128_hu_m300_1400
3,TEST,0.52,0.5,0.5,0.5384615384615384,0.5188745216627708,4,0.001,1e-05,0,8,resize_cube128_hu_m300_1400
4,VALIDATION,0.55,0.5263157894736842,0.5555555555555556,0.5454545454545454,0.5504818825631803,4,0.001,1e-05,0,8,resize_cube128_hu_m300_1400
4,TEST,0.36,0.4666666666666667,0.5833333333333334,0.15384615384615385,0.29957234475763905,4,0.001,1e-05,0,8,resize_cube128_hu_m300_1400
5,VALIDATION,0.7,0.7272727272727273,0.8,0.6,0.6928203230275509,4,0.001,1e-05,0,8,resize_cube128_hu_m300_1400
5,TEST,0.72,0.6666666666666666,0.6363636363636364,0.7857142857142857,0.7071067811865476,4,0.001,1e-05,0,8,resize_cube128_hu_m300_1400
MEAN,VALIDATION,0.68,0.6827949980352725,0.76,0.610909090909091,0.676519575167944,4,0.001,8
MEAN,TEST,0.5039999999999999,0.5,0.5606060606060606,0.44945054945054935,0.4570118195736993,4,0.001,8
1,VALIDATION,0.8,0.8181818181818182,1.0,0.6363636363636364,0.7977240352174656,4,0.001,1e-05,0.3,8,resize_cube128_hu_m300_1400
1,TEST,0.68,0.7142857142857143,0.8333333333333334,0.5384615384615384,0.6698641270570836,4,0.001,1e-05,0.3,8,resize_cube128_hu_m300_1400
2,VALIDATION,0.7,0.7272727272727273,0.8888888888888888,0.5454545454545454,0.6963106238227913,4,0.001,1e-05,0.3,8,resize_cube128_hu_m300_1400
2,TEST,0.44,0.46153846153846156,0.5,0.38461538461538464,0.4385290096535146,4,0.001,1e-05,0.3,8,resize_cube128_hu_m300_1400
3,VALIDATION,0.8,0.7142857142857143,0.5555555555555556,1.0,0.7453559924999299,4,0.001,1e-05,0.3,8,resize_cube128_hu_m300_1400
3,TEST,0.72,0.72,0.75,0.6923076923076923,0.7205766921228921,4,0.001,1e-05,0.3,8,resize_cube128_hu_m300_1400
4,VALIDATION,0.45,0.5217391304347826,0.6666666666666666,0.2727272727272727,0.42640143271122083,4,0.001,1e-05,0.3,8,resize_cube128_hu_m300_1400
4,TEST,0.4,0.5454545454545454,0.75,0.07692307692307693,0.2401922307076307,4,0.001,1e-05,0.3,8,resize_cube128_hu_m300_1400
5,VALIDATION,0.65,0.6956521739130435,0.8,0.5,0.6324555320336759,4,0.001,1e-05,0.3,8,resize_cube128_hu_m300_1400
5,TEST,0.64,0.6086956521739131,0.6363636363636364,0.6428571428571429,0.6396021490668313,4,0.001,1e-05,0.3,8,resize_cube128_hu_m300_1400
MEAN,VALIDATION,0.6799999999999999,0.6954263128176172,0.7822222222222223,0.5909090909090908,0.6596495232570168,4,0.001,8
MEAN,TEST,0.5760000000000001,0.6099948746905268,0.693939393939394,0.46703296703296704,0.5417528417215906,4,0.001,8
1,VALIDATION,0.85,0.8571428571428571,1.0,0.7272727272727273,0.8528028654224418,4,0.001,1e-05,0.5,8,resize_cube128_hu_m300_1400
1,TEST,0.72,0.72,0.75,0.6923076923076923,0.7205766921228921,4,0.001,1e-05,0.5,8,resize_cube128_hu_m300_1400
2,VALIDATION,0.6,0.5555555555555556,0.5555555555555556,0.6363636363636364,0.5945883900105632,4,0.001,1e-05,0.5,8,resize_cube128_hu_m300_1400
2,TEST,0.48,0.43478260869565216,0.4166666666666667,0.5384615384615384,0.47366546671567095,4,0.001,1e-05,0.5,8,resize_cube128_hu_m300_1400
3,VALIDATION,0.75,0.7619047619047619,0.8888888888888888,0.6363636363636364,0.7521014330903549,4,0.001,1e-05,0.5,8,resize_cube128_hu_m300_1400
3,TEST,0.84,0.8571428571428571,1.0,0.6923076923076923,0.8320502943378437,4,0.001,1e-05,0.5,8,resize_cube128_hu_m300_1400
4,VALIDATION,0.55,0.5714285714285714,0.6666666666666666,0.45454545454545453,0.5504818825631803,4,0.001,1e-05,0.5,8,resize_cube128_hu_m300_1400
4,TEST,0.56,0.6206896551724138,0.75,0.38461538461538464,0.5370861555295747,4,0.001,1e-05,0.5,8,resize_cube128_hu_m300_1400
5,VALIDATION,0.65,0.6956521739130435,0.8,0.5,0.6324555320336759,4,0.001,1e-05,0.5,8,resize_cube128_hu_m300_1400
5,TEST,0.68,0.6923076923076923,0.8181818181818182,0.5714285714285714,0.6837634587578277,4,0.001,1e-05,0.5,8,resize_cube128_hu_m300_1400
MEAN,VALIDATION,0.6799999999999999,0.6883367839889579,0.7822222222222223,0.5909090909090909,0.6764860206240433,4,0.001,8
MEAN,TEST,0.656,0.664984562663723,0.7469696969696971,0.5758241758241759,0.6494284134927619,4,0.001,8
1,VALIDATION,0.75,0.7368421052631579,0.7777777777777778,0.7272727272727273,0.7521014330903549,8,0.001,0,0,8,resize_cube128_hu_m300_1400
1,TEST,0.56,0.5217391304347826,0.5,0.6153846153846154,0.5547001962252291,8,0.001,0,0,8,resize_cube128_hu_m300_1400
2,VALIDATION,0.7,0.6666666666666666,0.6666666666666666,0.7272727272727273,0.6963106238227914,8,0.001,0,0,8,resize_cube128_hu_m300_1400
2,TEST,0.36,0.1111111111111111,0.08333333333333333,0.6153846153846154,0.22645540682891915,8,0.001,0,0,8,resize_cube128_hu_m300_1400
3,VALIDATION,0.65,0.6666666666666666,0.7777777777777778,0.5454545454545454,0.6513389472789296,8,0.001,0,0,8,resize_cube128_hu_m300_1400
3,TEST,0.48,0.43478260869565216,0.4166666666666667,0.5384615384615384,0.47366546671567095,8,0.001,0,0,8,resize_cube128_hu_m300_1400
4,VALIDATION,0.55,0.6086956521739131,0.7777777777777778,0.36363636363636365,0.5318160234783105,8,0.001,0,0,8,resize_cube128_hu_m300_1400
4,TEST,0.44,0.5625,0.75,0.15384615384615385,0.3396831102433787,8,0.001,0,0,8,resize_cube128_hu_m300_1400
5,VALIDATION,0.65,0.6666666666666666,0.7,0.6,0.648074069840786,8,0.001,0,0,8,resize_cube128_hu_m300_1400
5,TEST,0.76,0.7,0.6363636363636364,0.8571428571428571,0.7385489458759964,8,0.001,0,0,8,resize_cube128_hu_m300_1400
MEAN,VALIDATION,0.66,0.6691075514874141,0.74,0.5927272727272728,0.6559282195022345,8,0.001,8
MEAN,TEST,0.5199999999999999,0.4660265700483091,0.47727272727272724,0.5560439560439561,0.46661062517783886,8,0.001,8
1,VALIDATION,0.8,0.8181818181818182,1.0,0.6363636363636364,0.7977240352174656,8,0.001,0,0.3,8,resize_cube128_hu_m300_1400
1,TEST,0.64,0.6896551724137931,0.8333333333333334,0.46153846153846156,0.6201736729460423,8,0.001,0,0.3,8,resize_cube128_hu_m300_1400
2,VALIDATION,0.6,0.5555555555555556,0.5555555555555556,0.6363636363636364,0.5945883900105632,8,0.001,0,0.3,8,resize_cube128_hu_m300_1400
2,TEST,0.44,0.36363636363636365,0.3333333333333333,0.5384615384615384,0.4236592728681617,8,0.001,0,0.3,8,resize_cube128_hu_m300_1400
3,VALIDATION,0.65,0.6956521739130435,0.8888888888888888,0.45454545454545453,0.6356417261637282,8,0.001,0,0.3,8,resize_cube128_hu_m300_1400
3,TEST,0.72,0.7586206896551724,0.9166666666666666,0.5384615384615384,0.7025594235292439,8,0.001,0,0.3,8,resize_cube128_hu_m300_1400
4,VALIDATION,0.5,0.5454545454545454,0.6666666666666666,0.36363636363636365,0.49236596391733095,8,0.001,0,0.3,8,resize_cube128_hu_m300_1400
4,TEST,0.4,0.5454545454545454,0.75,0.07692307692307693,0.2401922307076307,8,0.001,0,0.3,8,resize_cube128_hu_m300_1400
5,VALIDATION,0.65,0.6956521739130435,0.8,0.5,0.6324555320336759,8,0.001,0,0.3,8,resize_cube128_hu_m300_1400
5,TEST,0.6,0.5833333333333334,0.6363636363636364,0.5714285714285714,0.6030226891555273,8,0.001,0,0.3,8,resize_cube128_hu_m300_1400
MEAN,VALIDATION,0.6399999999999999,0.6620992534036012,0.7822222222222223,0.5181818181818182,0.6305551294685527,8,0.001,8
MEAN,TEST,0.56,0.5881400208986416,0.693939393939394,0.4373626373626373,0.5179214578413213,8,0.001,8
1,VALIDATION,0.7,0.7272727272727273,0.8888888888888888,0.5454545454545454,0.6963106238227913,8,0.001,0,0.5,8,resize_cube128_hu_m300_1400
1,TEST,0.68,0.6923076923076923,0.75,0.6153846153846154,0.6793662204867574,8,0.001,0,0.5,8,resize_cube128_hu_m300_1400
2,VALIDATION,0.55,0.6666666666666666,1.0,0.18181818181818182,0.4264014327112209,8,0.001,0,0.5,8,resize_cube128_hu_m300_1400
2,TEST,0.56,0.6666666666666666,0.9166666666666666,0.23076923076923078,0.45993310550389993,8,0.001,0,0.5,8,resize_cube128_hu_m300_1400
3,VALIDATION,0.6,0.6666666666666666,0.8888888888888888,0.36363636363636365,0.5685352436149611,8,0.001,0,0.5,8,resize_cube128_hu_m300_1400
3,TEST,0.76,0.8,1.0,0.5384615384615384,0.7337993857053428,8,0.001,0,0.5,8,resize_cube128_hu_m300_1400
4,VALIDATION,0.5,0.375,0.3333333333333333,0.6363636363636364,0.4605661864718383,8,0.001,0,0.5,8,resize_cube128_hu_m300_1400
4,TEST,0.48,0.3157894736842105,0.25,0.6923076923076923,0.41602514716892186,8,0.001,0,0.5,8,resize_cube128_hu_m300_1400
5,VALIDATION,0.6,0.6666666666666666,0.8,0.4,0.5656854249492381,8,0.001,0,0.5,8,resize_cube128_hu_m300_1400
5,TEST,0.6,0.6428571428571429,0.8181818181818182,0.42857142857142855,0.592156525463792,8,0.001,0,0.5,8,resize_cube128_hu_m300_1400
MEAN,VALIDATION,0.5900000000000001,0.6204545454545454,0.7822222222222223,0.4254545454545454,0.54349978231401,8,0.001,8
MEAN,TEST,0.616,0.6235241951031425,0.746969696969697,0.501098901098901,0.5762560768657428,8,0.001,8
1,VALIDATION,0.65,0.5882352941176471,0.5555555555555556,0.7272727272727273,0.6356417261637283,8,0.001,1e-05,0,8,resize_cube128_hu_m300_1400
1,TEST,0.6,0.4444444444444444,0.3333333333333333,0.8461538461538461,0.5310850045437944,8,0.001,1e-05,0,8,resize_cube128_hu_m300_1400
2,VALIDATION,0.65,0.72,1.0,0.36363636363636365,0.6030226891555273,8,0.001,1e-05,0,8,resize_cube128_hu_m300_1400
2,TEST,0.64,0.6896551724137931,0.8333333333333334,0.46153846153846156,0.6201736729460423,8,0.001,1e-05,0,8,resize_cube128_hu_m300_1400
3,VALIDATION,0.75,0.7058823529411765,0.6666666666666666,0.8181818181818182,0.7385489458759964,8,0.001,1e-05,0,8,resize_cube128_hu_m300_1400
3,TEST,0.48,0.48,0.5,0.46153846153846156,0.4803844614152614,8,0.001,1e-05,0,8,resize_cube128_hu_m300_1400
4,VALIDATION,0.55,0.5263157894736842,0.5555555555555556,0.5454545454545454,0.5504818825631803,8,0.001,1e-05,0,8,resize_cube128_hu_m300_1400
4,TEST,0.52,0.5,0.5,0.5384615384615384,0.5188745216627708,8,0.001,1e-05,0,8,resize_cube128_hu_m300_1400
5,VALIDATION,0.7,0.7272727272727273,0.8,0.6,0.6928203230275509,8,0.001,1e-05,0,8,resize_cube128_hu_m300_1400
5,TEST,0.64,0.6086956521739131,0.6363636363636364,0.6428571428571429,0.6396021490668313,8,0.001,1e-05,0,8,resize_cube128_hu_m300_1400
MEAN,VALIDATION,0.6599999999999999,0.6535412327610469,0.7155555555555555,0.610909090909091,0.6441031133571966,8,0.001,8
MEAN,TEST,0.5760000000000001,0.5445590538064302,0.5606060606060607,0.59010989010989,0.55802396192694,8,0.001,8
1,VALIDATION,0.75,0.7368421052631579,0.7777777777777778,0.7272727272727273,0.7521014330903549,8,0.001,1e-05,0.3,8,resize_cube128_hu_m300_1400
1,TEST,0.76,0.7692307692307693,0.8333333333333334,0.6923076923076923,0.75955452531275,8,0.001,1e-05,0.3,8,resize_cube128_hu_m300_1400
2,VALIDATION,0.6,0.6923076923076923,1.0,0.2727272727272727,0.5222329678670935,8,0.001,1e-05,0.3,8,resize_cube128_hu_m300_1400
2,TEST,0.52,0.5714285714285714,0.6666666666666666,0.38461538461538464,0.5063696835418333,8,0.001,1e-05,0.3,8,resize_cube128_hu_m300_1400
3,VALIDATION,0.6,0.6,0.6666666666666666,0.5454545454545454,0.6030226891555273,8,0.001,1e-05,0.3,8,resize_cube128_hu_m300_1400
3,TEST,0.6,0.6666666666666666,0.8333333333333334,0.38461538461538464,0.5661385170722979,8,0.001,1e-05,0.3,8,resize_cube128_hu_m300_1400
4,VALIDATION,0.5,0.5454545454545454,0.6666666666666666,0.36363636363636365,0.49236596391733095,8,0.001,1e-05,0.3,8,resize_cube128_hu_m300_1400
4,TEST,0.48,0.5806451612903226,0.75,0.23076923076923078,0.41602514716892186,8,0.001,1e-05,0.3,8,resize_cube128_hu_m300_1400
5,VALIDATION,0.6,0.6666666666666666,0.8,0.4,0.5656854249492381,8,0.001,1e-05,0.3,8,resize_cube128_hu_m300_1400
5,TEST,0.6,0.6153846153846154,0.7272727272727273,0.5,0.6030226891555273,8,0.001,1e-05,0.3,8,resize_cube128_hu_m300_1400
MEAN,VALIDATION,0.6100000000000001,0.6482542019384124,0.7822222222222222,0.4618181818181818,0.587081695795909,8,0.001,8
MEAN,TEST,0.592,0.640671156800189,0.7621212121212121,0.4384615384615385,0.570222112450266,8,0.001,8
1,VALIDATION,0.75,0.782608695652174,1.0,0.5454545454545454,0.7385489458759964,8,0.001,1e-05,0.5,8,resize_cube128_hu_m300_1400
1,TEST,0.72,0.7407407407407407,0.8333333333333334,0.6153846153846154,0.716114874039433,8,0.001,1e-05,0.5,8,resize_cube128_hu_m300_1400
2,VALIDATION,0.55,0.64,0.8888888888888888,0.2727272727272727,0.4923659639173309,8,0.001,1e-05,0.5,8,resize_cube128_hu_m300_1400
2,TEST,0.52,0.6,0.75,0.3076923076923077,0.4803844614152614,8,0.001,1e-05,0.5,8,resize_cube128_hu_m300_1400
3,VALIDATION,0.55,0.5263157894736842,0.5555555555555556,0.5454545454545454,0.5504818825631803,8,0.001,1e-05,0.5,8,resize_cube128_hu_m300_1400
3,TEST,0.68,0.7333333333333333,0.9166666666666666,0.46153846153846156,0.6504436355879909,8,0.001,1e-05,0.5,8,resize_cube128_hu_m300_1400
4,VALIDATION,0.5,0.5454545454545454,0.6666666666666666,0.36363636363636365,0.49236596391733095,8,0.001,1e-05,0.5,8,resize_cube128_hu_m300_1400
4,TEST,0.6,0.6428571428571429,0.75,0.46153846153846156,0.5883484054145521,8,0.001,1e-05,0.5,8,resize_cube128_hu_m300_1400
5,VALIDATION,0.65,0.6956521739130435,0.8,0.5,0.6324555320336759,8,0.001,1e-05,0.5,8,resize_cube128_hu_m300_1400
5,TEST,0.72,0.72,0.8181818181818182,0.6428571428571429,0.7252406676228423,8,0.001,1e-05,0.5,8,resize_cube128_hu_m300_1400
MEAN,VALIDATION,0.6,0.6380062408986894,0.7822222222222223,0.44545454545454544,0.5812436576615029,8,0.001,8
MEAN,TEST,0.648,0.6873862433862433,0.8136363636363637,0.4978021978021978,0.6321064088160159,8,0.001,8
1,VALIDATION,0.75,0.7368421052631579,0.7777777777777778,0.7272727272727273,0.7521014330903549,16,0.001,0,0,8,resize_cube128_hu_m300_1400
1,TEST,0.6,0.5454545454545454,0.5,0.6923076923076923,0.5883484054145521,16,0.001,0,0,8,resize_cube128_hu_m300_1400
2,VALIDATION,0.6,0.6666666666666666,0.8888888888888888,0.36363636363636365,0.5685352436149611,16,0.001,0,0,8,resize_cube128_hu_m300_1400
2,TEST,0.4,0.4827586206896552,0.5833333333333334,0.23076923076923078,0.36689969285267143,16,0.001,0,0,8,resize_cube128_hu_m300_1400
3,VALIDATION,0.8,0.7777777777777778,0.7777777777777778,0.8181818181818182,0.7977240352174657,16,0.001,0,0,8,resize_cube128_hu_m300_1400
3,TEST,0.52,0.5714285714285714,0.6666666666666666,0.38461538461538464,0.5063696835418333,16,0.001,0,0,8,resize_cube128_hu_m300_1400
4,VALIDATION,0.6,0.6363636363636364,0.7777777777777778,0.45454545454545453,0.5945883900105632,16,0.001,0,0,8,resize_cube128_hu_m300_1400
4,TEST,0.48,0.5185185185185185,0.5833333333333334,0.38461538461538464,0.47366546671567095,16,0.001,0,0,8,resize_cube128_hu_m300_1400
5,VALIDATION,0.8,0.7777777777777778,0.7,0.9,0.7937253933193772,16,0.001,0,0,8,resize_cube128_hu_m300_1400
5,TEST,0.72,0.5882352941176471,0.45454545454545453,0.9285714285714286,0.6496752435470525,16,0.001,0,0,8,resize_cube128_hu_m300_1400
MEAN,VALIDATION,0.7100000000000002,0.7190855927698032,0.7844444444444443,0.6527272727272727,0.7013348990505446,16,0.001,8
MEAN,TEST,0.5439999999999999,0.5412791100417875,0.5575757575757576,0.5241758241758242,0.5169916984143561,16,0.001,8
1,VALIDATION,0.8,0.8181818181818182,1.0,0.6363636363636364,0.7977240352174656,16,0.001,0,0.3,8,resize_cube128_hu_m300_1400
1,TEST,0.68,0.6923076923076923,0.75,0.6153846153846154,0.6793662204867574,16,0.001,0,0.3,8,resize_cube128_hu_m300_1400
2,VALIDATION,0.65,0.631578947368421,0.6666666666666666,0.6363636363636364,0.6513389472789296,16,0.001,0,0.3,8,resize_cube128_hu_m300_1400
2,TEST,0.52,0.45454545454545453,0.4166666666666667,0.6153846153846154,0.5063696835418333,16,0.001,0,0.3,8,resize_cube128_hu_m300_1400
3,VALIDATION,0.7,0.7,0.7777777777777778,0.6363636363636364,0.7035264706814485,16,0.001,0,0.3,8,resize_cube128_hu_m300_1400
3,TEST,0.64,0.6896551724137931,0.8333333333333334,0.46153846153846156,0.6201736729460423,16,0.001,0,0.3,8,resize_cube128_hu_m300_1400
4,VALIDATION,0.45,0.47619047619047616,0.5555555555555556,0.36363636363636365,0.44946657497549475,16,0.001,0,0.3,8,resize_cube128_hu_m300_1400
4,TEST,0.48,0.5185185185185185,0.5833333333333334,0.38461538461538464,0.47366546671567095,16,0.001,0,0.3,8,resize_cube128_hu_m300_1400
5,VALIDATION,0.7,0.7272727272727273,0.8,0.6,0.6928203230275509,16,0.001,0,0.3,8,resize_cube128_hu_m300_1400
5,TEST,0.68,0.6363636363636364,0.6363636363636364,0.7142857142857143,0.674199862463242,16,0.001,0,0.3,8,resize_cube128_hu_m300_1400
MEAN,VALIDATION,0.6600000000000001,0.6706447938026885,0.76,0.5745454545454546,0.6589752702361779,16,0.001,8
MEAN,TEST,0.6000000000000001,0.598278094829819,0.6439393939393939,0.5582417582417583,0.5907549812307092,16,0.001,8
1,VALIDATION,0.65,0.6666666666666666,0.7777777777777778,0.5454545454545454,0.6513389472789296,16,0.001,0,0.5,8,resize_cube128_hu_m300_1400
1,TEST,0.72,0.72,0.75,0.6923076923076923,0.7205766921228921,16,0.001,0,0.5,8,resize_cube128_hu_m300_1400
2,VALIDATION,0.5,0.5833333333333334,0.7777777777777778,0.2727272727272727,0.4605661864718383,16,0.001,0,0.5,8,resize_cube128_hu_m300_1400
2,TEST,0.4,0.4444444444444444,0.5,0.3076923076923077,0.3922322702763681,16,0.001,0,0.5,8,resize_cube128_hu_m300_1400
3,VALIDATION,0.75,0.7368421052631579,0.7777777777777778,0.7272727272727273,0.7521014330903549,16,0.001,0,0.5,8,resize_cube128_hu_m300_1400
3,TEST,0.76,0.7857142857142857,0.9166666666666666,0.6153846153846154,0.7510676161988108,16,0.001,0,0.5,8,resize_cube128_hu_m300_1400
4,VALIDATION,0.45,0.56,0.7777777777777778,0.18181818181818182,0.37605071654517747,16,0.001,0,0.5,8,resize_cube128_hu_m300_1400
4,TEST,0.48,0.6285714285714286,0.9166666666666666,0.07692307692307693,0.2655425022718972,16,0.001,0,0.5,8,resize_cube128_hu_m300_1400
5,VALIDATION,0.7,0.75,0.9,0.5,0.6708203932499369,16,0.001,0,0.5,8,resize_cube128_hu_m300_1400
5,TEST,0.64,0.6666666666666666,0.8181818181818182,0.5,0.6396021490668313,16,0.001,0,0.5,8,resize_cube128_hu_m300_1400
MEAN,VALIDATION,0.61,0.6593684210526316,0.8022222222222222,0.4454545454545455,0.5821755353272475,16,0.001,8
MEAN,TEST,0.6000000000000001,0.649079365079365,0.7803030303030303,0.4384615384615385,0.5538042459873599,16,0.001,8
1,VALIDATION,0.65,0.72,1.0,0.36363636363636365,0.6030226891555273,16,0.001,1e-05,0,8,resize_cube128_hu_m300_1400
1,TEST,0.48,0.5185185185185185,0.5833333333333334,0.38461538461538464,0.47366546671567095,16,0.001,1e-05,0,8,resize_cube128_hu_m300_1400
2,VALIDATION,0.65,0.631578947368421,0.6666666666666666,0.6363636363636364,0.6513389472789296,16,0.001,1e-05,0,8,resize_cube128_hu_m300_1400
2,TEST,0.48,0.38095238095238093,0.3333333333333333,0.6153846153846154,0.4529108136578383,16,0.001,1e-05,0,8,resize_cube128_hu_m300_1400
3,VALIDATION,0.75,0.7619047619047619,0.8888888888888888,0.6363636363636364,0.7521014330903549,16,0.001,1e-05,0,8,resize_cube128_hu_m300_1400
3,TEST,0.56,0.56,0.5833333333333334,0.5384615384615384,0.560448538317805,16,0.001,1e-05,0,8,resize_cube128_hu_m300_1400
4,VALIDATION,0.6,0.6363636363636364,0.7777777777777778,0.45454545454545453,0.5945883900105632,16,0.001,1e-05,0,8,resize_cube128_hu_m300_1400
4,TEST,0.4,0.4444444444444444,0.5,0.3076923076923077,0.3922322702763681,16,0.001,1e-05,0,8,resize_cube128_hu_m300_1400
5,VALIDATION,0.7,0.7,0.7,0.7,0.7,16,0.001,1e-05,0,8,resize_cube128_hu_m300_1400
5,TEST,0.68,0.6,0.5454545454545454,0.7857142857142857,0.6546536707079771,16,0.001,1e-05,0,8,resize_cube128_hu_m300_1400
MEAN,VALIDATION,0.6699999999999999,0.6899694691273638,0.8066666666666666,0.5581818181818182,0.660210291907075,16,0.001,8
MEAN,TEST,0.52,0.5007830687830688,0.509090909090909,0.5263736263736264,0.5067821519351319,16,0.001,8
1,VALIDATION,0.75,0.782608695652174,1.0,0.5454545454545454,0.7385489458759964,16,0.001,1e-05,0.3,8,resize_cube128_hu_m300_1400
1,TEST,0.6,0.6875,0.9166666666666666,0.3076923076923077,0.5310850045437944,16,0.001,1e-05,0.3,8,resize_cube128_hu_m300_1400
2,VALIDATION,0.6,0.6363636363636364,0.7777777777777778,0.45454545454545453,0.5945883900105632,16,0.001,1e-05,0.3,8,resize_cube128_hu_m300_1400
2,TEST,0.56,0.56,0.5833333333333334,0.5384615384615384,0.560448538317805,16,0.001,1e-05,0.3,8,resize_cube128_hu_m300_1400
3,VALIDATION,0.75,0.6666666666666666,0.5555555555555556,0.9090909090909091,0.7106690545187014,16,0.001,1e-05,0.3,8,resize_cube128_hu_m300_1400
3,TEST,0.72,0.7407407407407407,0.8333333333333334,0.6153846153846154,0.716114874039433,16,0.001,1e-05,0.3,8,resize_cube128_hu_m300_1400
4,VALIDATION,0.5,0.5454545454545454,0.6666666666666666,0.36363636363636365,0.49236596391733095,16,0.001,1e-05,0.3,8,resize_cube128_hu_m300_1400
4,TEST,0.48,0.6060606060606061,0.8333333333333334,0.15384615384615385,0.3580574370197165,16,0.001,1e-05,0.3,8,resize_cube128_hu_m300_1400
5,VALIDATION,0.65,0.6956521739130435,0.8,0.5,0.6324555320336759,16,0.001,1e-05,0.3,8,resize_cube128_hu_m300_1400
5,TEST,0.64,0.6086956521739131,0.6363636363636364,0.6428571428571429,0.6396021490668313,16,0.001,1e-05,0.3,8,resize_cube128_hu_m300_1400
MEAN,VALIDATION,0.65,0.6653491436100132,0.76,0.5545454545454546,0.6337255772712536,16,0.001,8
MEAN,TEST,0.6000000000000001,0.640599399795052,0.7606060606060606,0.45164835164835165,0.561061600597516,16,0.001,8
1,VALIDATION,0.75,0.782608695652174,1.0,0.5454545454545454,0.7385489458759964,16,0.001,1e-05,0.5,8,resize_cube128_hu_m300_1400
1,TEST,0.64,0.6896551724137931,0.8333333333333334,0.46153846153846156,0.6201736729460423,16,0.001,1e-05,0.5,8,resize_cube128_hu_m300_1400
2,VALIDATION,0.5,0.6428571428571429,1.0,0.09090909090909091,0.30151134457776363,16,0.001,1e-05,0.5,8,resize_cube128_hu_m300_1400
2,TEST,0.48,0.6285714285714286,0.9166666666666666,0.07692307692307693,0.2655425022718972,16,0.001,1e-05,0.5,8,resize_cube128_hu_m300_1400
3,VALIDATION,0.6,0.6666666666666666,0.8888888888888888,0.36363636363636365,0.5685352436149611,16,0.001,1e-05,0.5,8,resize_cube128_hu_m300_1400
3,TEST,0.76,0.8,1.0,0.5384615384615384,0.7337993857053428,16,0.001,1e-05,0.5,8,resize_cube128_hu_m300_1400
4,VALIDATION,0.4,0.4,0.4444444444444444,0.36363636363636365,0.40201512610368484,16,0.001,1e-05,0.5,8,resize_cube128_hu_m300_1400
4,TEST,0.52,0.5,0.5,0.5384615384615384,0.5188745216627708,16,0.001,1e-05,0.5,8,resize_cube128_hu_m300_1400
5,VALIDATION,0.55,0.6666666666666666,0.9,0.2,0.42426406871192857,16,0.001,1e-05,0.5,8,resize_cube128_hu_m300_1400
5,TEST,0.6,0.6428571428571429,0.8181818181818182,0.42857142857142855,0.592156525463792,16,0.001,1e-05,0.5,8,resize_cube128_hu_m300_1400
MEAN,VALIDATION,0.5599999999999999,0.63175983436853,0.8466666666666667,0.31272727272727274,0.48697494577686695,16,0.001,8
MEAN,TEST,0.6000000000000001,0.6522167487684729,0.8136363636363637,0.4087912087912088,0.5461093216099691,16,0.001,8
1,VALIDATION,0.65,0.631578947368421,0.6666666666666666,0.6363636363636364,0.6513389472789296,32,0.001,0,0,8,resize_cube128_hu_m300_1400
1,TEST,0.6,0.5454545454545454,0.5,0.6923076923076923,0.5883484054145521,32,0.001,0,0,8,resize_cube128_hu_m300_1400
2,VALIDATION,0.8,0.8,0.8888888888888888,0.7272727272727273,0.8040302522073697,32,0.001,0,0,8,resize_cube128_hu_m300_1400
2,TEST,0.6,0.5454545454545454,0.5,0.6923076923076923,0.5883484054145521,32,0.001,0,0,8,resize_cube128_hu_m300_1400
3,VALIDATION,0.7,0.7272727272727273,0.8888888888888888,0.5454545454545454,0.6963106238227913,32,0.001,0,0,8,resize_cube128_hu_m300_1400
3,TEST,0.56,0.5925925925925926,0.6666666666666666,0.46153846153846156,0.5547001962252291,32,0.001,0,0,8,resize_cube128_hu_m300_1400
4,VALIDATION,0.55,0.5263157894736842,0.5555555555555556,0.5454545454545454,0.5504818825631803,32,0.001,0,0,8,resize_cube128_hu_m300_1400
4,TEST,0.52,0.5714285714285714,0.6666666666666666,0.38461538461538464,0.5063696835418333,32,0.001,0,0,8,resize_cube128_hu_m300_1400
5,VALIDATION,0.6,0.5,0.4,0.8,0.5656854249492381,32,0.001,0,0,8,resize_cube128_hu_m300_1400
5,TEST,0.6,0.2857142857142857,0.18181818181818182,0.9285714285714286,0.4108907018066591,32,0.001,0,0,8,resize_cube128_hu_m300_1400
MEAN,VALIDATION,0.66,0.6370334928229665,0.6799999999999999,0.650909090909091,0.6535694261643018,32,0.001,8
MEAN,TEST,0.5760000000000001,0.508128908128908,0.5030303030303029,0.631868131868132,0.5297314784805651,32,0.001,8
1,VALIDATION,0.75,0.7368421052631579,0.7777777777777778,0.7272727272727273,0.7521014330903549,32,0.001,0,0.3,8,resize_cube128_hu_m300_1400
1,TEST,0.6,0.6153846153846154,0.6666666666666666,0.5384615384615384,0.599144689515278,32,0.001,0,0.3,8,resize_cube128_hu_m300_1400
2,VALIDATION,0.6,0.6,0.6666666666666666,0.5454545454545454,0.6030226891555273,32,0.001,0,0.3,8,resize_cube128_hu_m300_1400
2,TEST,0.48,0.43478260869565216,0.4166666666666667,0.5384615384615384,0.47366546671567095,32,0.001,0,0.3,8,resize_cube128_hu_m300_1400
3,VALIDATION,0.75,0.7619047619047619,0.8888888888888888,0.6363636363636364,0.7521014330903549,32,0.001,0,0.3,8,resize_cube128_hu_m300_1400
3,TEST,0.84,0.8571428571428571,1.0,0.6923076923076923,0.8320502943378437,32,0.001,0,0.3,8,resize_cube128_hu_m300_1400
4,VALIDATION,0.45,0.47619047619047616,0.5555555555555556,0.36363636363636365,0.44946657497549475,32,0.001,0,0.3,8,resize_cube128_hu_m300_1400
4,TEST,0.52,0.625,0.8333333333333334,0.23076923076923078,0.4385290096535146,32,0.001,0,0.3,8,resize_cube128_hu_m300_1400
5,VALIDATION,0.65,0.6666666666666666,0.7,0.6,0.648074069840786,32,0.001,0,0.3,8,resize_cube128_hu_m300_1400
5,TEST,0.72,0.6666666666666666,0.6363636363636364,0.7857142857142857,0.7071067811865476,32,0.001,0,0.3,8,resize_cube128_hu_m300_1400
MEAN,VALIDATION,0.64,0.6483208020050125,0.7177777777777777,0.5745454545454546,0.6409532400305036,32,0.001,8
MEAN,TEST,0.632,0.6397953495779583,0.7106060606060606,0.5571428571428572,0.610099248281771,32,0.001,8
1,VALIDATION,0.65,0.72,1.0,0.36363636363636365,0.6030226891555273,32,0.001,0,0.5,8,resize_cube128_hu_m300_1400
1,TEST,0.52,0.6470588235294118,0.9166666666666666,0.15384615384615385,0.3755338080994054,32,0.001,0,0.5,8,resize_cube128_hu_m300_1400
2,VALIDATION,0.6,0.6,0.6666666666666666,0.5454545454545454,0.6030226891555273,32,0.001,0,0.5,8,resize_cube128_hu_m300_1400
2,TEST,0.48,0.48,0.5,0.46153846153846156,0.4803844614152614,32,0.001,0,0.5,8,resize_cube128_hu_m300_1400
3,VALIDATION,0.7,0.625,0.5555555555555556,0.8181818181818182,0.6741998624632421,32,0.001,0,0.5,8,resize_cube128_hu_m300_1400
3,TEST,0.84,0.8461538461538461,0.9166666666666666,0.7692307692307693,0.8397191227596316,32,0.001,0,0.5,8,resize_cube128_hu_m300_1400
4,VALIDATION,0.5,0.5454545454545454,0.6666666666666666,0.36363636363636365,0.49236596391733095,32,0.001,0,0.5,8,resize_cube128_hu_m300_1400
4,TEST,0.52,0.5384615384615384,0.5833333333333334,0.46153846153846156,0.5188745216627708,32,0.001,0,0.5,8,resize_cube128_hu_m300_1400
5,VALIDATION,0.7,0.7272727272727273,0.8,0.6,0.6928203230275509,32,0.001,0,0.5,8,resize_cube128_hu_m300_1400
5,TEST,0.64,0.6086956521739131,0.6363636363636364,0.6428571428571429,0.6396021490668313,32,0.001,0,0.5,8,resize_cube128_hu_m300_1400
MEAN,VALIDATION,0.6300000000000001,0.6435454545454545,0.7377777777777779,0.5381818181818182,0.6130863055438358,32,0.001,8
MEAN,TEST,0.6,0.6240739720637418,0.7106060606060606,0.4978021978021978,0.57082281260078,32,0.001,8
1,VALIDATION,0.7,0.7272727272727273,0.8888888888888888,0.5454545454545454,0.6963106238227913,32,0.001,1e-05,0,8,resize_cube128_hu_m300_1400
1,TEST,0.52,0.5384615384615384,0.5833333333333334,0.46153846153846156,0.5188745216627708,32,0.001,1e-05,0,8,resize_cube128_hu_m300_1400
2,VALIDATION,0.7,0.7,0.7777777777777778,0.6363636363636364,0.7035264706814485,32,0.001,1e-05,0,8,resize_cube128_hu_m300_1400
2,TEST,0.64,0.5263157894736842,0.4166666666666667,0.8461538461538461,0.5937710859953544,32,0.001,1e-05,0,8,resize_cube128_hu_m300_1400
3,VALIDATION,0.75,0.6666666666666666,0.5555555555555556,0.9090909090909091,0.7106690545187014,32,0.001,1e-05,0,8,resize_cube128_hu_m300_1400
3,TEST,0.32,0.19047619047619047,0.16666666666666666,0.46153846153846156,0.2773500981126146,32,0.001,1e-05,0,8,resize_cube128_hu_m300_1400
4,VALIDATION,0.55,0.5714285714285714,0.6666666666666666,0.45454545454545453,0.5504818825631803,32,0.001,1e-05,0,8,resize_cube128_hu_m300_1400
4,TEST,0.52,0.625,0.8333333333333334,0.23076923076923078,0.4385290096535146,32,0.001,1e-05,0,8,resize_cube128_hu_m300_1400
5,VALIDATION,0.65,0.46153846153846156,0.3,1.0,0.5477225575051661,32,0.001,1e-05,0,8,resize_cube128_hu_m300_1400
5,TEST,0.64,0.4,0.2727272727272727,0.9285714285714286,0.5032362797401965,32,0.001,1e-05,0,8,resize_cube128_hu_m300_1400
MEAN,VALIDATION,0.67,0.6253812853812853,0.6377777777777778,0.7090909090909091,0.6417421178182575,32,0.001,8
MEAN,TEST,0.528,0.4560507036822826,0.4545454545454545,0.5857142857142857,0.46635219903289016,32,0.001,8
1,VALIDATION,0.7,0.7,0.7777777777777778,0.6363636363636364,0.7035264706814485,32,0.001,1e-05,0.3,8,resize_cube128_hu_m300_1400
1,TEST,0.76,0.7692307692307693,0.8333333333333334,0.6923076923076923,0.75955452531275,32,0.001,1e-05,0.3,8,resize_cube128_hu_m300_1400
2,VALIDATION,0.65,0.6666666666666666,0.7777777777777778,0.5454545454545454,0.6513389472789296,32,0.001,1e-05,0.3,8,resize_cube128_hu_m300_1400
2,TEST,0.48,0.43478260869565216,0.4166666666666667,0.5384615384615384,0.47366546671567095,32,0.001,1e-05,0.3,8,resize_cube128_hu_m300_1400
3,VALIDATION,0.6,0.5555555555555556,0.5555555555555556,0.6363636363636364,0.5945883900105632,32,0.001,1e-05,0.3,8,resize_cube128_hu_m300_1400
3,TEST,0.72,0.7407407407407407,0.8333333333333334,0.6153846153846154,0.716114874039433,32,0.001,1e-05,0.3,8,resize_cube128_hu_m300_1400
4,VALIDATION,0.4,0.4,0.4444444444444444,0.36363636363636365,0.40201512610368484,32,0.001,1e-05,0.3,8,resize_cube128_hu_m300_1400
4,TEST,0.48,0.48,0.5,0.46153846153846156,0.4803844614152614,32,0.001,1e-05,0.3,8,resize_cube128_hu_m300_1400
5,VALIDATION,0.6,0.6363636363636364,0.7,0.5,0.5916079783099616,32,0.001,1e-05,0.3,8,resize_cube128_hu_m300_1400
5,TEST,0.64,0.64,0.7272727272727273,0.5714285714285714,0.6446583712203042,32,0.001,1e-05,0.3,8,resize_cube128_hu_m300_1400
MEAN,VALIDATION,0.5900000000000001,0.5917171717171718,0.6511111111111111,0.5363636363636364,0.5886153824769176,32,0.001,8
MEAN,TEST,0.616,0.6129508237334325,0.6621212121212121,0.5758241758241759,0.614875539740684,32,0.001,8
1,VALIDATION,0.65,0.6956521739130435,0.8888888888888888,0.45454545454545453,0.6356417261637282,32,0.001,1e-05,0.5,8,resize_cube128_hu_m300_1400
1,TEST,0.68,0.7333333333333333,0.9166666666666666,0.46153846153846156,0.6504436355879909,32,0.001,1e-05,0.5,8,resize_cube128_hu_m300_1400
2,VALIDATION,0.65,0.6956521739130435,0.8888888888888888,0.45454545454545453,0.6356417261637282,32,0.001,1e-05,0.5,8,resize_cube128_hu_m300_1400
2,TEST,0.6,0.6153846153846154,0.6666666666666666,0.5384615384615384,0.599144689515278,32,0.001,1e-05,0.5,8,resize_cube128_hu_m300_1400
3,VALIDATION,0.75,0.7619047619047619,0.8888888888888888,0.6363636363636364,0.7521014330903549,32,0.001,1e-05,0.5,8,resize_cube128_hu_m300_1400
3,TEST,0.84,0.8571428571428571,1.0,0.6923076923076923,0.8320502943378437,32,0.001,1e-05,0.5,8,resize_cube128_hu_m300_1400
4,VALIDATION,0.5,0.5454545454545454,0.6666666666666666,0.36363636363636365,0.49236596391733095,32,0.001,1e-05,0.5,8,resize_cube128_hu_m300_1400
4,TEST,0.4,0.4827586206896552,0.5833333333333334,0.23076923076923078,0.36689969285267143,32,0.001,1e-05,0.5,8,resize_cube128_hu_m300_1400
5,VALIDATION,0.7,0.75,0.9,0.5,0.6708203932499369,32,0.001,1e-05,0.5,8,resize_cube128_hu_m300_1400
5,TEST,0.76,0.75,0.8181818181818182,0.7142857142857143,0.7644707871564383,32,0.001,1e-05,0.5,8,resize_cube128_hu_m300_1400
MEAN,VALIDATION,0.65,0.6897327310370789,0.8466666666666667,0.4818181818181818,0.6373142485170158,32,0.001,8
MEAN,TEST,0.656,0.6877238853100922,0.796969696969697,0.5274725274725275,0.6426018198900445,32,0.001,8
1,VALIDATION,0.5,0.5454545454545454,0.6666666666666666,0.36363636363636365,0.49236596391733095,4,0.001,0,0,9,resize_small_hu_m600_1500_separadas
1,TEST,0.6,0.6428571428571429,0.75,0.46153846153846156,0.5883484054145521,4,0.001,0,0,9,resize_small_hu_m600_1500_separadas
2,VALIDATION,0.8,0.8,0.8888888888888888,0.7272727272727273,0.8040302522073697,4,0.001,0,0,9,resize_small_hu_m600_1500_separadas
2,TEST,0.48,0.38095238095238093,0.3333333333333333,0.6153846153846154,0.4529108136578383,4,0.001,0,0,9,resize_small_hu_m600_1500_separadas
3,VALIDATION,0.8,0.8,0.8888888888888888,0.7272727272727273,0.8040302522073697,4,0.001,0,0,9,resize_small_hu_m600_1500_separadas
3,TEST,0.8,0.8148148148148148,0.9166666666666666,0.6923076923076923,0.7966275068156915,4,0.001,0,0,9,resize_small_hu_m600_1500_separadas
4,VALIDATION,0.65,0.5882352941176471,0.5555555555555556,0.7272727272727273,0.6356417261637283,4,0.001,0,0,9,resize_small_hu_m600_1500_separadas
4,TEST,0.48,0.6060606060606061,0.8333333333333334,0.15384615384615385,0.3580574370197165,4,0.001,0,0,9,resize_small_hu_m600_1500_separadas
5,VALIDATION,0.6,0.6,0.6,0.6,0.6,4,0.001,0,0,9,resize_small_hu_m600_1500_separadas
5,TEST,0.72,0.6956521739130435,0.7272727272727273,0.7142857142857143,0.7207499701564473,4,0.001,0,0,9,resize_small_hu_m600_1500_separadas
MEAN,VALIDATION,0.67,0.6667379679144385,0.72,0.6290909090909091,0.6672136388991599,4,0.001,9
MEAN,TEST,0.616,0.6280674237195976,0.7121212121212122,0.5274725274725276,0.5833388266128491,4,0.001,9
1,VALIDATION,0.55,0.5714285714285714,0.6666666666666666,0.45454545454545453,0.5504818825631803,4,0.001,0,0.3,9,resize_small_hu_m600_1500_separadas
1,TEST,0.68,0.7142857142857143,0.8333333333333334,0.5384615384615384,0.6698641270570836,4,0.001,0,0.3,9,resize_small_hu_m600_1500_separadas
2,VALIDATION,0.8,0.75,0.6666666666666666,0.9090909090909091,0.7784989441615229,4,0.001,0,0.3,9,resize_small_hu_m600_1500_separadas
2,TEST,0.6,0.4444444444444444,0.3333333333333333,0.8461538461538461,0.5310850045437944,4,0.001,0,0.3,9,resize_small_hu_m600_1500_separadas
3,VALIDATION,0.6,0.6666666666666666,0.8888888888888888,0.36363636363636365,0.5685352436149611,4,0.001,0,0.3,9,resize_small_hu_m600_1500_separadas
3,TEST,0.84,0.8571428571428571,1.0,0.6923076923076923,0.8320502943378437,4,0.001,0,0.3,9,resize_small_hu_m600_1500_separadas
4,VALIDATION,0.75,0.7368421052631579,0.7777777777777778,0.7272727272727273,0.7521014330903549,4,0.001,0,0.3,9,resize_small_hu_m600_1500_separadas
4,TEST,0.44,0.5,0.5833333333333334,0.3076923076923077,0.42365927286816174,4,0.001,0,0.3,9,resize_small_hu_m600_1500_separadas
5,VALIDATION,0.65,0.6666666666666666,0.7,0.6,0.648074069840786,4,0.001,0,0.3,9,resize_small_hu_m600_1500_separadas
5,TEST,0.64,0.64,0.7272727272727273,0.5714285714285714,0.6446583712203042,4,0.001,0,0.3,9,resize_small_hu_m600_1500_separadas
MEAN,VALIDATION,0.67,0.6783208020050125,0.74,0.6109090909090908,0.659538314654161,4,0.001,9
MEAN,TEST,0.64,0.6311746031746032,0.6954545454545455,0.5912087912087911,0.6202634140054375,4,0.001,9
1,VALIDATION,0.7,0.5714285714285714,0.4444444444444444,0.9090909090909091,0.6356417261637282,4,0.001,0,0.5,9,resize_small_hu_m600_1500_separadas
1,TEST,0.6,0.4444444444444444,0.3333333333333333,0.8461538461538461,0.5310850045437944,4,0.001,0,0.5,9,resize_small_hu_m600_1500_separadas
2,VALIDATION,0.75,0.7058823529411765,0.6666666666666666,0.8181818181818182,0.7385489458759964,4,0.001,0,0.5,9,resize_small_hu_m600_1500_separadas
2,TEST,0.48,0.23529411764705882,0.16666666666666666,0.7692307692307693,0.35805743701971643,4,0.001,0,0.5,9,resize_small_hu_m600_1500_separadas
3,VALIDATION,0.75,0.7619047619047619,0.8888888888888888,0.6363636363636364,0.7521014330903549,4,0.001,0,0.5,9,resize_small_hu_m600_1500_separadas
3,TEST,0.84,0.8571428571428571,1.0,0.6923076923076923,0.8320502943378437,4,0.001,0,0.5,9,resize_small_hu_m600_1500_separadas
4,VALIDATION,0.8,0.7777777777777778,0.7777777777777778,0.8181818181818182,0.7977240352174657,4,0.001,0,0.5,9,resize_small_hu_m600_1500_separadas
4,TEST,0.44,0.5,0.5833333333333334,0.3076923076923077,0.42365927286816174,4,0.001,0,0.5,9,resize_small_hu_m600_1500_separadas
5,VALIDATION,0.7,0.7,0.7,0.7,0.7,4,0.001,0,0.5,9,resize_small_hu_m600_1500_separadas
5,TEST,0.64,0.64,0.7272727272727273,0.5714285714285714,0.6446583712203042,4,0.001,0,0.5,9,resize_small_hu_m600_1500_separadas
MEAN,VALIDATION,0.74,0.7033986928104575,0.6955555555555556,0.7763636363636364,0.724803228069509,4,0.001,9
MEAN,TEST,0.6,0.5353762838468721,0.5621212121212121,0.6373626373626372,0.557902075997964,4,0.001,9
1,VALIDATION,0.6,0.42857142857142855,0.3333333333333333,0.8181818181818182,0.5222329678670935,4,0.001,1e-05,0,9,resize_small_hu_m600_1500_separadas
1,TEST,0.56,0.35294117647058826,0.25,0.8461538461538461,0.45993310550389993,4,0.001,1e-05,0,9,resize_small_hu_m600_1500_separadas
2,VALIDATION,0.8,0.8,0.8888888888888888,0.7272727272727273,0.8040302522073697,4,0.001,1e-05,0,9,resize_small_hu_m600_1500_separadas
2,TEST,0.52,0.5,0.5,0.5384615384615384,0.5188745216627708,4,0.001,1e-05,0,9,resize_small_hu_m600_1500_separadas
3,VALIDATION,0.7,0.6666666666666666,0.6666666666666666,0.7272727272727273,0.6963106238227914,4,0.001,1e-05,0,9,resize_small_hu_m600_1500_separadas
3,TEST,0.8,0.8148148148148148,0.9166666666666666,0.6923076923076923,0.7966275068156915,4,0.001,1e-05,0,9,resize_small_hu_m600_1500_separadas
4,VALIDATION,0.7,0.7,0.7777777777777778,0.6363636363636364,0.7035264706814485,4,0.001,1e-05,0,9,resize_small_hu_m600_1500_separadas
4,TEST,0.44,0.6111111111111112,0.9166666666666666,0.0,0.0,4,0.001,1e-05,0,9,resize_small_hu_m600_1500_separadas
5,VALIDATION,0.65,0.6666666666666666,0.7,0.6,0.648074069840786,4,0.001,1e-05,0,9,resize_small_hu_m600_1500_separadas
5,TEST,0.6,0.5833333333333334,0.6363636363636364,0.5714285714285714,0.6030226891555273,4,0.001,1e-05,0,9,resize_small_hu_m600_1500_separadas
MEAN,VALIDATION,0.69,0.6523809523809523,0.6733333333333332,0.7018181818181818,0.6748348768838979,4,0.001,9
MEAN,TEST,0.5840000000000001,0.5724400871459696,0.6439393939393938,0.5296703296703296,0.4756915646275779,4,0.001,9
1,VALIDATION,0.75,0.6666666666666666,0.5555555555555556,0.9090909090909091,0.7106690545187014,4,0.001,1e-05,0.3,9,resize_small_hu_m600_1500_separadas
1,TEST,0.6,0.5,0.4166666666666667,0.7692307692307693,0.5661385170722979,4,0.001,1e-05,0.3,9,resize_small_hu_m600_1500_separadas
2,VALIDATION,0.85,0.8421052631578947,0.8888888888888888,0.8181818181818182,0.8528028654224418,4,0.001,1e-05,0.3,9,resize_small_hu_m600_1500_separadas
2,TEST,0.56,0.35294117647058826,0.25,0.8461538461538461,0.45993310550389993,4,0.001,1e-05,0.3,9,resize_small_hu_m600_1500_separadas
3,VALIDATION,0.6,0.6363636363636364,0.7777777777777778,0.45454545454545453,0.5945883900105632,4,0.001,1e-05,0.3,9,resize_small_hu_m600_1500_separadas
3,TEST,0.68,0.6666666666666666,0.6666666666666666,0.6923076923076923,0.6793662204867574,4,0.001,1e-05,0.3,9,resize_small_hu_m600_1500_separadas
4,VALIDATION,0.75,0.7368421052631579,0.7777777777777778,0.7272727272727273,0.7521014330903549,4,0.001,1e-05,0.3,9,resize_small_hu_m600_1500_separadas
4,TEST,0.4,0.5454545454545454,0.75,0.07692307692307693,0.2401922307076307,4,0.001,1e-05,0.3,9,resize_small_hu_m600_1500_separadas
5,VALIDATION,0.7,0.7272727272727273,0.8,0.6,0.6928203230275509,4,0.001,1e-05,0.3,9,resize_small_hu_m600_1500_separadas
5,TEST,0.6,0.6153846153846154,0.7272727272727273,0.5,0.6030226891555273,4,0.001,1e-05,0.3,9,resize_small_hu_m600_1500_separadas
MEAN,VALIDATION,0.7300000000000001,0.7218500797448165,0.76,0.7018181818181819,0.7205964132139224,4,0.001,9
MEAN,TEST,0.5680000000000001,0.5360894007952831,0.5621212121212121,0.5769230769230769,0.5097305525852226,4,0.001,9
1,VALIDATION,0.55,0.5714285714285714,0.6666666666666666,0.45454545454545453,0.5504818825631803,4,0.001,1e-05,0.5,9,resize_small_hu_m600_1500_separadas
1,TEST,0.68,0.7142857142857143,0.8333333333333334,0.5384615384615384,0.6698641270570836,4,0.001,1e-05,0.5,9,resize_small_hu_m600_1500_separadas
2,VALIDATION,0.75,0.7619047619047619,0.8888888888888888,0.6363636363636364,0.7521014330903549,4,0.001,1e-05,0.5,9,resize_small_hu_m600_1500_separadas
2,TEST,0.52,0.5714285714285714,0.6666666666666666,0.38461538461538464,0.5063696835418333,4,0.001,1e-05,0.5,9,resize_small_hu_m600_1500_separadas
3,VALIDATION,0.7,0.625,0.5555555555555556,0.8181818181818182,0.6741998624632421,4,0.001,1e-05,0.5,9,resize_small_hu_m600_1500_separadas
3,TEST,0.68,0.6363636363636364,0.5833333333333334,0.7692307692307693,0.6698641270570838,4,0.001,1e-05,0.5,9,resize_small_hu_m600_1500_separadas
4,VALIDATION,0.8,0.7777777777777778,0.7777777777777778,0.8181818181818182,0.7977240352174657,4,0.001,1e-05,0.5,9,resize_small_hu_m600_1500_separadas
4,TEST,0.44,0.5,0.5833333333333334,0.3076923076923077,0.42365927286816174,4,0.001,1e-05,0.5,9,resize_small_hu_m600_1500_separadas
5,VALIDATION,0.75,0.7368421052631579,0.7,0.8,0.7483314773547882,4,0.001,1e-05,0.5,9,resize_small_hu_m600_1500_separadas
5,TEST,0.64,0.6086956521739131,0.6363636363636364,0.6428571428571429,0.6396021490668313,4,0.001,1e-05,0.5,9,resize_small_hu_m600_1500_separadas
MEAN,VALIDATION,0.71,0.6945906432748539,0.7177777777777777,0.7054545454545454,0.7045677381378063,4,0.001,9
MEAN,TEST,0.5920000000000001,0.606154714850367,0.6606060606060606,0.5285714285714286,0.5818718719181988,4,0.001,9
1,VALIDATION,0.55,0.5714285714285714,0.6666666666666666,0.45454545454545453,0.5504818825631803,8,0.001,0,0,9,resize_small_hu_m600_1500_separadas
1,TEST,0.6,0.6153846153846154,0.6666666666666666,0.5384615384615384,0.599144689515278,8,0.001,0,0,9,resize_small_hu_m600_1500_separadas
2,VALIDATION,0.75,0.7368421052631579,0.7777777777777778,0.7272727272727273,0.7521014330903549,8,0.001,0,0,9,resize_small_hu_m600_1500_separadas
2,TEST,0.44,0.4166666666666667,0.4166666666666667,0.46153846153846156,0.4385290096535146,8,0.001,0,0,9,resize_small_hu_m600_1500_separadas
3,VALIDATION,0.75,0.7058823529411765,0.6666666666666666,0.8181818181818182,0.7385489458759964,8,0.001,0,0,9,resize_small_hu_m600_1500_separadas
3,TEST,0.56,0.47619047619047616,0.4166666666666667,0.6923076923076923,0.5370861555295747,8,0.001,0,0,9,resize_small_hu_m600_1500_separadas
4,VALIDATION,0.7,0.7,0.7777777777777778,0.6363636363636364,0.7035264706814485,8,0.001,0,0,9,resize_small_hu_m600_1500_separadas
4,TEST,0.52,0.6,0.75,0.3076923076923077,0.4803844614152614,8,0.001,0,0,9,resize_small_hu_m600_1500_separadas
5,VALIDATION,0.65,0.6666666666666666,0.7,0.6,0.648074069840786,8,0.001,0,0,9,resize_small_hu_m600_1500_separadas
5,TEST,0.68,0.6666666666666666,0.7272727272727273,0.6428571428571429,0.6837634587578277,8,0.001,0,0,9,resize_small_hu_m600_1500_separadas
MEAN,VALIDATION,0.6799999999999999,0.6761639392599144,0.7177777777777777,0.6472727272727272,0.6785465604103532,8,0.001,9
MEAN,TEST,0.56,0.554981684981685,0.5954545454545455,0.5285714285714286,0.5477815549742913,8,0.001,9
1,VALIDATION,0.5,0.5454545454545454,0.6666666666666666,0.36363636363636365,0.49236596391733095,8,0.001,0,0.3,9,resize_small_hu_m600_1500_separadas
1,TEST,0.68,0.7333333333333333,0.9166666666666666,0.46153846153846156,0.6504436355879909,8,0.001,0,0.3,9,resize_small_hu_m600_1500_separadas
2,VALIDATION,0.75,0.7619047619047619,0.8888888888888888,0.6363636363636364,0.7521014330903549,8,0.001,0,0.3,9,resize_small_hu_m600_1500_separadas
2,TEST,0.56,0.5925925925925926,0.6666666666666666,0.46153846153846156,0.5547001962252291,8,0.001,0,0.3,9,resize_small_hu_m600_1500_separadas
3,VALIDATION,0.75,0.7619047619047619,0.8888888888888888,0.6363636363636364,0.7521014330903549,8,0.001,0,0.3,9,resize_small_hu_m600_1500_separadas
3,TEST,0.88,0.8888888888888888,1.0,0.7692307692307693,0.8770580193070292,8,0.001,0,0.3,9,resize_small_hu_m600_1500_separadas
4,VALIDATION,0.75,0.7368421052631579,0.7777777777777778,0.7272727272727273,0.7521014330903549,8,0.001,0,0.3,9,resize_small_hu_m600_1500_separadas
4,TEST,0.44,0.5625,0.75,0.15384615384615385,0.3396831102433787,8,0.001,0,0.3,9,resize_small_hu_m600_1500_separadas
5,VALIDATION,0.65,0.6666666666666666,0.7,0.6,0.648074069840786,8,0.001,0,0.3,9,resize_small_hu_m600_1500_separadas
5,TEST,0.64,0.64,0.7272727272727273,0.5714285714285714,0.6446583712203042,8,0.001,0,0.3,9,resize_small_hu_m600_1500_separadas
MEAN,VALIDATION,0.6799999999999999,0.6945545682387787,0.7844444444444443,0.5927272727272727,0.6793488666058363,8,0.001,9
MEAN,TEST,0.64,0.6834629629629629,0.8121212121212121,0.4835164835164836,0.6133086665167864,8,0.001,9
1,VALIDATION,0.65,0.5333333333333333,0.4444444444444444,0.8181818181818182,0.6030226891555273,8,0.001,0,0.5,9,resize_small_hu_m600_1500_separadas
1,TEST,0.64,0.5714285714285714,0.5,0.7692307692307693,0.6201736729460423,8,0.001,0,0.5,9,resize_small_hu_m600_1500_separadas
2,VALIDATION,0.8,0.7777777777777778,0.7777777777777778,0.8181818181818182,0.7977240352174657,8,0.001,0,0.5,9,resize_small_hu_m600_1500_separadas
2,TEST,0.52,0.3333333333333333,0.25,0.7692307692307693,0.4385290096535146,8,0.001,0,0.5,9,resize_small_hu_m600_1500_separadas
3,VALIDATION,0.75,0.7619047619047619,0.8888888888888888,0.6363636363636364,0.7521014330903549,8,0.001,0,0.5,9,resize_small_hu_m600_1500_separadas
3,TEST,0.76,0.7857142857142857,0.9166666666666666,0.6153846153846154,0.7510676161988108,8,0.001,0,0.5,9,resize_small_hu_m600_1500_separadas
4,VALIDATION,0.8,0.75,0.6666666666666666,0.9090909090909091,0.7784989441615229,8,0.001,0,0.5,9,resize_small_hu_m600_1500_separadas
4,TEST,0.6,0.6428571428571429,0.75,0.46153846153846156,0.5883484054145521,8,0.001,0,0.5,9,resize_small_hu_m600_1500_separadas
5,VALIDATION,0.7,0.7272727272727273,0.8,0.6,0.6928203230275509,8,0.001,0,0.5,9,resize_small_hu_m600_1500_separadas
5,TEST,0.64,0.64,0.7272727272727273,0.5714285714285714,0.6446583712203042,8,0.001,0,0.5,9,resize_small_hu_m600_1500_separadas
MEAN,VALIDATION,0.74,0.71005772005772,0.7155555555555555,0.7563636363636365,0.7248334849304843,8,0.001,9
MEAN,TEST,0.632,0.5946666666666667,0.6287878787878787,0.6373626373626374,0.6085554150866448,8,0.001,9
1,VALIDATION,0.65,0.5333333333333333,0.4444444444444444,0.8181818181818182,0.6030226891555273,8,0.001,1e-05,0,9,resize_small_hu_m600_1500_separadas
1,TEST,0.56,0.42105263157894735,0.3333333333333333,0.7692307692307693,0.5063696835418333,8,0.001,1e-05,0,9,resize_small_hu_m600_1500_separadas
2,VALIDATION,0.75,0.7619047619047619,0.8888888888888888,0.6363636363636364,0.7521014330903549,8,0.001,1e-05,0,9,resize_small_hu_m600_1500_separadas
2,TEST,0.4,0.4444444444444444,0.5,0.3076923076923077,0.3922322702763681,8,0.001,1e-05,0,9,resize_small_hu_m600_1500_separadas
3,VALIDATION,0.7,0.625,0.5555555555555556,0.8181818181818182,0.6741998624632421,8,0.001,1e-05,0,9,resize_small_hu_m600_1500_separadas
3,TEST,0.8,0.782608695652174,0.75,0.8461538461538461,0.7966275068156915,8,0.001,1e-05,0,9,resize_small_hu_m600_1500_separadas
4,VALIDATION,0.7,0.7,0.7777777777777778,0.6363636363636364,0.7035264706814485,8,0.001,1e-05,0,9,resize_small_hu_m600_1500_separadas
4,TEST,0.52,0.6470588235294118,0.9166666666666666,0.15384615384615385,0.3755338080994054,8,0.001,1e-05,0,9,resize_small_hu_m600_1500_separadas
5,VALIDATION,0.65,0.6666666666666666,0.7,0.6,0.648074069840786,8,0.001,1e-05,0,9,resize_small_hu_m600_1500_separadas
5,TEST,0.6,0.6153846153846154,0.7272727272727273,0.5,0.6030226891555273,8,0.001,1e-05,0,9,resize_small_hu_m600_1500_separadas
MEAN,VALIDATION,0.69,0.6573809523809524,0.6733333333333332,0.7018181818181819,0.6761849050462718,8,0.001,9
MEAN,TEST,0.5760000000000001,0.5821098421179186,0.6454545454545455,0.5153846153846154,0.5347571915777651,8,0.001,9
1,VALIDATION,0.5,0.5454545454545454,0.6666666666666666,0.36363636363636365,0.49236596391733095,8,0.001,1e-05,0.3,9,resize_small_hu_m600_1500_separadas
1,TEST,0.64,0.6896551724137931,0.8333333333333334,0.46153846153846156,0.6201736729460423,8,0.001,1e-05,0.3,9,resize_small_hu_m600_1500_separadas
2,VALIDATION,0.7,0.75,1.0,0.45454545454545453,0.674199862463242,8,0.001,1e-05,0.3,9,resize_small_hu_m600_1500_separadas
2,TEST,0.56,0.6206896551724138,0.75,0.38461538461538464,0.5370861555295747,8,0.001,1e-05,0.3,9,resize_small_hu_m600_1500_separadas
3,VALIDATION,0.75,0.7619047619047619,0.8888888888888888,0.6363636363636364,0.7521014330903549,8,0.001,1e-05,0.3,9,resize_small_hu_m600_1500_separadas
3,TEST,0.8,0.8148148148148148,0.9166666666666666,0.6923076923076923,0.7966275068156915,8,0.001,1e-05,0.3,9,resize_small_hu_m600_1500_separadas
4,VALIDATION,0.7,0.7,0.7777777777777778,0.6363636363636364,0.7035264706814485,8,0.001,1e-05,0.3,9,resize_small_hu_m600_1500_separadas
4,TEST,0.48,0.5517241379310345,0.6666666666666666,0.3076923076923077,0.4529108136578383,8,0.001,1e-05,0.3,9,resize_small_hu_m600_1500_separadas
5,VALIDATION,0.65,0.6666666666666666,0.7,0.6,0.648074069840786,8,0.001,1e-05,0.3,9,resize_small_hu_m600_1500_separadas
5,TEST,0.64,0.64,0.7272727272727273,0.5714285714285714,0.6446583712203042,8,0.001,1e-05,0.3,9,resize_small_hu_m600_1500_separadas
MEAN,VALIDATION,0.6599999999999999,0.6848051948051948,0.8066666666666666,0.5381818181818182,0.6540535599986325,8,0.001,9
MEAN,TEST,0.624,0.6633767560664112,0.7787878787878787,0.4835164835164836,0.6102913040338901,8,0.001,9
1,VALIDATION,0.7,0.625,0.5555555555555556,0.8181818181818182,0.6741998624632421,8,0.001,1e-05,0.5,9,resize_small_hu_m600_1500_separadas
1,TEST,0.48,0.43478260869565216,0.4166666666666667,0.5384615384615384,0.47366546671567095,8,0.001,1e-05,0.5,9,resize_small_hu_m600_1500_separadas
2,VALIDATION,0.8,0.8,0.8888888888888888,0.7272727272727273,0.8040302522073697,8,0.001,1e-05,0.5,9,resize_small_hu_m600_1500_separadas
2,TEST,0.6,0.4444444444444444,0.3333333333333333,0.8461538461538461,0.5310850045437944,8,0.001,1e-05,0.5,9,resize_small_hu_m600_1500_separadas
3,VALIDATION,0.75,0.7619047619047619,0.8888888888888888,0.6363636363636364,0.7521014330903549,8,0.001,1e-05,0.5,9,resize_small_hu_m600_1500_separadas
3,TEST,0.84,0.8461538461538461,0.9166666666666666,0.7692307692307693,0.8397191227596316,8,0.001,1e-05,0.5,9,resize_small_hu_m600_1500_separadas
4,VALIDATION,0.75,0.7368421052631579,0.7777777777777778,0.7272727272727273,0.7521014330903549,8,0.001,1e-05,0.5,9,resize_small_hu_m600_1500_separadas
4,TEST,0.4,0.5161290322580645,0.6666666666666666,0.15384615384615385,0.32025630761017426,8,0.001,1e-05,0.5,9,resize_small_hu_m600_1500_separadas
5,VALIDATION,0.7,0.7272727272727273,0.8,0.6,0.6928203230275509,8,0.001,1e-05,0.5,9,resize_small_hu_m600_1500_separadas
5,TEST,0.64,0.64,0.7272727272727273,0.5714285714285714,0.6446583712203042,8,0.001,1e-05,0.5,9,resize_small_hu_m600_1500_separadas
MEAN,VALIDATION,0.74,0.7302039188881293,0.7822222222222222,0.7018181818181819,0.7350506607757745,8,0.001,9
MEAN,TEST,0.592,0.5763019863104015,0.6121212121212121,0.5758241758241758,0.5618768545699151,8,0.001,9
1,VALIDATION,0.65,0.5882352941176471,0.5555555555555556,0.7272727272727273,0.6356417261637283,4,0.001,0,0,9,resize_cube64_hu_m600_1500
1,TEST,0.56,0.47619047619047616,0.4166666666666667,0.6923076923076923,0.5370861555295747,4,0.001,0,0,9,resize_cube64_hu_m600_1500
2,VALIDATION,0.75,0.782608695652174,1.0,0.5454545454545454,0.7385489458759964,4,0.001,0,0,9,resize_cube64_hu_m600_1500
2,TEST,0.64,0.64,0.6666666666666666,0.6153846153846154,0.6405126152203485,4,0.001,0,0,9,resize_cube64_hu_m600_1500
3,VALIDATION,0.75,0.7619047619047619,0.8888888888888888,0.6363636363636364,0.7521014330903549,4,0.001,0,0,9,resize_cube64_hu_m600_1500
3,TEST,0.64,0.6896551724137931,0.8333333333333334,0.46153846153846156,0.6201736729460423,4,0.001,0,0,9,resize_cube64_hu_m600_1500
4,VALIDATION,0.65,0.5882352941176471,0.5555555555555556,0.7272727272727273,0.6356417261637283,4,0.001,0,0,9,resize_cube64_hu_m600_1500
4,TEST,0.56,0.56,0.5833333333333334,0.5384615384615384,0.560448538317805,4,0.001,0,0,9,resize_cube64_hu_m600_1500
5,VALIDATION,0.65,0.6956521739130435,0.8,0.5,0.6324555320336759,4,0.001,0,0,9,resize_cube64_hu_m600_1500
5,TEST,0.6,0.6153846153846154,0.7272727272727273,0.5,0.6030226891555273,4,0.001,0,0,9,resize_cube64_hu_m600_1500
MEAN,VALIDATION,0.69,0.6833272439410547,0.76,0.6272727272727273,0.6788778726654968,4,0.001,9
MEAN,TEST,0.6000000000000001,0.5962460527977769,0.6454545454545455,0.5615384615384615,0.5922487342338595,4,0.001,9
1,VALIDATION,0.6,0.5,0.4444444444444444,0.7272727272727273,0.5685352436149611,4,0.001,0,0.3,9,resize_cube64_hu_m600_1500
1,TEST,0.56,0.5217391304347826,0.5,0.6153846153846154,0.5547001962252291,4,0.001,0,0.3,9,resize_cube64_hu_m600_1500
2,VALIDATION,0.7,0.625,0.5555555555555556,0.8181818181818182,0.6741998624632421,4,0.001,0,0.3,9,resize_cube64_hu_m600_1500
2,TEST,0.44,0.2222222222222222,0.16666666666666666,0.6923076923076923,0.3396831102433787,4,0.001,0,0.3,9,resize_cube64_hu_m600_1500
3,VALIDATION,0.6,0.6923076923076923,1.0,0.2727272727272727,0.5222329678670935,4,0.001,0,0.3,9,resize_cube64_hu_m600_1500
3,TEST,0.52,0.6,0.75,0.3076923076923077,0.4803844614152614,4,0.001,0,0.3,9,resize_cube64_hu_m600_1500
4,VALIDATION,0.75,0.7368421052631579,0.7777777777777778,0.7272727272727273,0.7521014330903549,4,0.001,0,0.3,9,resize_cube64_hu_m600_1500
4,TEST,0.52,0.625,0.8333333333333334,0.23076923076923078,0.4385290096535146,4,0.001,0,0.3,9,resize_cube64_hu_m600_1500
5,VALIDATION,0.65,0.6666666666666666,0.7,0.6,0.648074069840786,4,0.001,0,0.3,9,resize_cube64_hu_m600_1500
5,TEST,0.64,0.6666666666666666,0.8181818181818182,0.5,0.6396021490668313,4,0.001,0,0.3,9,resize_cube64_hu_m600_1500
MEAN,VALIDATION,0.6599999999999999,0.6441632928475033,0.6955555555555556,0.6290909090909091,0.6330287153752875,4,0.001,9
MEAN,TEST,0.536,0.5271256038647343,0.6136363636363636,0.46923076923076923,0.490579785320843,4,0.001,9
1,VALIDATION,0.5,0.5454545454545454,0.6666666666666666,0.36363636363636365,0.49236596391733095,4,0.001,0,0.5,9,resize_cube64_hu_m600_1500
1,TEST,0.56,0.6666666666666666,0.9166666666666666,0.23076923076923078,0.45993310550389993,4,0.001,0,0.5,9,resize_cube64_hu_m600_1500
2,VALIDATION,0.85,0.8571428571428571,1.0,0.7272727272727273,0.8528028654224418,4,0.001,0,0.5,9,resize_cube64_hu_m600_1500
2,TEST,0.52,0.5384615384615384,0.5833333333333334,0.46153846153846156,0.5188745216627708,4,0.001,0,0.5,9,resize_cube64_hu_m600_1500
3,VALIDATION,0.7,0.75,1.0,0.45454545454545453,0.674199862463242,4,0.001,0,0.5,9,resize_cube64_hu_m600_1500
3,TEST,0.64,0.7096774193548387,0.9166666666666666,0.38461538461538464,0.5937710859953544,4,0.001,0,0.5,9,resize_cube64_hu_m600_1500
4,VALIDATION,0.7,0.7,0.7777777777777778,0.6363636363636364,0.7035264706814485,4,0.001,0,0.5,9,resize_cube64_hu_m600_1500
4,TEST,0.52,0.625,0.8333333333333334,0.23076923076923078,0.4385290096535146,4,0.001,0,0.5,9,resize_cube64_hu_m600_1500
5,VALIDATION,0.7,0.7,0.7,0.7,0.7,4,0.001,0,0.5,9,resize_cube64_hu_m600_1500
5,TEST,0.68,0.6363636363636364,0.6363636363636364,0.7142857142857143,0.674199862463242,4,0.001,0,0.5,9,resize_cube64_hu_m600_1500
MEAN,VALIDATION,0.6900000000000001,0.7105194805194806,0.8288888888888888,0.5763636363636364,0.6845790324968928,4,0.001,9
MEAN,TEST,0.5840000000000001,0.635233852169336,0.7772727272727272,0.4043956043956044,0.5370615170557563,4,0.001,9
1,VALIDATION,0.6,0.5555555555555556,0.5555555555555556,0.6363636363636364,0.5945883900105632,4,0.001,1e-05,0,9,resize_cube64_hu_m600_1500
1,TEST,0.56,0.5217391304347826,0.5,0.6153846153846154,0.5547001962252291,4,0.001,1e-05,0,9,resize_cube64_hu_m600_1500
2,VALIDATION,0.75,0.6666666666666666,0.5555555555555556,0.9090909090909091,0.7106690545187014,4,0.001,1e-05,0,9,resize_cube64_hu_m600_1500
2,TEST,0.48,0.23529411764705882,0.16666666666666666,0.7692307692307693,0.35805743701971643,4,0.001,1e-05,0,9,resize_cube64_hu_m600_1500
3,VALIDATION,0.65,0.631578947368421,0.6666666666666666,0.6363636363636364,0.6513389472789296,4,0.001,1e-05,0,9,resize_cube64_hu_m600_1500
3,TEST,0.68,0.7333333333333333,0.9166666666666666,0.46153846153846156,0.6504436355879909,4,0.001,1e-05,0,9,resize_cube64_hu_m600_1500
4,VALIDATION,0.6,0.3333333333333333,0.2222222222222222,0.9090909090909091,0.4494665749754947,4,0.001,1e-05,0,9,resize_cube64_hu_m600_1500
4,TEST,0.64,0.5263157894736842,0.4166666666666667,0.8461538461538461,0.5937710859953544,4,0.001,1e-05,0,9,resize_cube64_hu_m600_1500
5,VALIDATION,0.65,0.6666666666666666,0.7,0.6,0.648074069840786,4,0.001,1e-05,0,9,resize_cube64_hu_m600_1500
5,TEST,0.72,0.6666666666666666,0.6363636363636364,0.7857142857142857,0.7071067811865476,4,0.001,1e-05,0,9,resize_cube64_hu_m600_1500
MEAN,VALIDATION,0.65,0.5707602339181286,0.54,0.7381818181818182,0.6108274073248949,4,0.001,9
MEAN,TEST,0.616,0.536669807511105,0.5272727272727272,0.6956043956043956,0.5728158272029676,4,0.001,9
1,VALIDATION,0.55,0.4,0.3333333333333333,0.7272727272727273,0.49236596391733095,4,0.001,1e-05,0.3,9,resize_cube64_hu_m600_1500
1,TEST,0.52,0.25,0.16666666666666666,0.8461538461538461,0.3755338080994054,4,0.001,1e-05,0.3,9,resize_cube64_hu_m600_1500
2,VALIDATION,0.8,0.75,0.6666666666666666,0.9090909090909091,0.7784989441615229,4,0.001,1e-05,0.3,9,resize_cube64_hu_m600_1500
2,TEST,0.44,0.0,0.0,0.8461538461538461,0.0,4,0.001,1e-05,0.3,9,resize_cube64_hu_m600_1500
3,VALIDATION,0.75,0.7619047619047619,0.8888888888888888,0.6363636363636364,0.7521014330903549,4,0.001,1e-05,0.3,9,resize_cube64_hu_m600_1500
3,TEST,0.64,0.6896551724137931,0.8333333333333334,0.46153846153846156,0.6201736729460423,4,0.001,1e-05,0.3,9,resize_cube64_hu_m600_1500
4,VALIDATION,0.75,0.7368421052631579,0.7777777777777778,0.7272727272727273,0.7521014330903549,4,0.001,1e-05,0.3,9,resize_cube64_hu_m600_1500
4,TEST,0.48,0.5517241379310345,0.6666666666666666,0.3076923076923077,0.4529108136578383,4,0.001,1e-05,0.3,9,resize_cube64_hu_m600_1500
5,VALIDATION,0.65,0.6666666666666666,0.7,0.6,0.648074069840786,4,0.001,1e-05,0.3,9,resize_cube64_hu_m600_1500
5,TEST,0.64,0.64,0.7272727272727273,0.5714285714285714,0.6446583712203042,4,0.001,1e-05,0.3,9,resize_cube64_hu_m600_1500
MEAN,VALIDATION,0.7,0.6630827067669173,0.6733333333333332,0.72,0.6846283688200698,4,0.001,9
MEAN,TEST,0.544,0.4262758620689655,0.4787878787878787,0.6065934065934065,0.4186553331847181,4,0.001,9
1,VALIDATION,0.75,0.6153846153846154,0.4444444444444444,1.0,0.6666666666666666,4,0.001,1e-05,0.5,9,resize_cube64_hu_m600_1500
1,TEST,0.56,0.42105263157894735,0.3333333333333333,0.7692307692307693,0.5063696835418333,4,0.001,1e-05,0.5,9,resize_cube64_hu_m600_1500
2,VALIDATION,0.7,0.6666666666666666,0.6666666666666666,0.7272727272727273,0.6963106238227914,4,0.001,1e-05,0.5,9,resize_cube64_hu_m600_1500
2,TEST,0.48,0.38095238095238093,0.3333333333333333,0.6153846153846154,0.4529108136578383,4,0.001,1e-05,0.5,9,resize_cube64_hu_m600_1500
3,VALIDATION,0.6,0.6666666666666666,0.8888888888888888,0.36363636363636365,0.5685352436149611,4,0.001,1e-05,0.5,9,resize_cube64_hu_m600_1500
3,TEST,0.72,0.7741935483870968,1.0,0.46153846153846156,0.6793662204867574,4,0.001,1e-05,0.5,9,resize_cube64_hu_m600_1500
4,VALIDATION,0.7,0.7,0.7777777777777778,0.6363636363636364,0.7035264706814485,4,0.001,1e-05,0.5,9,resize_cube64_hu_m600_1500
4,TEST,0.52,0.6470588235294118,0.9166666666666666,0.15384615384615385,0.3755338080994054,4,0.001,1e-05,0.5,9,resize_cube64_hu_m600_1500
5,VALIDATION,0.65,0.7407407407407407,1.0,0.3,0.5477225575051661,4,0.001,1e-05,0.5,9,resize_cube64_hu_m600_1500
5,TEST,0.56,0.6666666666666666,1.0,0.21428571428571427,0.4629100498862757,4,0.001,1e-05,0.5,9,resize_cube64_hu_m600_1500
MEAN,VALIDATION,0.6799999999999999,0.6778917378917377,0.7555555555555555,0.6054545454545454,0.6365523124582066,4,0.001,9
MEAN,TEST,0.5680000000000001,0.5779848102229007,0.7166666666666666,0.4428571428571429,0.4954181151344221,4,0.001,9
1,VALIDATION,0.55,0.5714285714285714,0.6666666666666666,0.45454545454545453,0.5504818825631803,8,0.001,0,0,9,resize_cube64_hu_m600_1500
1,TEST,0.52,0.6,0.75,0.3076923076923077,0.4803844614152614,8,0.001,0,0,9,resize_cube64_hu_m600_1500
2,VALIDATION,0.75,0.7368421052631579,0.7777777777777778,0.7272727272727273,0.7521014330903549,8,0.001,0,0,9,resize_cube64_hu_m600_1500
2,TEST,0.6,0.5454545454545454,0.5,0.6923076923076923,0.5883484054145521,8,0.001,0,0,9,resize_cube64_hu_m600_1500
3,VALIDATION,0.6,0.6,0.6666666666666666,0.5454545454545454,0.6030226891555273,8,0.001,0,0,9,resize_cube64_hu_m600_1500
3,TEST,0.76,0.8,1.0,0.5384615384615384,0.7337993857053428,8,0.001,0,0,9,resize_cube64_hu_m600_1500
4,VALIDATION,0.65,0.46153846153846156,0.3333333333333333,0.9090909090909091,0.5504818825631803,8,0.001,0,0,9,resize_cube64_hu_m600_1500
4,TEST,0.68,0.6363636363636364,0.5833333333333334,0.7692307692307693,0.6698641270570838,8,0.001,0,0,9,resize_cube64_hu_m600_1500
5,VALIDATION,0.65,0.6666666666666666,0.7,0.6,0.648074069840786,8,0.001,0,0,9,resize_cube64_hu_m600_1500
5,TEST,0.72,0.6956521739130435,0.7272727272727273,0.7142857142857143,0.7207499701564473,8,0.001,0,0,9,resize_cube64_hu_m600_1500
MEAN,VALIDATION,0.6399999999999999,0.6072951609793715,0.6288888888888889,0.6472727272727272,0.6208323914426057,8,0.001,9
MEAN,TEST,0.656,0.6554940711462451,0.7121212121212122,0.6043956043956044,0.6386292699497375,8,0.001,9
1,VALIDATION,0.6,0.5555555555555556,0.5555555555555556,0.6363636363636364,0.5945883900105632,8,0.001,0,0.3,9,resize_cube64_hu_m600_1500
1,TEST,0.68,0.6666666666666666,0.6666666666666666,0.6923076923076923,0.6793662204867574,8,0.001,0,0.3,9,resize_cube64_hu_m600_1500
2,VALIDATION,0.75,0.7058823529411765,0.6666666666666666,0.8181818181818182,0.7385489458759964,8,0.001,0,0.3,9,resize_cube64_hu_m600_1500
2,TEST,0.44,0.3,0.25,0.6153846153846154,0.3922322702763681,8,0.001,0,0.3,9,resize_cube64_hu_m600_1500
3,VALIDATION,0.65,0.6666666666666666,0.7777777777777778,0.5454545454545454,0.6513389472789296,8,0.001,0,0.3,9,resize_cube64_hu_m600_1500
3,TEST,0.6,0.5454545454545454,0.5,0.6923076923076923,0.5883484054145521,8,0.001,0,0.3,9,resize_cube64_hu_m600_1500
4,VALIDATION,0.65,0.5333333333333333,0.4444444444444444,0.8181818181818182,0.6030226891555273,8,0.001,0,0.3,9,resize_cube64_hu_m600_1500
4,TEST,0.56,0.5217391304347826,0.5,0.6153846153846154,0.5547001962252291,8,0.001,0,0.3,9,resize_cube64_hu_m600_1500
5,VALIDATION,0.65,0.6666666666666666,0.7,0.6,0.648074069840786,8,0.001,0,0.3,9,resize_cube64_hu_m600_1500
5,TEST,0.64,0.64,0.7272727272727273,0.5714285714285714,0.6446583712203042,8,0.001,0,0.3,9,resize_cube64_hu_m600_1500
MEAN,VALIDATION,0.6599999999999999,0.6256209150326797,0.6288888888888889,0.6836363636363637,0.6471146084323605,8,0.001,9
MEAN,TEST,0.5840000000000001,0.534772068511199,0.5287878787878787,0.6373626373626374,0.5718610927246421,8,0.001,9
1,VALIDATION,0.6,0.3333333333333333,0.2222222222222222,0.9090909090909091,0.4494665749754947,8,0.001,0,0.5,9,resize_cube64_hu_m600_1500
1,TEST,0.52,0.25,0.16666666666666666,0.8461538461538461,0.3755338080994054,8,0.001,0,0.5,9,resize_cube64_hu_m600_1500
2,VALIDATION,0.65,0.6956521739130435,0.8888888888888888,0.45454545454545453,0.6356417261637282,8,0.001,0,0.5,9,resize_cube64_hu_m600_1500
2,TEST,0.4,0.4827586206896552,0.5833333333333334,0.23076923076923078,0.36689969285267143,8,0.001,0,0.5,9,resize_cube64_hu_m600_1500
3,VALIDATION,0.75,0.7368421052631579,0.7777777777777778,0.7272727272727273,0.7521014330903549,8,0.001,0,0.5,9,resize_cube64_hu_m600_1500
3,TEST,0.64,0.5263157894736842,0.4166666666666667,0.8461538461538461,0.5937710859953544,8,0.001,0,0.5,9,resize_cube64_hu_m600_1500
4,VALIDATION,0.6,0.6363636363636364,0.7777777777777778,0.45454545454545453,0.5945883900105632,8,0.001,0,0.5,9,resize_cube64_hu_m600_1500
4,TEST,0.48,0.6486486486486487,1.0,0.0,0.0,8,0.001,0,0.5,9,resize_cube64_hu_m600_1500
5,VALIDATION,0.65,0.6666666666666666,0.7,0.6,0.648074069840786,8,0.001,0,0.5,9,resize_cube64_hu_m600_1500
5,TEST,0.64,0.6666666666666666,0.8181818181818182,0.5,0.6396021490668313,8,0.001,0,0.5,9,resize_cube64_hu_m600_1500
MEAN,VALIDATION,0.65,0.6137715831079674,0.6733333333333332,0.6290909090909091,0.6159744388161854,8,0.001,9
MEAN,TEST,0.536,0.5148779450957309,0.596969696969697,0.48461538461538456,0.3951613472028525,8,0.001,9
1,VALIDATION,0.55,0.47058823529411764,0.4444444444444444,0.6363636363636364,0.5318160234783105,8,0.001,1e-05,0,9,resize_cube64_hu_m600_1500
1,TEST,0.56,0.5217391304347826,0.5,0.6153846153846154,0.5547001962252291,8,0.001,1e-05,0,9,resize_cube64_hu_m600_1500
2,VALIDATION,0.7,0.6666666666666666,0.6666666666666666,0.7272727272727273,0.6963106238227914,8,0.001,1e-05,0,9,resize_cube64_hu_m600_1500
2,TEST,0.56,0.42105263157894735,0.3333333333333333,0.7692307692307693,0.5063696835418333,8,0.001,1e-05,0,9,resize_cube64_hu_m600_1500
3,VALIDATION,0.7,0.625,0.5555555555555556,0.8181818181818182,0.6741998624632421,8,0.001,1e-05,0,9,resize_cube64_hu_m600_1500
3,TEST,0.64,0.64,0.6666666666666666,0.6153846153846154,0.6405126152203485,8,0.001,1e-05,0,9,resize_cube64_hu_m600_1500
4,VALIDATION,0.65,0.5333333333333333,0.4444444444444444,0.8181818181818182,0.6030226891555273,8,0.001,1e-05,0,9,resize_cube64_hu_m600_1500
4,TEST,0.56,0.5925925925925926,0.6666666666666666,0.46153846153846156,0.5547001962252291,8,0.001,1e-05,0,9,resize_cube64_hu_m600_1500
5,VALIDATION,0.65,0.6666666666666666,0.7,0.6,0.648074069840786,8,0.001,1e-05,0,9,resize_cube64_hu_m600_1500
5,TEST,0.68,0.6,0.5454545454545454,0.7857142857142857,0.6546536707079771,8,0.001,1e-05,0,9,resize_cube64_hu_m600_1500
MEAN,VALIDATION,0.65,0.5924509803921568,0.5622222222222222,0.7200000000000001,0.6306846537521315,8,0.001,9
MEAN,TEST,0.6000000000000001,0.5550768709212645,0.5424242424242424,0.6494505494505495,0.5821872723841235,8,0.001,9
1,VALIDATION,0.75,0.6153846153846154,0.4444444444444444,1.0,0.6666666666666666,8,0.001,1e-05,0.3,9,resize_cube64_hu_m600_1500
1,TEST,0.56,0.35294117647058826,0.25,0.8461538461538461,0.45993310550389993,8,0.001,1e-05,0.3,9,resize_cube64_hu_m600_1500
2,VALIDATION,0.7,0.7,0.7777777777777778,0.6363636363636364,0.7035264706814485,8,0.001,1e-05,0.3,9,resize_cube64_hu_m600_1500
2,TEST,0.48,0.43478260869565216,0.4166666666666667,0.5384615384615384,0.47366546671567095,8,0.001,1e-05,0.3,9,resize_cube64_hu_m600_1500
3,VALIDATION,0.8,0.7777777777777778,0.7777777777777778,0.8181818181818182,0.7977240352174657,8,0.001,1e-05,0.3,9,resize_cube64_hu_m600_1500
3,TEST,0.8,0.8275862068965517,1.0,0.6153846153846154,0.7844645405527362,8,0.001,1e-05,0.3,9,resize_cube64_hu_m600_1500
4,VALIDATION,0.8,0.75,0.6666666666666666,0.9090909090909091,0.7784989441615229,8,0.001,1e-05,0.3,9,resize_cube64_hu_m600_1500
4,TEST,0.56,0.56,0.5833333333333334,0.5384615384615384,0.560448538317805,8,0.001,1e-05,0.3,9,resize_cube64_hu_m600_1500
5,VALIDATION,0.65,0.6666666666666666,0.7,0.6,0.648074069840786,8,0.001,1e-05,0.3,9,resize_cube64_hu_m600_1500
5,TEST,0.64,0.64,0.7272727272727273,0.5714285714285714,0.6446583712203042,8,0.001,1e-05,0.3,9,resize_cube64_hu_m600_1500
MEAN,VALIDATION,0.74,0.701965811965812,0.6733333333333332,0.7927272727272727,0.7188980373135779,8,0.001,9
MEAN,TEST,0.6080000000000001,0.5630619984125584,0.5954545454545455,0.6219780219780219,0.5846340044620832,8,0.001,9
1,VALIDATION,0.6,0.5555555555555556,0.5555555555555556,0.6363636363636364,0.5945883900105632,8,0.001,1e-05,0.5,9,resize_cube64_hu_m600_1500
1,TEST,0.6,0.5454545454545454,0.5,0.6923076923076923,0.5883484054145521,8,0.001,1e-05,0.5,9,resize_cube64_hu_m600_1500
2,VALIDATION,0.65,0.5882352941176471,0.5555555555555556,0.7272727272727273,0.6356417261637283,8,0.001,1e-05,0.5,9,resize_cube64_hu_m600_1500
2,TEST,0.4,0.21052631578947367,0.16666666666666666,0.6153846153846154,0.32025630761017426,8,0.001,1e-05,0.5,9,resize_cube64_hu_m600_1500
3,VALIDATION,0.8,0.7777777777777778,0.7777777777777778,0.8181818181818182,0.7977240352174657,8,0.001,1e-05,0.5,9,resize_cube64_hu_m600_1500
3,TEST,0.72,0.7407407407407407,0.8333333333333334,0.6153846153846154,0.716114874039433,8,0.001,1e-05,0.5,9,resize_cube64_hu_m600_1500
4,VALIDATION,0.65,0.5333333333333333,0.4444444444444444,0.8181818181818182,0.6030226891555273,8,0.001,1e-05,0.5,9,resize_cube64_hu_m600_1500
4,TEST,0.36,0.2,0.16666666666666666,0.5384615384615384,0.299572344757639,8,0.001,1e-05,0.5,9,resize_cube64_hu_m600_1500
5,VALIDATION,0.7,0.75,0.9,0.5,0.6708203932499369,8,0.001,1e-05,0.5,9,resize_cube64_hu_m600_1500
5,TEST,0.48,0.5806451612903226,0.8181818181818182,0.21428571428571427,0.4187178946793119,8,0.001,1e-05,0.5,9,resize_cube64_hu_m600_1500
MEAN,VALIDATION,0.6799999999999999,0.6409803921568626,0.6466666666666666,0.7000000000000001,0.6603594467594444,8,0.001,9
MEAN,TEST,0.512,0.4554733526550165,0.49696969696969695,0.5351648351648353,0.468601965300222,8,0.001,9
1,VALIDATION,0.7,0.625,0.5555555555555556,0.8181818181818182,0.6741998624632421,16,0.001,0,0,9,resize_cube64_hu_m600_1500
1,TEST,0.6,0.375,0.25,0.9230769230769231,0.4803844614152614,16,0.001,0,0,9,resize_cube64_hu_m600_1500
2,VALIDATION,0.65,0.6666666666666666,0.7777777777777778,0.5454545454545454,0.6513389472789296,16,0.001,0,0,9,resize_cube64_hu_m600_1500
2,TEST,0.6,0.6153846153846154,0.6666666666666666,0.5384615384615384,0.599144689515278,16,0.001,0,0,9,resize_cube64_hu_m600_1500
3,VALIDATION,0.65,0.5882352941176471,0.5555555555555556,0.7272727272727273,0.6356417261637283,16,0.001,0,0,9,resize_cube64_hu_m600_1500
3,TEST,0.6,0.6153846153846154,0.6666666666666666,0.5384615384615384,0.599144689515278,16,0.001,0,0,9,resize_cube64_hu_m600_1500
4,VALIDATION,0.6,0.5555555555555556,0.5555555555555556,0.6363636363636364,0.5945883900105632,16,0.001,0,0,9,resize_cube64_hu_m600_1500
4,TEST,0.48,0.5185185185185185,0.5833333333333334,0.38461538461538464,0.47366546671567095,16,0.001,0,0,9,resize_cube64_hu_m600_1500
5,VALIDATION,0.7,0.7,0.7,0.7,0.7,16,0.001,0,0,9,resize_cube64_hu_m600_1500
5,TEST,0.72,0.5882352941176471,0.45454545454545453,0.9285714285714286,0.6496752435470525,16,0.001,0,0,9,resize_cube64_hu_m600_1500
MEAN,VALIDATION,0.6599999999999999,0.6270915032679738,0.6288888888888889,0.6854545454545453,0.6511537851832927,16,0.001,9
MEAN,TEST,0.6,0.5425046086810793,0.5242424242424242,0.6626373626373626,0.5604029101417082,16,0.001,9
1,VALIDATION,0.65,0.631578947368421,0.6666666666666666,0.6363636363636364,0.6513389472789296,16,0.001,0,0.3,9,resize_cube64_hu_m600_1500
1,TEST,0.56,0.5217391304347826,0.5,0.6153846153846154,0.5547001962252291,16,0.001,0,0.3,9,resize_cube64_hu_m600_1500
2,VALIDATION,0.7,0.7272727272727273,0.8888888888888888,0.5454545454545454,0.6963106238227913,16,0.001,0,0.3,9,resize_cube64_hu_m600_1500
2,TEST,0.56,0.5217391304347826,0.5,0.6153846153846154,0.5547001962252291,16,0.001,0,0.3,9,resize_cube64_hu_m600_1500
3,VALIDATION,0.55,0.5714285714285714,0.6666666666666666,0.45454545454545453,0.5504818825631803,16,0.001,0,0.3,9,resize_cube64_hu_m600_1500
3,TEST,0.6,0.6666666666666666,0.8333333333333334,0.38461538461538464,0.5661385170722979,16,0.001,0,0.3,9,resize_cube64_hu_m600_1500
4,VALIDATION,0.7,0.6666666666666666,0.6666666666666666,0.7272727272727273,0.6963106238227914,16,0.001,0,0.3,9,resize_cube64_hu_m600_1500
4,TEST,0.48,0.5806451612903226,0.75,0.23076923076923078,0.41602514716892186,16,0.001,0,0.3,9,resize_cube64_hu_m600_1500
5,VALIDATION,0.6,0.6,0.6,0.6,0.6,16,0.001,0,0.3,9,resize_cube64_hu_m600_1500
5,TEST,0.64,0.5714285714285714,0.5454545454545454,0.7142857142857143,0.6241877839323592,16,0.001,0,0.3,9,resize_cube64_hu_m600_1500
MEAN,VALIDATION,0.64,0.6393893825472773,0.6977777777777777,0.5927272727272727,0.6388884154975385,16,0.001,9
MEAN,TEST,0.5680000000000001,0.5724437320510252,0.6257575757575757,0.5120879120879122,0.5431503681248074,16,0.001,9
1,VALIDATION,0.5,0.5454545454545454,0.6666666666666666,0.36363636363636365,0.49236596391733095,16,0.001,0,0.5,9,resize_cube64_hu_m600_1500
1,TEST,0.64,0.6666666666666666,0.75,0.5384615384615384,0.6354889093022426,16,0.001,0,0.5,9,resize_cube64_hu_m600_1500
2,VALIDATION,0.65,0.6956521739130435,0.8888888888888888,0.45454545454545453,0.6356417261637282,16,0.001,0,0.5,9,resize_cube64_hu_m600_1500
2,TEST,0.44,0.5625,0.75,0.15384615384615385,0.3396831102433787,16,0.001,0,0.5,9,resize_cube64_hu_m600_1500
3,VALIDATION,0.75,0.7058823529411765,0.6666666666666666,0.8181818181818182,0.7385489458759964,16,0.001,0,0.5,9,resize_cube64_hu_m600_1500
3,TEST,0.48,0.43478260869565216,0.4166666666666667,0.5384615384615384,0.47366546671567095,16,0.001,0,0.5,9,resize_cube64_hu_m600_1500
4,VALIDATION,0.7,0.7,0.7777777777777778,0.6363636363636364,0.7035264706814485,16,0.001,0,0.5,9,resize_cube64_hu_m600_1500
4,TEST,0.48,0.6285714285714286,0.9166666666666666,0.07692307692307693,0.2655425022718972,16,0.001,0,0.5,9,resize_cube64_hu_m600_1500
5,VALIDATION,0.45,0.26666666666666666,0.2,0.7,0.3741657386773941,16,0.001,0,0.5,9,resize_cube64_hu_m600_1500
5,TEST,0.52,0.45454545454545453,0.45454545454545453,0.5714285714285714,0.5096471914376255,16,0.001,0,0.5,9,resize_cube64_hu_m600_1500
MEAN,VALIDATION,0.61,0.5827311477950865,0.6399999999999999,0.5945454545454545,0.5888497690631797,16,0.001,9
MEAN,TEST,0.512,0.5494132316958404,0.6575757575757576,0.3758241758241758,0.44480543599416295,16,0.001,9
1,VALIDATION,0.65,0.6666666666666666,0.7777777777777778,0.5454545454545454,0.6513389472789296,16,0.001,1e-05,0,9,resize_cube64_hu_m600_1500
1,TEST,0.6,0.6153846153846154,0.6666666666666666,0.5384615384615384,0.599144689515278,16,0.001,1e-05,0,9,resize_cube64_hu_m600_1500
2,VALIDATION,0.7,0.7,0.7777777777777778,0.6363636363636364,0.7035264706814485,16,0.001,1e-05,0,9,resize_cube64_hu_m600_1500
2,TEST,0.64,0.64,0.6666666666666666,0.6153846153846154,0.6405126152203485,16,0.001,1e-05,0,9,resize_cube64_hu_m600_1500
3,VALIDATION,0.5,0.5,0.5555555555555556,0.45454545454545453,0.502518907629606,16,0.001,1e-05,0,9,resize_cube64_hu_m600_1500
3,TEST,0.6,0.6666666666666666,0.8333333333333334,0.38461538461538464,0.5661385170722979,16,0.001,1e-05,0,9,resize_cube64_hu_m600_1500
4,VALIDATION,0.6,0.42857142857142855,0.3333333333333333,0.8181818181818182,0.5222329678670935,16,0.001,1e-05,0,9,resize_cube64_hu_m600_1500
4,TEST,0.56,0.56,0.5833333333333334,0.5384615384615384,0.560448538317805,16,0.001,1e-05,0,9,resize_cube64_hu_m600_1500
5,VALIDATION,0.7,0.6666666666666666,0.6,0.8,0.6928203230275509,16,0.001,1e-05,0,9,resize_cube64_hu_m600_1500
5,TEST,0.72,0.5333333333333333,0.36363636363636365,1.0,0.6030226891555273,16,0.001,1e-05,0,9,resize_cube64_hu_m600_1500
MEAN,VALIDATION,0.6300000000000001,0.5923809523809523,0.6088888888888889,0.650909090909091,0.6144875232969257,16,0.001,9
MEAN,TEST,0.624,0.6030769230769231,0.6227272727272728,0.6153846153846153,0.5938534098562513,16,0.001,9
1,VALIDATION,0.6,0.6,0.6666666666666666,0.5454545454545454,0.6030226891555273,16,0.001,1e-05,0.3,9,resize_cube64_hu_m600_1500
1,TEST,0.68,0.6666666666666666,0.6666666666666666,0.6923076923076923,0.6793662204867574,16,0.001,1e-05,0.3,9,resize_cube64_hu_m600_1500
2,VALIDATION,0.7,0.7,0.7777777777777778,0.6363636363636364,0.7035264706814485,16,0.001,1e-05,0.3,9,resize_cube64_hu_m600_1500
2,TEST,0.4,0.4,0.4166666666666667,0.38461538461538464,0.40032038451271784,16,0.001,1e-05,0.3,9,resize_cube64_hu_m600_1500
3,VALIDATION,0.75,0.7619047619047619,0.8888888888888888,0.6363636363636364,0.7521014330903549,16,0.001,1e-05,0.3,9,resize_cube64_hu_m600_1500
3,TEST,0.76,0.7857142857142857,0.9166666666666666,0.6153846153846154,0.7510676161988108,16,0.001,1e-05,0.3,9,resize_cube64_hu_m600_1500
4,VALIDATION,0.75,0.7058823529411765,0.6666666666666666,0.8181818181818182,0.7385489458759964,16,0.001,1e-05,0.3,9,resize_cube64_hu_m600_1500
4,TEST,0.52,0.45454545454545453,0.4166666666666667,0.6153846153846154,0.5063696835418333,16,0.001,1e-05,0.3,9,resize_cube64_hu_m600_1500
5,VALIDATION,0.55,0.3076923076923077,0.2,0.9,0.42426406871192857,16,0.001,1e-05,0.3,9,resize_cube64_hu_m600_1500
5,TEST,0.56,0.26666666666666666,0.18181818181818182,0.8571428571428571,0.39477101697586137,16,0.001,1e-05,0.3,9,resize_cube64_hu_m600_1500
MEAN,VALIDATION,0.6699999999999999,0.6150958845076492,0.6399999999999999,0.7072727272727273,0.6442927215030511,16,0.001,9
MEAN,TEST,0.5840000000000001,0.5147186147186147,0.5196969696969697,0.6329670329670329,0.5463789843431961,16,0.001,9
1,VALIDATION,0.65,0.5333333333333333,0.4444444444444444,0.8181818181818182,0.6030226891555273,16,0.001,1e-05,0.5,9,resize_cube64_hu_m600_1500
1,TEST,0.52,0.4,0.3333333333333333,0.6923076923076923,0.48038446141526137,16,0.001,1e-05,0.5,9,resize_cube64_hu_m600_1500
2,VALIDATION,0.7,0.7272727272727273,0.8888888888888888,0.5454545454545454,0.6963106238227913,16,0.001,1e-05,0.5,9,resize_cube64_hu_m600_1500
2,TEST,0.44,0.46153846153846156,0.5,0.38461538461538464,0.4385290096535146,16,0.001,1e-05,0.5,9,resize_cube64_hu_m600_1500
3,VALIDATION,0.7,0.7,0.7777777777777778,0.6363636363636364,0.7035264706814485,16,0.001,1e-05,0.5,9,resize_cube64_hu_m600_1500
3,TEST,0.6,0.5454545454545454,0.5,0.6923076923076923,0.5883484054145521,16,0.001,1e-05,0.5,9,resize_cube64_hu_m600_1500
4,VALIDATION,0.7,0.7,0.7777777777777778,0.6363636363636364,0.7035264706814485,16,0.001,1e-05,0.5,9,resize_cube64_hu_m600_1500
4,TEST,0.44,0.5625,0.75,0.15384615384615385,0.3396831102433787,16,0.001,1e-05,0.5,9,resize_cube64_hu_m600_1500
5,VALIDATION,0.6,0.6666666666666666,0.8,0.4,0.5656854249492381,16,0.001,1e-05,0.5,9,resize_cube64_hu_m600_1500
5,TEST,0.64,0.6666666666666666,0.8181818181818182,0.5,0.6396021490668313,16,0.001,1e-05,0.5,9,resize_cube64_hu_m600_1500
MEAN,VALIDATION,0.67,0.6654545454545454,0.7377777777777779,0.6072727272727272,0.6544143358580908,16,0.001,9
MEAN,TEST,0.528,0.5272319347319347,0.5803030303030303,0.48461538461538456,0.49730942715870763,16,0.001,9
1,VALIDATION,0.75,0.6153846153846154,0.4444444444444444,1.0,0.6666666666666666,32,0.001,0,0,9,resize_cube64_hu_m600_1500
1,TEST,0.48,0.13333333333333333,0.08333333333333333,0.8461538461538461,0.2655425022718972,32,0.001,0,0,9,resize_cube64_hu_m600_1500
2,VALIDATION,0.75,0.7368421052631579,0.7777777777777778,0.7272727272727273,0.7521014330903549,32,0.001,0,0,9,resize_cube64_hu_m600_1500
2,TEST,0.6,0.5454545454545454,0.5,0.6923076923076923,0.5883484054145521,32,0.001,0,0,9,resize_cube64_hu_m600_1500
3,VALIDATION,0.65,0.5882352941176471,0.5555555555555556,0.7272727272727273,0.6356417261637283,32,0.001,0,0,9,resize_cube64_hu_m600_1500
3,TEST,0.64,0.6896551724137931,0.8333333333333334,0.46153846153846156,0.6201736729460423,32,0.001,0,0,9,resize_cube64_hu_m600_1500
4,VALIDATION,0.55,0.6086956521739131,0.7777777777777778,0.36363636363636365,0.5318160234783105,32,0.001,0,0,9,resize_cube64_hu_m600_1500
4,TEST,0.52,0.6,0.75,0.3076923076923077,0.4803844614152614,32,0.001,0,0,9,resize_cube64_hu_m600_1500
5,VALIDATION,0.6,0.6,0.6,0.6,0.6,32,0.001,0,0,9,resize_cube64_hu_m600_1500
5,TEST,0.64,0.5263157894736842,0.45454545454545453,0.7857142857142857,0.5976143046671968,32,0.001,0,0,9,resize_cube64_hu_m600_1500
MEAN,VALIDATION,0.66,0.6298315333878668,0.6311111111111112,0.6836363636363637,0.6372451698798121,32,0.001,9
MEAN,TEST,0.5760000000000001,0.4989517681350712,0.5242424242424243,0.6186813186813186,0.51041266934299,32,0.001,9
1,VALIDATION,0.55,0.5263157894736842,0.5555555555555556,0.5454545454545454,0.5504818825631803,32,0.001,0,0.3,9,resize_cube64_hu_m600_1500
1,TEST,0.68,0.6666666666666666,0.6666666666666666,0.6923076923076923,0.6793662204867574,32,0.001,0,0.3,9,resize_cube64_hu_m600_1500
2,VALIDATION,0.75,0.7368421052631579,0.7777777777777778,0.7272727272727273,0.7521014330903549,32,0.001,0,0.3,9,resize_cube64_hu_m600_1500
2,TEST,0.56,0.47619047619047616,0.4166666666666667,0.6923076923076923,0.5370861555295747,32,0.001,0,0.3,9,resize_cube64_hu_m600_1500
3,VALIDATION,0.75,0.7368421052631579,0.7777777777777778,0.7272727272727273,0.7521014330903549,32,0.001,0,0.3,9,resize_cube64_hu_m600_1500
3,TEST,0.76,0.7692307692307693,0.8333333333333334,0.6923076923076923,0.75955452531275,32,0.001,0,0.3,9,resize_cube64_hu_m600_1500
4,VALIDATION,0.75,0.7368421052631579,0.7777777777777778,0.7272727272727273,0.7521014330903549,32,0.001,0,0.3,9,resize_cube64_hu_m600_1500
4,TEST,0.44,0.5,0.5833333333333334,0.3076923076923077,0.42365927286816174,32,0.001,0,0.3,9,resize_cube64_hu_m600_1500
5,VALIDATION,0.55,0.47058823529411764,0.4,0.7,0.529150262212918,32,0.001,0,0.3,9,resize_cube64_hu_m600_1500
5,TEST,0.44,0.36363636363636365,0.36363636363636365,0.5,0.4264014327112209,32,0.001,0,0.3,9,resize_cube64_hu_m600_1500
MEAN,VALIDATION,0.6699999999999999,0.6414860681114551,0.6577777777777778,0.6854545454545455,0.6671872888094326,32,0.001,9
MEAN,TEST,0.576,0.5551448551448551,0.5727272727272728,0.5769230769230769,0.565213521381693,32,0.001,9
1,VALIDATION,0.55,0.4,0.3333333333333333,0.7272727272727273,0.49236596391733095,32,0.001,0,0.5,9,resize_cube64_hu_m600_1500
1,TEST,0.52,0.3333333333333333,0.25,0.7692307692307693,0.4385290096535146,32,0.001,0,0.5,9,resize_cube64_hu_m600_1500
2,VALIDATION,0.75,0.7058823529411765,0.6666666666666666,0.8181818181818182,0.7385489458759964,32,0.001,0,0.5,9,resize_cube64_hu_m600_1500
2,TEST,0.4,0.0,0.0,0.7692307692307693,0.0,32,0.001,0,0.5,9,resize_cube64_hu_m600_1500
3,VALIDATION,0.7,0.6666666666666666,0.6666666666666666,0.7272727272727273,0.6963106238227914,32,0.001,0,0.5,9,resize_cube64_hu_m600_1500
3,TEST,0.8,0.8148148148148148,0.9166666666666666,0.6923076923076923,0.7966275068156915,32,0.001,0,0.5,9,resize_cube64_hu_m600_1500
4,VALIDATION,0.7,0.6666666666666666,0.6666666666666666,0.7272727272727273,0.6963106238227914,32,0.001,0,0.5,9,resize_cube64_hu_m600_1500
4,TEST,0.68,0.7142857142857143,0.8333333333333334,0.5384615384615384,0.6698641270570836,32,0.001,0,0.5,9,resize_cube64_hu_m600_1500
5,VALIDATION,0.7,0.7692307692307693,1.0,0.4,0.6324555320336759,32,0.001,0,0.5,9,resize_cube64_hu_m600_1500
5,TEST,0.56,0.6666666666666666,1.0,0.21428571428571427,0.4629100498862757,32,0.001,0,0.5,9,resize_cube64_hu_m600_1500
MEAN,VALIDATION,0.68,0.6416892911010558,0.6666666666666666,0.6799999999999999,0.6511983378945173,32,0.001,9
MEAN,TEST,0.5920000000000001,0.5058201058201057,0.6,0.5967032967032967,0.473586138682513,32,0.001,9
1,VALIDATION,0.75,0.6153846153846154,0.4444444444444444,1.0,0.6666666666666666,32,0.001,1e-05,0,9,resize_cube64_hu_m600_1500
1,TEST,0.68,0.5555555555555556,0.4166666666666667,0.9230769230769231,0.6201736729460423,32,0.001,1e-05,0,9,resize_cube64_hu_m600_1500
2,VALIDATION,0.65,0.6666666666666666,0.7777777777777778,0.5454545454545454,0.6513389472789296,32,0.001,1e-05,0,9,resize_cube64_hu_m600_1500
2,TEST,0.64,0.64,0.6666666666666666,0.6153846153846154,0.6405126152203485,32,0.001,1e-05,0,9,resize_cube64_hu_m600_1500
3,VALIDATION,0.7,0.7272727272727273,0.8888888888888888,0.5454545454545454,0.6963106238227913,32,0.001,1e-05,0,9,resize_cube64_hu_m600_1500
3,TEST,0.68,0.75,1.0,0.38461538461538464,0.6201736729460423,32,0.001,1e-05,0,9,resize_cube64_hu_m600_1500
4,VALIDATION,0.6,0.6,0.6666666666666666,0.5454545454545454,0.6030226891555273,32,0.001,1e-05,0,9,resize_cube64_hu_m600_1500
4,TEST,0.56,0.5925925925925926,0.6666666666666666,0.46153846153846156,0.5547001962252291,32,0.001,1e-05,0,9,resize_cube64_hu_m600_1500
5,VALIDATION,0.65,0.6956521739130435,0.8,0.5,0.6324555320336759,32,0.001,1e-05,0,9,resize_cube64_hu_m600_1500
5,TEST,0.68,0.6923076923076923,0.8181818181818182,0.5714285714285714,0.6837634587578277,32,0.001,1e-05,0,9,resize_cube64_hu_m600_1500
MEAN,VALIDATION,0.6699999999999999,0.6609952366474106,0.7155555555555555,0.6272727272727272,0.6499588917915181,32,0.001,9
MEAN,TEST,0.648,0.6460911680911681,0.7136363636363636,0.5912087912087912,0.623864723219098,32,0.001,9
1,VALIDATION,0.6,0.6,0.6666666666666666,0.5454545454545454,0.6030226891555273,32,0.001,1e-05,0.3,9,resize_cube64_hu_m600_1500
1,TEST,0.6,0.6153846153846154,0.6666666666666666,0.5384615384615384,0.599144689515278,32,0.001,1e-05,0.3,9,resize_cube64_hu_m600_1500
2,VALIDATION,0.7,0.7,0.7777777777777778,0.6363636363636364,0.7035264706814485,32,0.001,1e-05,0.3,9,resize_cube64_hu_m600_1500
2,TEST,0.44,0.36363636363636365,0.3333333333333333,0.5384615384615384,0.4236592728681617,32,0.001,1e-05,0.3,9,resize_cube64_hu_m600_1500
3,VALIDATION,0.85,0.8421052631578947,0.8888888888888888,0.8181818181818182,0.8528028654224418,32,0.001,1e-05,0.3,9,resize_cube64_hu_m600_1500
3,TEST,0.72,0.72,0.75,0.6923076923076923,0.7205766921228921,32,0.001,1e-05,0.3,9,resize_cube64_hu_m600_1500
4,VALIDATION,0.7,0.7,0.7777777777777778,0.6363636363636364,0.7035264706814485,32,0.001,1e-05,0.3,9,resize_cube64_hu_m600_1500
4,TEST,0.4,0.5161290322580645,0.6666666666666666,0.15384615384615385,0.32025630761017426,32,0.001,1e-05,0.3,9,resize_cube64_hu_m600_1500
5,VALIDATION,0.55,0.5263157894736842,0.5,0.6,0.5477225575051661,32,0.001,1e-05,0.3,9,resize_cube64_hu_m600_1500
5,TEST,0.64,0.6086956521739131,0.6363636363636364,0.6428571428571429,0.6396021490668313,32,0.001,1e-05,0.3,9,resize_cube64_hu_m600_1500
MEAN,VALIDATION,0.6799999999999999,0.6736842105263158,0.7222222222222221,0.6472727272727272,0.6821202106892065,32,0.001,9
MEAN,TEST,0.56,0.5647691326905913,0.6106060606060606,0.5131868131868131,0.5406478222366675,32,0.001,9
1,VALIDATION,0.4,0.5,0.6666666666666666,0.18181818181818182,0.3481553119113957,32,0.001,1e-05,0.5,9,resize_cube64_hu_m600_1500
1,TEST,0.6,0.6666666666666666,0.8333333333333334,0.38461538461538464,0.5661385170722979,32,0.001,1e-05,0.5,9,resize_cube64_hu_m600_1500
2,VALIDATION,0.7,0.6666666666666666,0.6666666666666666,0.7272727272727273,0.6963106238227914,32,0.001,1e-05,0.5,9,resize_cube64_hu_m600_1500
2,TEST,0.44,0.4166666666666667,0.4166666666666667,0.46153846153846156,0.4385290096535146,32,0.001,1e-05,0.5,9,resize_cube64_hu_m600_1500
3,VALIDATION,0.7,0.625,0.5555555555555556,0.8181818181818182,0.6741998624632421,32,0.001,1e-05,0.5,9,resize_cube64_hu_m600_1500
3,TEST,0.72,0.7407407407407407,0.8333333333333334,0.6153846153846154,0.716114874039433,32,0.001,1e-05,0.5,9,resize_cube64_hu_m600_1500
4,VALIDATION,0.75,0.7058823529411765,0.6666666666666666,0.8181818181818182,0.7385489458759964,32,0.001,1e-05,0.5,9,resize_cube64_hu_m600_1500
4,TEST,0.64,0.6666666666666666,0.75,0.5384615384615384,0.6354889093022426,32,0.001,1e-05,0.5,9,resize_cube64_hu_m600_1500
5,VALIDATION,0.65,0.7407407407407407,1.0,0.3,0.5477225575051661,32,0.001,1e-05,0.5,9,resize_cube64_hu_m600_1500
5,TEST,0.56,0.6451612903225806,0.9090909090909091,0.2857142857142857,0.5096471914376255,32,0.001,1e-05,0.5,9,resize_cube64_hu_m600_1500
MEAN,VALIDATION,0.6399999999999999,0.6476579520697168,0.711111111111111,0.5690909090909091,0.6009874603157183,32,0.001,9
MEAN,TEST,0.592,0.6271804062126642,0.7484848484848485,0.45714285714285713,0.5731837003010227,32,0.001,9
1,VALIDATION,0.65,0.5882352941176471,0.5555555555555556,0.7272727272727273,0.6356417261637283,4,0.001,0,0,9,resize_cube64_hu_m300_1400
1,TEST,0.56,0.47619047619047616,0.4166666666666667,0.6923076923076923,0.5370861555295747,4,0.001,0,0,9,resize_cube64_hu_m300_1400
2,VALIDATION,0.75,0.7058823529411765,0.6666666666666666,0.8181818181818182,0.7385489458759964,4,0.001,0,0,9,resize_cube64_hu_m300_1400
2,TEST,0.44,0.3,0.25,0.6153846153846154,0.3922322702763681,4,0.001,0,0,9,resize_cube64_hu_m300_1400
3,VALIDATION,0.7,0.5714285714285714,0.4444444444444444,0.9090909090909091,0.6356417261637282,4,0.001,0,0,9,resize_cube64_hu_m300_1400
3,TEST,0.76,0.75,0.75,0.7692307692307693,0.75955452531275,4,0.001,0,0,9,resize_cube64_hu_m300_1400
4,VALIDATION,0.6,0.5555555555555556,0.5555555555555556,0.6363636363636364,0.5945883900105632,4,0.001,0,0,9,resize_cube64_hu_m300_1400
4,TEST,0.6,0.6666666666666666,0.8333333333333334,0.38461538461538464,0.5661385170722979,4,0.001,0,0,9,resize_cube64_hu_m300_1400
5,VALIDATION,0.65,0.6666666666666666,0.7,0.6,0.648074069840786,4,0.001,0,0,9,resize_cube64_hu_m300_1400
5,TEST,0.44,0.36363636363636365,0.36363636363636365,0.5,0.4264014327112209,4,0.001,0,0,9,resize_cube64_hu_m300_1400
MEAN,VALIDATION,0.6699999999999999,0.6175536881419235,0.5844444444444445,0.7381818181818182,0.6504989716109604,4,0.001,9
MEAN,TEST,0.5599999999999999,0.5112987012987013,0.5227272727272727,0.5923076923076923,0.5362825801804423,4,0.001,9
1,VALIDATION,0.65,0.631578947368421,0.6666666666666666,0.6363636363636364,0.6513389472789296,4,0.001,0,0.3,9,resize_cube64_hu_m300_1400
1,TEST,0.68,0.6,0.5,0.8461538461538461,0.6504436355879909,4,0.001,0,0.3,9,resize_cube64_hu_m300_1400
2,VALIDATION,0.8,0.8,0.8888888888888888,0.7272727272727273,0.8040302522073697,4,0.001,0,0.3,9,resize_cube64_hu_m300_1400
2,TEST,0.52,0.4,0.3333333333333333,0.6923076923076923,0.48038446141526137,4,0.001,0,0.3,9,resize_cube64_hu_m300_1400
3,VALIDATION,0.6,0.6666666666666666,0.8888888888888888,0.36363636363636365,0.5685352436149611,4,0.001,0,0.3,9,resize_cube64_hu_m300_1400
3,TEST,0.76,0.8,1.0,0.5384615384615384,0.7337993857053428,4,0.001,0,0.3,9,resize_cube64_hu_m300_1400
4,VALIDATION,0.75,0.7368421052631579,0.7777777777777778,0.7272727272727273,0.7521014330903549,4,0.001,0,0.3,9,resize_cube64_hu_m300_1400
4,TEST,0.52,0.6470588235294118,0.9166666666666666,0.15384615384615385,0.3755338080994054,4,0.001,0,0.3,9,resize_cube64_hu_m300_1400
5,VALIDATION,0.7,0.7272727272727273,0.8,0.6,0.6928203230275509,4,0.001,0,0.3,9,resize_cube64_hu_m300_1400
5,TEST,0.56,0.56,0.6363636363636364,0.5,0.5640760748177662,4,0.001,0,0.3,9,resize_cube64_hu_m300_1400
MEAN,VALIDATION,0.7,0.7124720893141946,0.8044444444444444,0.6109090909090911,0.6937652398438333,4,0.001,9
MEAN,TEST,0.6080000000000001,0.6014117647058824,0.6772727272727272,0.5461538461538461,0.5608474731251534,4,0.001,9
1,VALIDATION,0.55,0.47058823529411764,0.4444444444444444,0.6363636363636364,0.5318160234783105,4,0.001,0,0.5,9,resize_cube64_hu_m300_1400
1,TEST,0.56,0.56,0.5833333333333334,0.5384615384615384,0.560448538317805,4,0.001,0,0.5,9,resize_cube64_hu_m300_1400
2,VALIDATION,0.6,0.6363636363636364,0.7777777777777778,0.45454545454545453,0.5945883900105632,4,0.001,0,0.5,9,resize_cube64_hu_m300_1400
2,TEST,0.52,0.5714285714285714,0.6666666666666666,0.38461538461538464,0.5063696835418333,4,0.001,0,0.5,9,resize_cube64_hu_m300_1400
3,VALIDATION,0.7,0.7272727272727273,0.8888888888888888,0.5454545454545454,0.6963106238227913,4,0.001,0,0.5,9,resize_cube64_hu_m300_1400
3,TEST,0.76,0.8,1.0,0.5384615384615384,0.7337993857053428,4,0.001,0,0.5,9,resize_cube64_hu_m300_1400
4,VALIDATION,0.6,0.6363636363636364,0.7777777777777778,0.45454545454545453,0.5945883900105632,4,0.001,0,0.5,9,resize_cube64_hu_m300_1400
4,TEST,0.44,0.6111111111111112,0.9166666666666666,0.0,0.0,4,0.001,0,0.5,9,resize_cube64_hu_m300_1400
5,VALIDATION,0.65,0.5882352941176471,0.5,0.8,0.6324555320336759,4,0.001,0,0.5,9,resize_cube64_hu_m300_1400
5,TEST,0.64,0.6086956521739131,0.6363636363636364,0.6428571428571429,0.6396021490668313,4,0.001,0,0.5,9,resize_cube64_hu_m300_1400
MEAN,VALIDATION,0.6199999999999999,0.611764705882353,0.6777777777777778,0.5781818181818181,0.6099517918711809,4,0.001,9
MEAN,TEST,0.5840000000000001,0.6302470669427191,0.7606060606060605,0.4208791208791209,0.48804395132636247,4,0.001,9
1,VALIDATION,0.6,0.5,0.4444444444444444,0.7272727272727273,0.5685352436149611,4,0.001,1e-05,0,9,resize_cube64_hu_m300_1400
1,TEST,0.64,0.5263157894736842,0.4166666666666667,0.8461538461538461,0.5937710859953544,4,0.001,1e-05,0,9,resize_cube64_hu_m300_1400
2,VALIDATION,0.7,0.6666666666666666,0.6666666666666666,0.7272727272727273,0.6963106238227914,4,0.001,1e-05,0,9,resize_cube64_hu_m300_1400
2,TEST,0.52,0.45454545454545453,0.4166666666666667,0.6153846153846154,0.5063696835418333,4,0.001,1e-05,0,9,resize_cube64_hu_m300_1400
3,VALIDATION,0.6,0.6,0.6666666666666666,0.5454545454545454,0.6030226891555273,4,0.001,1e-05,0,9,resize_cube64_hu_m300_1400
3,TEST,0.56,0.6206896551724138,0.75,0.38461538461538464,0.5370861555295747,4,0.001,1e-05,0,9,resize_cube64_hu_m300_1400
4,VALIDATION,0.6,0.6666666666666666,0.8888888888888888,0.36363636363636365,0.5685352436149611,4,0.001,1e-05,0,9,resize_cube64_hu_m300_1400
4,TEST,0.52,0.6470588235294118,0.9166666666666666,0.15384615384615385,0.3755338080994054,4,0.001,1e-05,0,9,resize_cube64_hu_m300_1400
5,VALIDATION,0.65,0.6666666666666666,0.7,0.6,0.648074069840786,4,0.001,1e-05,0,9,resize_cube64_hu_m300_1400
5,TEST,0.64,0.5714285714285714,0.5454545454545454,0.7142857142857143,0.6241877839323592,4,0.001,1e-05,0,9,resize_cube64_hu_m300_1400
MEAN,VALIDATION,0.63,0.6199999999999999,0.6733333333333332,0.5927272727272728,0.6168955740098053,4,0.001,9
MEAN,TEST,0.5760000000000001,0.564007658829907,0.6090909090909091,0.5428571428571429,0.5273897034197054,4,0.001,9
1,VALIDATION,0.5,0.5454545454545454,0.6666666666666666,0.36363636363636365,0.49236596391733095,4,0.001,1e-05,0.3,9,resize_cube64_hu_m300_1400
1,TEST,0.6,0.6666666666666666,0.8333333333333334,0.38461538461538464,0.5661385170722979,4,0.001,1e-05,0.3,9,resize_cube64_hu_m300_1400
2,VALIDATION,0.75,0.7058823529411765,0.6666666666666666,0.8181818181818182,0.7385489458759964,4,0.001,1e-05,0.3,9,resize_cube64_hu_m300_1400
2,TEST,0.4,0.34782608695652173,0.3333333333333333,0.46153846153846156,0.3922322702763681,4,0.001,1e-05,0.3,9,resize_cube64_hu_m300_1400
3,VALIDATION,0.8,0.8,0.8888888888888888,0.7272727272727273,0.8040302522073697,4,0.001,1e-05,0.3,9,resize_cube64_hu_m300_1400
3,TEST,0.76,0.7857142857142857,0.9166666666666666,0.6153846153846154,0.7510676161988108,4,0.001,1e-05,0.3,9,resize_cube64_hu_m300_1400
4,VALIDATION,0.7,0.7,0.7777777777777778,0.6363636363636364,0.7035264706814485,4,0.001,1e-05,0.3,9,resize_cube64_hu_m300_1400
4,TEST,0.48,0.6285714285714286,0.9166666666666666,0.07692307692307693,0.2655425022718972,4,0.001,1e-05,0.3,9,resize_cube64_hu_m300_1400
5,VALIDATION,0.75,0.7368421052631579,0.7,0.8,0.7483314773547882,4,0.001,1e-05,0.3,9,resize_cube64_hu_m300_1400
5,TEST,0.64,0.5714285714285714,0.5454545454545454,0.7142857142857143,0.6241877839323592,4,0.001,1e-05,0.3,9,resize_cube64_hu_m300_1400
MEAN,VALIDATION,0.7,0.6976358007317761,0.74,0.6690909090909092,0.6973606220073867,4,0.001,9
MEAN,TEST,0.5760000000000001,0.6000414078674948,0.7090909090909091,0.45054945054945056,0.5198337379503466,4,0.001,9
1,VALIDATION,0.45,0.5217391304347826,0.6666666666666666,0.2727272727272727,0.42640143271122083,4,0.001,1e-05,0.5,9,resize_cube64_hu_m300_1400
1,TEST,0.6,0.6875,0.9166666666666666,0.3076923076923077,0.5310850045437944,4,0.001,1e-05,0.5,9,resize_cube64_hu_m300_1400
2,VALIDATION,0.75,0.7619047619047619,0.8888888888888888,0.6363636363636364,0.7521014330903549,4,0.001,1e-05,0.5,9,resize_cube64_hu_m300_1400
2,TEST,0.56,0.5925925925925926,0.6666666666666666,0.46153846153846156,0.5547001962252291,4,0.001,1e-05,0.5,9,resize_cube64_hu_m300_1400
3,VALIDATION,0.5,0.6153846153846154,0.8888888888888888,0.18181818181818182,0.40201512610368484,4,0.001,1e-05,0.5,9,resize_cube64_hu_m300_1400
3,TEST,0.56,0.6857142857142857,1.0,0.15384615384615385,0.3922322702763681,4,0.001,1e-05,0.5,9,resize_cube64_hu_m300_1400
4,VALIDATION,0.75,0.7368421052631579,0.7777777777777778,0.7272727272727273,0.7521014330903549,4,0.001,1e-05,0.5,9,resize_cube64_hu_m300_1400
4,TEST,0.48,0.6060606060606061,0.8333333333333334,0.15384615384615385,0.3580574370197165,4,0.001,1e-05,0.5,9,resize_cube64_hu_m300_1400
5,VALIDATION,0.75,0.7619047619047619,0.8,0.7,0.7483314773547882,4,0.001,1e-05,0.5,9,resize_cube64_hu_m300_1400
5,TEST,0.52,0.45454545454545453,0.45454545454545453,0.5714285714285714,0.5096471914376255,4,0.001,1e-05,0.5,9,resize_cube64_hu_m300_1400
MEAN,VALIDATION,0.64,0.6795550749784159,0.8044444444444444,0.5036363636363637,0.6161901804700808,4,0.001,9
MEAN,TEST,0.544,0.6052825877825878,0.7742424242424242,0.3296703296703297,0.46914441990054667,4,0.001,9
1,VALIDATION,0.6,0.5,0.4444444444444444,0.7272727272727273,0.5685352436149611,8,0.001,0,0,9,resize_cube64_hu_m300_1400
1,TEST,0.64,0.6086956521739131,0.5833333333333334,0.6923076923076923,0.6354889093022426,8,0.001,0,0,9,resize_cube64_hu_m300_1400
2,VALIDATION,0.7,0.6666666666666666,0.6666666666666666,0.7272727272727273,0.6963106238227914,8,0.001,0,0,9,resize_cube64_hu_m300_1400
2,TEST,0.68,0.6,0.5,0.8461538461538461,0.6504436355879909,8,0.001,0,0,9,resize_cube64_hu_m300_1400
3,VALIDATION,0.55,0.47058823529411764,0.4444444444444444,0.6363636363636364,0.5318160234783105,8,0.001,0,0,9,resize_cube64_hu_m300_1400
3,TEST,0.76,0.75,0.75,0.7692307692307693,0.75955452531275,8,0.001,0,0,9,resize_cube64_hu_m300_1400
4,VALIDATION,0.6,0.6,0.6666666666666666,0.5454545454545454,0.6030226891555273,8,0.001,0,0,9,resize_cube64_hu_m300_1400
4,TEST,0.44,0.5333333333333333,0.6666666666666666,0.23076923076923078,0.3922322702763681,8,0.001,0,0,9,resize_cube64_hu_m300_1400
5,VALIDATION,0.65,0.6956521739130435,0.8,0.5,0.6324555320336759,8,0.001,0,0,9,resize_cube64_hu_m300_1400
5,TEST,0.56,0.56,0.6363636363636364,0.5,0.5640760748177662,8,0.001,0,0,9,resize_cube64_hu_m300_1400
MEAN,VALIDATION,0.6199999999999999,0.5865814151747656,0.6044444444444445,0.6272727272727272,0.6064280224210533,8,0.001,9
MEAN,TEST,0.616,0.6104057971014493,0.6272727272727272,0.6076923076923076,0.6003590830594236,8,0.001,9
1,VALIDATION,0.6,0.5,0.4444444444444444,0.7272727272727273,0.5685352436149611,8,0.001,0,0.3,9,resize_cube64_hu_m300_1400
1,TEST,0.56,0.35294117647058826,0.25,0.8461538461538461,0.45993310550389993,8,0.001,0,0.3,9,resize_cube64_hu_m300_1400
2,VALIDATION,0.75,0.7058823529411765,0.6666666666666666,0.8181818181818182,0.7385489458759964,8,0.001,0,0.3,9,resize_cube64_hu_m300_1400
2,TEST,0.4,0.21052631578947367,0.16666666666666666,0.6153846153846154,0.32025630761017426,8,0.001,0,0.3,9,resize_cube64_hu_m300_1400
3,VALIDATION,0.8,0.8,0.8888888888888888,0.7272727272727273,0.8040302522073697,8,0.001,0,0.3,9,resize_cube64_hu_m300_1400
3,TEST,0.64,0.6896551724137931,0.8333333333333334,0.46153846153846156,0.6201736729460423,8,0.001,0,0.3,9,resize_cube64_hu_m300_1400
4,VALIDATION,0.75,0.6666666666666666,0.5555555555555556,0.9090909090909091,0.7106690545187014,8,0.001,0,0.3,9,resize_cube64_hu_m300_1400
4,TEST,0.44,0.3,0.25,0.6153846153846154,0.3922322702763681,8,0.001,0,0.3,9,resize_cube64_hu_m300_1400
5,VALIDATION,0.7,0.7272727272727273,0.8,0.6,0.6928203230275509,8,0.001,0,0.3,9,resize_cube64_hu_m300_1400
5,TEST,0.64,0.64,0.7272727272727273,0.5714285714285714,0.6446583712203042,8,0.001,0,0.3,9,resize_cube64_hu_m300_1400
MEAN,VALIDATION,0.7200000000000001,0.679964349376114,0.671111111111111,0.7563636363636363,0.702920763848916,8,0.001,9
MEAN,TEST,0.536,0.43862453293477105,0.4454545454545455,0.6219780219780221,0.48745074551135775,8,0.001,9
1,VALIDATION,0.6,0.3333333333333333,0.2222222222222222,0.9090909090909091,0.4494665749754947,8,0.001,0,0.5,9,resize_cube64_hu_m300_1400
1,TEST,0.6,0.375,0.25,0.9230769230769231,0.4803844614152614,8,0.001,0,0.5,9,resize_cube64_hu_m300_1400
2,VALIDATION,0.6,0.6923076923076923,1.0,0.2727272727272727,0.5222329678670935,8,0.001,0,0.5,9,resize_cube64_hu_m300_1400
2,TEST,0.48,0.5806451612903226,0.75,0.23076923076923078,0.41602514716892186,8,0.001,0,0.5,9,resize_cube64_hu_m300_1400
3,VALIDATION,0.6,0.6363636363636364,0.7777777777777778,0.45454545454545453,0.5945883900105632,8,0.001,0,0.5,9,resize_cube64_hu_m300_1400
3,TEST,0.68,0.75,1.0,0.38461538461538464,0.6201736729460423,8,0.001,0,0.5,9,resize_cube64_hu_m300_1400
4,VALIDATION,0.65,0.631578947368421,0.6666666666666666,0.6363636363636364,0.6513389472789296,8,0.001,0,0.5,9,resize_cube64_hu_m300_1400
4,TEST,0.52,0.4,0.3333333333333333,0.6923076923076923,0.48038446141526137,8,0.001,0,0.5,9,resize_cube64_hu_m300_1400
5,VALIDATION,0.65,0.6956521739130435,0.8,0.5,0.6324555320336759,8,0.001,0,0.5,9,resize_cube64_hu_m300_1400
5,TEST,0.6,0.6428571428571429,0.8181818181818182,0.42857142857142855,0.592156525463792,8,0.001,0,0.5,9,resize_cube64_hu_m300_1400
MEAN,VALIDATION,0.6199999999999999,0.5978471566572252,0.6933333333333334,0.5545454545454545,0.5700164824331514,8,0.001,9
MEAN,TEST,0.5760000000000001,0.5497004608294931,0.6303030303030304,0.5318681318681319,0.5178248536818558,8,0.001,9
1,VALIDATION,0.65,0.5882352941176471,0.5555555555555556,0.7272727272727273,0.6356417261637283,8,0.001,1e-05,0,9,resize_cube64_hu_m300_1400
1,TEST,0.68,0.6363636363636364,0.5833333333333334,0.7692307692307693,0.6698641270570838,8,0.001,1e-05,0,9,resize_cube64_hu_m300_1400
2,VALIDATION,0.7,0.6666666666666666,0.6666666666666666,0.7272727272727273,0.6963106238227914,8,0.001,1e-05,0,9,resize_cube64_hu_m300_1400
2,TEST,0.56,0.35294117647058826,0.25,0.8461538461538461,0.45993310550389993,8,0.001,1e-05,0,9,resize_cube64_hu_m300_1400
3,VALIDATION,0.6,0.5,0.4444444444444444,0.7272727272727273,0.5685352436149611,8,0.001,1e-05,0,9,resize_cube64_hu_m300_1400
3,TEST,0.68,0.7142857142857143,0.8333333333333334,0.5384615384615384,0.6698641270570836,8,0.001,1e-05,0,9,resize_cube64_hu_m300_1400
4,VALIDATION,0.6,0.5,0.4444444444444444,0.7272727272727273,0.5685352436149611,8,0.001,1e-05,0,9,resize_cube64_hu_m300_1400
4,TEST,0.56,0.5217391304347826,0.5,0.6153846153846154,0.5547001962252291,8,0.001,1e-05,0,9,resize_cube64_hu_m300_1400
5,VALIDATION,0.65,0.5882352941176471,0.5,0.8,0.6324555320336759,8,0.001,1e-05,0,9,resize_cube64_hu_m300_1400
5,TEST,0.72,0.5333333333333333,0.36363636363636365,1.0,0.6030226891555273,8,0.001,1e-05,0,9,resize_cube64_hu_m300_1400
MEAN,VALIDATION,0.64,0.5686274509803921,0.5222222222222223,0.7418181818181818,0.6202956738500236,8,0.001,9
MEAN,TEST,0.64,0.551732598177611,0.5060606060606061,0.7538461538461538,0.5914768489997648,8,0.001,9
1,VALIDATION,0.45,0.5217391304347826,0.6666666666666666,0.2727272727272727,0.42640143271122083,8,0.001,1e-05,0.3,9,resize_cube64_hu_m300_1400
1,TEST,0.56,0.6451612903225806,0.8333333333333334,0.3076923076923077,0.5063696835418333,8,0.001,1e-05,0.3,9,resize_cube64_hu_m300_1400
2,VALIDATION,0.75,0.6666666666666666,0.5555555555555556,0.9090909090909091,0.7106690545187014,8,0.001,1e-05,0.3,9,resize_cube64_hu_m300_1400
2,TEST,0.48,0.23529411764705882,0.16666666666666666,0.7692307692307693,0.35805743701971643,8,0.001,1e-05,0.3,9,resize_cube64_hu_m300_1400
3,VALIDATION,0.75,0.7619047619047619,0.8888888888888888,0.6363636363636364,0.7521014330903549,8,0.001,1e-05,0.3,9,resize_cube64_hu_m300_1400
3,TEST,0.68,0.7142857142857143,0.8333333333333334,0.5384615384615384,0.6698641270570836,8,0.001,1e-05,0.3,9,resize_cube64_hu_m300_1400
4,VALIDATION,0.65,0.631578947368421,0.6666666666666666,0.6363636363636364,0.6513389472789296,8,0.001,1e-05,0.3,9,resize_cube64_hu_m300_1400
4,TEST,0.56,0.6451612903225806,0.8333333333333334,0.3076923076923077,0.5063696835418333,8,0.001,1e-05,0.3,9,resize_cube64_hu_m300_1400
5,VALIDATION,0.7,0.7,0.7,0.7,0.7,8,0.001,1e-05,0.3,9,resize_cube64_hu_m300_1400
5,TEST,0.56,0.56,0.6363636363636364,0.5,0.5640760748177662,8,0.001,1e-05,0.3,9,resize_cube64_hu_m300_1400
MEAN,VALIDATION,0.6599999999999999,0.6563779012749265,0.6955555555555556,0.6309090909090909,0.6481021735198412,8,0.001,9
MEAN,TEST,0.5680000000000001,0.5599804825155869,0.6606060606060606,0.48461538461538467,0.5209474011956465,8,0.001,9
1,VALIDATION,0.5,0.6428571428571429,1.0,0.09090909090909091,0.30151134457776363,8,0.001,1e-05,0.5,9,resize_cube64_hu_m300_1400
1,TEST,0.52,0.6666666666666666,1.0,0.07692307692307693,0.2773500981126146,8,0.001,1e-05,0.5,9,resize_cube64_hu_m300_1400
2,VALIDATION,0.7,0.5714285714285714,0.4444444444444444,0.9090909090909091,0.6356417261637282,8,0.001,1e-05,0.5,9,resize_cube64_hu_m300_1400
2,TEST,0.48,0.23529411764705882,0.16666666666666666,0.7692307692307693,0.35805743701971643,8,0.001,1e-05,0.5,9,resize_cube64_hu_m300_1400
3,VALIDATION,0.65,0.6956521739130435,0.8888888888888888,0.45454545454545453,0.6356417261637282,8,0.001,1e-05,0.5,9,resize_cube64_hu_m300_1400
3,TEST,0.76,0.8,1.0,0.5384615384615384,0.7337993857053428,8,0.001,1e-05,0.5,9,resize_cube64_hu_m300_1400
4,VALIDATION,0.65,0.6666666666666666,0.7777777777777778,0.5454545454545454,0.6513389472789296,8,0.001,1e-05,0.5,9,resize_cube64_hu_m300_1400
4,TEST,0.48,0.6285714285714286,0.9166666666666666,0.07692307692307693,0.2655425022718972,8,0.001,1e-05,0.5,9,resize_cube64_hu_m300_1400
5,VALIDATION,0.75,0.7368421052631579,0.7,0.8,0.7483314773547882,8,0.001,1e-05,0.5,9,resize_cube64_hu_m300_1400
5,TEST,0.56,0.42105263157894735,0.36363636363636365,0.7142857142857143,0.5096471914376256,8,0.001,1e-05,0.5,9,resize_cube64_hu_m300_1400
MEAN,VALIDATION,0.65,0.6626893320257164,0.7622222222222221,0.5599999999999999,0.5944930443077876,8,0.001,9
MEAN,TEST,0.56,0.5503169688928202,0.6893939393939394,0.4351648351648351,0.4288793229094393,8,0.001,9
1,VALIDATION,0.55,0.5263157894736842,0.5555555555555556,0.5454545454545454,0.5504818825631803,16,0.001,0,0,9,resize_cube64_hu_m300_1400
1,TEST,0.6,0.5833333333333334,0.5833333333333334,0.6153846153846154,0.5991446895152781,16,0.001,0,0,9,resize_cube64_hu_m300_1400
2,VALIDATION,0.7,0.5714285714285714,0.4444444444444444,0.9090909090909091,0.6356417261637282,16,0.001,0,0,9,resize_cube64_hu_m300_1400
2,TEST,0.44,0.0,0.0,0.8461538461538461,0.0,16,0.001,0,0,9,resize_cube64_hu_m300_1400
3,VALIDATION,0.55,0.47058823529411764,0.4444444444444444,0.6363636363636364,0.5318160234783105,16,0.001,0,0,9,resize_cube64_hu_m300_1400
3,TEST,0.6,0.5833333333333334,0.5833333333333334,0.6153846153846154,0.5991446895152781,16,0.001,0,0,9,resize_cube64_hu_m300_1400
4,VALIDATION,0.6,0.5555555555555556,0.5555555555555556,0.6363636363636364,0.5945883900105632,16,0.001,0,0,9,resize_cube64_hu_m300_1400
4,TEST,0.48,0.43478260869565216,0.4166666666666667,0.5384615384615384,0.47366546671567095,16,0.001,0,0,9,resize_cube64_hu_m300_1400
5,VALIDATION,0.7,0.7272727272727273,0.8,0.6,0.6928203230275509,16,0.001,0,0,9,resize_cube64_hu_m300_1400
5,TEST,0.72,0.6666666666666666,0.6363636363636364,0.7857142857142857,0.7071067811865476,16,0.001,0,0,9,resize_cube64_hu_m300_1400
MEAN,VALIDATION,0.6199999999999999,0.5702321758049314,0.5599999999999999,0.6654545454545454,0.6010696690486667,16,0.001,9
MEAN,TEST,0.568,0.4536231884057971,0.44393939393939397,0.6802197802197802,0.47581232538655494,16,0.001,9
1,VALIDATION,0.6,0.5,0.4444444444444444,0.7272727272727273,0.5685352436149611,16,0.001,0,0.3,9,resize_cube64_hu_m300_1400
1,TEST,0.6,0.5833333333333334,0.5833333333333334,0.6153846153846154,0.5991446895152781,16,0.001,0,0.3,9,resize_cube64_hu_m300_1400
2,VALIDATION,0.75,0.7058823529411765,0.6666666666666666,0.8181818181818182,0.7385489458759964,16,0.001,0,0.3,9,resize_cube64_hu_m300_1400
2,TEST,0.48,0.13333333333333333,0.08333333333333333,0.8461538461538461,0.2655425022718972,16,0.001,0,0.3,9,resize_cube64_hu_m300_1400
3,VALIDATION,0.65,0.5882352941176471,0.5555555555555556,0.7272727272727273,0.6356417261637283,16,0.001,0,0.3,9,resize_cube64_hu_m300_1400
3,TEST,0.8,0.8,0.8333333333333334,0.7692307692307693,0.8006407690254357,16,0.001,0,0.3,9,resize_cube64_hu_m300_1400
4,VALIDATION,0.7,0.7,0.7777777777777778,0.6363636363636364,0.7035264706814485,16,0.001,0,0.3,9,resize_cube64_hu_m300_1400
4,TEST,0.56,0.6857142857142857,1.0,0.15384615384615385,0.3922322702763681,16,0.001,0,0.3,9,resize_cube64_hu_m300_1400
5,VALIDATION,0.7,0.7272727272727273,0.8,0.6,0.6928203230275509,16,0.001,0,0.3,9,resize_cube64_hu_m300_1400
5,TEST,0.56,0.56,0.6363636363636364,0.5,0.5640760748177662,16,0.001,0,0.3,9,resize_cube64_hu_m300_1400
MEAN,VALIDATION,0.68,0.6442780748663102,0.6488888888888888,0.7018181818181818,0.667814541872737,16,0.001,9
MEAN,TEST,0.6000000000000001,0.5524761904761906,0.6272727272727272,0.5769230769230769,0.524327261181349,16,0.001,9
1,VALIDATION,0.7,0.625,0.5555555555555556,0.8181818181818182,0.6741998624632421,16,0.001,0,0.5,9,resize_cube64_hu_m300_1400
1,TEST,0.56,0.47619047619047616,0.4166666666666667,0.6923076923076923,0.5370861555295747,16,0.001,0,0.5,9,resize_cube64_hu_m300_1400
2,VALIDATION,0.65,0.631578947368421,0.6666666666666666,0.6363636363636364,0.6513389472789296,16,0.001,0,0.5,9,resize_cube64_hu_m300_1400
2,TEST,0.44,0.4166666666666667,0.4166666666666667,0.46153846153846156,0.4385290096535146,16,0.001,0,0.5,9,resize_cube64_hu_m300_1400
3,VALIDATION,0.6,0.6666666666666666,0.8888888888888888,0.36363636363636365,0.5685352436149611,16,0.001,0,0.5,9,resize_cube64_hu_m300_1400
3,TEST,0.76,0.8,1.0,0.5384615384615384,0.7337993857053428,16,0.001,0,0.5,9,resize_cube64_hu_m300_1400
4,VALIDATION,0.65,0.46153846153846156,0.3333333333333333,0.9090909090909091,0.5504818825631803,16,0.001,0,0.5,9,resize_cube64_hu_m300_1400
4,TEST,0.56,0.15384615384615385,0.08333333333333333,1.0,0.28867513459481287,16,0.001,0,0.5,9,resize_cube64_hu_m300_1400
5,VALIDATION,0.7,0.7272727272727273,0.8,0.6,0.6928203230275509,16,0.001,0,0.5,9,resize_cube64_hu_m300_1400
5,TEST,0.64,0.64,0.7272727272727273,0.5714285714285714,0.6446583712203042,16,0.001,0,0.5,9,resize_cube64_hu_m300_1400
MEAN,VALIDATION,0.6599999999999999,0.6224113605692553,0.6488888888888888,0.6654545454545455,0.6274752517895728,16,0.001,9
MEAN,TEST,0.5920000000000001,0.4973406593406594,0.5287878787878788,0.6527472527472528,0.5285496113407098,16,0.001,9
1,VALIDATION,0.6,0.5,0.4444444444444444,0.7272727272727273,0.5685352436149611,16,0.001,1e-05,0,9,resize_cube64_hu_m300_1400
1,TEST,0.6,0.5454545454545454,0.5,0.6923076923076923,0.5883484054145521,16,0.001,1e-05,0,9,resize_cube64_hu_m300_1400
2,VALIDATION,0.7,0.625,0.5555555555555556,0.8181818181818182,0.6741998624632421,16,0.001,1e-05,0,9,resize_cube64_hu_m300_1400
2,TEST,0.48,0.3157894736842105,0.25,0.6923076923076923,0.41602514716892186,16,0.001,1e-05,0,9,resize_cube64_hu_m300_1400
3,VALIDATION,0.75,0.6153846153846154,0.4444444444444444,1.0,0.6666666666666666,16,0.001,1e-05,0,9,resize_cube64_hu_m300_1400
3,TEST,0.64,0.47058823529411764,0.3333333333333333,0.9230769230769231,0.5547001962252291,16,0.001,1e-05,0,9,resize_cube64_hu_m300_1400
4,VALIDATION,0.55,0.5263157894736842,0.5555555555555556,0.5454545454545454,0.5504818825631803,16,0.001,1e-05,0,9,resize_cube64_hu_m300_1400
4,TEST,0.48,0.5185185185185185,0.5833333333333334,0.38461538461538464,0.47366546671567095,16,0.001,1e-05,0,9,resize_cube64_hu_m300_1400
5,VALIDATION,0.7,0.7272727272727273,0.8,0.6,0.6928203230275509,16,0.001,1e-05,0,9,resize_cube64_hu_m300_1400
5,TEST,0.64,0.6086956521739131,0.6363636363636364,0.6428571428571429,0.6396021490668313,16,0.001,1e-05,0,9,resize_cube64_hu_m300_1400
MEAN,VALIDATION,0.6599999999999999,0.5987946264262053,0.5599999999999999,0.7381818181818182,0.6305407956671202,16,0.001,9
MEAN,TEST,0.5680000000000001,0.491809285025061,0.4606060606060606,0.667032967032967,0.5344682729182411,16,0.001,9
1,VALIDATION,0.65,0.5333333333333333,0.4444444444444444,0.8181818181818182,0.6030226891555273,16,0.001,1e-05,0.3,9,resize_cube64_hu_m300_1400
1,TEST,0.52,0.25,0.16666666666666666,0.8461538461538461,0.3755338080994054,16,0.001,1e-05,0.3,9,resize_cube64_hu_m300_1400
2,VALIDATION,0.7,0.7,0.7777777777777778,0.6363636363636364,0.7035264706814485,16,0.001,1e-05,0.3,9,resize_cube64_hu_m300_1400
2,TEST,0.48,0.38095238095238093,0.3333333333333333,0.6153846153846154,0.4529108136578383,16,0.001,1e-05,0.3,9,resize_cube64_hu_m300_1400
3,VALIDATION,0.7,0.7272727272727273,0.8888888888888888,0.5454545454545454,0.6963106238227913,16,0.001,1e-05,0.3,9,resize_cube64_hu_m300_1400
3,TEST,0.72,0.7407407407407407,0.8333333333333334,0.6153846153846154,0.716114874039433,16,0.001,1e-05,0.3,9,resize_cube64_hu_m300_1400
4,VALIDATION,0.6,0.5555555555555556,0.5555555555555556,0.6363636363636364,0.5945883900105632,16,0.001,1e-05,0.3,9,resize_cube64_hu_m300_1400
4,TEST,0.56,0.6206896551724138,0.75,0.38461538461538464,0.5370861555295747,16,0.001,1e-05,0.3,9,resize_cube64_hu_m300_1400
5,VALIDATION,0.7,0.7272727272727273,0.8,0.6,0.6928203230275509,16,0.001,1e-05,0.3,9,resize_cube64_hu_m300_1400
5,TEST,0.64,0.6666666666666666,0.8181818181818182,0.5,0.6396021490668313,16,0.001,1e-05,0.3,9,resize_cube64_hu_m300_1400
MEAN,VALIDATION,0.6699999999999999,0.6486868686868688,0.6933333333333334,0.6472727272727272,0.6580536993395762,16,0.001,9
MEAN,TEST,0.5840000000000001,0.5318098887064404,0.5803030303030303,0.5923076923076923,0.5442495600786166,16,0.001,9
1,VALIDATION,0.55,0.5263157894736842,0.5555555555555556,0.5454545454545454,0.5504818825631803,16,0.001,1e-05,0.5,9,resize_cube64_hu_m300_1400
1,TEST,0.68,0.6,0.5,0.8461538461538461,0.6504436355879909,16,0.001,1e-05,0.5,9,resize_cube64_hu_m300_1400
2,VALIDATION,0.65,0.631578947368421,0.6666666666666666,0.6363636363636364,0.6513389472789296,16,0.001,1e-05,0.5,9,resize_cube64_hu_m300_1400
2,TEST,0.44,0.3,0.25,0.6153846153846154,0.3922322702763681,16,0.001,1e-05,0.5,9,resize_cube64_hu_m300_1400
3,VALIDATION,0.55,0.6086956521739131,0.7777777777777778,0.36363636363636365,0.5318160234783105,16,0.001,1e-05,0.5,9,resize_cube64_hu_m300_1400
3,TEST,0.56,0.6666666666666666,0.9166666666666666,0.23076923076923078,0.45993310550389993,16,0.001,1e-05,0.5,9,resize_cube64_hu_m300_1400
4,VALIDATION,0.6,0.5555555555555556,0.5555555555555556,0.6363636363636364,0.5945883900105632,16,0.001,1e-05,0.5,9,resize_cube64_hu_m300_1400
4,TEST,0.6,0.5454545454545454,0.5,0.6923076923076923,0.5883484054145521,16,0.001,1e-05,0.5,9,resize_cube64_hu_m300_1400
5,VALIDATION,0.6,0.6363636363636364,0.7,0.5,0.5916079783099616,16,0.001,1e-05,0.5,9,resize_cube64_hu_m300_1400
5,TEST,0.64,0.6666666666666666,0.8181818181818182,0.5,0.6396021490668313,16,0.001,1e-05,0.5,9,resize_cube64_hu_m300_1400
MEAN,VALIDATION,0.5900000000000001,0.591701916187042,0.6511111111111111,0.5363636363636364,0.583966644328189,16,0.001,9
MEAN,TEST,0.5840000000000001,0.5557575757575757,0.5969696969696969,0.576923076923077,0.5461119131699286,16,0.001,9
1,VALIDATION,0.6,0.42857142857142855,0.3333333333333333,0.8181818181818182,0.5222329678670935,32,0.001,0,0,9,resize_cube64_hu_m300_1400
1,TEST,0.52,0.3333333333333333,0.25,0.7692307692307693,0.4385290096535146,32,0.001,0,0,9,resize_cube64_hu_m300_1400
2,VALIDATION,0.75,0.6666666666666666,0.5555555555555556,0.9090909090909091,0.7106690545187014,32,0.001,0,0,9,resize_cube64_hu_m300_1400
2,TEST,0.44,0.0,0.0,0.8461538461538461,0.0,32,0.001,0,0,9,resize_cube64_hu_m300_1400
3,VALIDATION,0.6,0.5555555555555556,0.5555555555555556,0.6363636363636364,0.5945883900105632,32,0.001,0,0,9,resize_cube64_hu_m300_1400
3,TEST,0.76,0.7857142857142857,0.9166666666666666,0.6153846153846154,0.7510676161988108,32,0.001,0,0,9,resize_cube64_hu_m300_1400
4,VALIDATION,0.65,0.5333333333333333,0.4444444444444444,0.8181818181818182,0.6030226891555273,32,0.001,0,0,9,resize_cube64_hu_m300_1400
4,TEST,0.6,0.375,0.25,0.9230769230769231,0.4803844614152614,32,0.001,0,0,9,resize_cube64_hu_m300_1400
5,VALIDATION,0.65,0.631578947368421,0.6,0.7,0.648074069840786,32,0.001,0,0,9,resize_cube64_hu_m300_1400
5,TEST,0.72,0.5333333333333333,0.36363636363636365,1.0,0.6030226891555273,32,0.001,0,0,9,resize_cube64_hu_m300_1400
MEAN,VALIDATION,0.65,0.5631411862990809,0.49777777777777776,0.7763636363636364,0.6157174342785343,32,0.001,9
MEAN,TEST,0.608,0.40547619047619043,0.3560606060606061,0.8307692307692308,0.45460075528462285,32,0.001,9
1,VALIDATION,0.6,0.6,0.6666666666666666,0.5454545454545454,0.6030226891555273,32,0.001,0,0.3,9,resize_cube64_hu_m300_1400
1,TEST,0.6,0.5833333333333334,0.5833333333333334,0.6153846153846154,0.5991446895152781,32,0.001,0,0.3,9,resize_cube64_hu_m300_1400
2,VALIDATION,0.75,0.7368421052631579,0.7777777777777778,0.7272727272727273,0.7521014330903549,32,0.001,0,0.3,9,resize_cube64_hu_m300_1400
2,TEST,0.48,0.38095238095238093,0.3333333333333333,0.6153846153846154,0.4529108136578383,32,0.001,0,0.3,9,resize_cube64_hu_m300_1400
3,VALIDATION,0.7,0.7,0.7777777777777778,0.6363636363636364,0.7035264706814485,32,0.001,0,0.3,9,resize_cube64_hu_m300_1400
3,TEST,0.68,0.7333333333333333,0.9166666666666666,0.46153846153846156,0.6504436355879909,32,0.001,0,0.3,9,resize_cube64_hu_m300_1400
4,VALIDATION,0.7,0.6666666666666666,0.6666666666666666,0.7272727272727273,0.6963106238227914,32,0.001,0,0.3,9,resize_cube64_hu_m300_1400
4,TEST,0.48,0.6060606060606061,0.8333333333333334,0.15384615384615385,0.3580574370197165,32,0.001,0,0.3,9,resize_cube64_hu_m300_1400
5,VALIDATION,0.7,0.7272727272727273,0.8,0.6,0.6928203230275509,32,0.001,0,0.3,9,resize_cube64_hu_m300_1400
5,TEST,0.64,0.6666666666666666,0.8181818181818182,0.5,0.6396021490668313,32,0.001,0,0.3,9,resize_cube64_hu_m300_1400
MEAN,VALIDATION,0.6900000000000001,0.6861562998405104,0.7377777777777779,0.6472727272727273,0.6895563079555347,32,0.001,9
MEAN,TEST,0.5760000000000001,0.5940692640692641,0.696969696969697,0.46923076923076923,0.5400317449695311,32,0.001,9
1,VALIDATION,0.65,0.5882352941176471,0.5555555555555556,0.7272727272727273,0.6356417261637283,32,0.001,0,0.5,9,resize_cube64_hu_m300_1400
1,TEST,0.64,0.6086956521739131,0.5833333333333334,0.6923076923076923,0.6354889093022426,32,0.001,0,0.5,9,resize_cube64_hu_m300_1400
2,VALIDATION,0.7,0.6666666666666666,0.6666666666666666,0.7272727272727273,0.6963106238227914,32,0.001,0,0.5,9,resize_cube64_hu_m300_1400
2,TEST,0.44,0.4166666666666667,0.4166666666666667,0.46153846153846156,0.4385290096535146,32,0.001,0,0.5,9,resize_cube64_hu_m300_1400
3,VALIDATION,0.6,0.5,0.4444444444444444,0.7272727272727273,0.5685352436149611,32,0.001,0,0.5,9,resize_cube64_hu_m300_1400
3,TEST,0.72,0.7407407407407407,0.8333333333333334,0.6153846153846154,0.716114874039433,32,0.001,0,0.5,9,resize_cube64_hu_m300_1400
4,VALIDATION,0.7,0.5714285714285714,0.4444444444444444,0.9090909090909091,0.6356417261637282,32,0.001,0,0.5,9,resize_cube64_hu_m300_1400
4,TEST,0.48,0.3157894736842105,0.25,0.6923076923076923,0.41602514716892186,32,0.001,0,0.5,9,resize_cube64_hu_m300_1400
5,VALIDATION,0.7,0.7,0.7,0.7,0.7,32,0.001,0,0.5,9,resize_cube64_hu_m300_1400
5,TEST,0.72,0.631578947368421,0.5454545454545454,0.8571428571428571,0.6837634587578276,32,0.001,0,0.5,9,resize_cube64_hu_m300_1400
MEAN,VALIDATION,0.6700000000000002,0.6052661064425771,0.5622222222222222,0.7581818181818182,0.6472258639530418,32,0.001,9
MEAN,TEST,0.6,0.5426942961267904,0.5257575757575758,0.6637362637362638,0.5779842797843879,32,0.001,9
1,VALIDATION,0.55,0.5263157894736842,0.5555555555555556,0.5454545454545454,0.5504818825631803,32,0.001,1e-05,0,9,resize_cube64_hu_m300_1400
1,TEST,0.48,0.43478260869565216,0.4166666666666667,0.5384615384615384,0.47366546671567095,32,0.001,1e-05,0,9,resize_cube64_hu_m300_1400
2,VALIDATION,0.7,0.7,0.7777777777777778,0.6363636363636364,0.7035264706814485,32,0.001,1e-05,0,9,resize_cube64_hu_m300_1400
2,TEST,0.68,0.6923076923076923,0.75,0.6153846153846154,0.6793662204867574,32,0.001,1e-05,0,9,resize_cube64_hu_m300_1400
3,VALIDATION,0.6,0.5555555555555556,0.5555555555555556,0.6363636363636364,0.5945883900105632,32,0.001,1e-05,0,9,resize_cube64_hu_m300_1400
3,TEST,0.6,0.6153846153846154,0.6666666666666666,0.5384615384615384,0.599144689515278,32,0.001,1e-05,0,9,resize_cube64_hu_m300_1400
4,VALIDATION,0.65,0.5882352941176471,0.5555555555555556,0.7272727272727273,0.6356417261637283,32,0.001,1e-05,0,9,resize_cube64_hu_m300_1400
4,TEST,0.56,0.5925925925925926,0.6666666666666666,0.46153846153846156,0.5547001962252291,32,0.001,1e-05,0,9,resize_cube64_hu_m300_1400
5,VALIDATION,0.7,0.75,0.9,0.5,0.6708203932499369,32,0.001,1e-05,0,9,resize_cube64_hu_m300_1400
5,TEST,0.6,0.6153846153846154,0.7272727272727273,0.5,0.6030226891555273,32,0.001,1e-05,0,9,resize_cube64_hu_m300_1400
MEAN,VALIDATION,0.64,0.6240213278293774,0.6688888888888889,0.609090909090909,0.6310117725337715,32,0.001,9
MEAN,TEST,0.5840000000000001,0.5900904248730335,0.6454545454545455,0.5307692307692308,0.5819798524196926,32,0.001,9
1,VALIDATION,0.55,0.5714285714285714,0.6666666666666666,0.45454545454545453,0.5504818825631803,32,0.001,1e-05,0.3,9,resize_cube64_hu_m300_1400
1,TEST,0.68,0.6923076923076923,0.75,0.6153846153846154,0.6793662204867574,32,0.001,1e-05,0.3,9,resize_cube64_hu_m300_1400
2,VALIDATION,0.7,0.6666666666666666,0.6666666666666666,0.7272727272727273,0.6963106238227914,32,0.001,1e-05,0.3,9,resize_cube64_hu_m300_1400
2,TEST,0.4,0.2857142857142857,0.25,0.5384615384615384,0.3668996928526714,32,0.001,1e-05,0.3,9,resize_cube64_hu_m300_1400
3,VALIDATION,0.75,0.7619047619047619,0.8888888888888888,0.6363636363636364,0.7521014330903549,32,0.001,1e-05,0.3,9,resize_cube64_hu_m300_1400
3,TEST,0.72,0.7586206896551724,0.9166666666666666,0.5384615384615384,0.7025594235292439,32,0.001,1e-05,0.3,9,resize_cube64_hu_m300_1400
4,VALIDATION,0.65,0.631578947368421,0.6666666666666666,0.6363636363636364,0.6513389472789296,32,0.001,1e-05,0.3,9,resize_cube64_hu_m300_1400
4,TEST,0.52,0.625,0.8333333333333334,0.23076923076923078,0.4385290096535146,32,0.001,1e-05,0.3,9,resize_cube64_hu_m300_1400
5,VALIDATION,0.65,0.631578947368421,0.6,0.7,0.648074069840786,32,0.001,1e-05,0.3,9,resize_cube64_hu_m300_1400
5,TEST,0.64,0.5263157894736842,0.45454545454545453,0.7857142857142857,0.5976143046671968,32,0.001,1e-05,0.3,9,resize_cube64_hu_m300_1400
MEAN,VALIDATION,0.6599999999999999,0.6526315789473685,0.6977777777777778,0.6309090909090909,0.6596613913192084,32,0.001,9
MEAN,TEST,0.5920000000000001,0.5775916914301669,0.6409090909090909,0.5417582417582417,0.5569937302378768,32,0.001,9
1,VALIDATION,0.6,0.5,0.4444444444444444,0.7272727272727273,0.5685352436149611,32,0.001,1e-05,0.5,9,resize_cube64_hu_m300_1400
1,TEST,0.56,0.42105263157894735,0.3333333333333333,0.7692307692307693,0.5063696835418333,32,0.001,1e-05,0.5,9,resize_cube64_hu_m300_1400
2,VALIDATION,0.65,0.5333333333333333,0.4444444444444444,0.8181818181818182,0.6030226891555273,32,0.001,1e-05,0.5,9,resize_cube64_hu_m300_1400
2,TEST,0.48,0.13333333333333333,0.08333333333333333,0.8461538461538461,0.2655425022718972,32,0.001,1e-05,0.5,9,resize_cube64_hu_m300_1400
3,VALIDATION,0.7,0.6666666666666666,0.6666666666666666,0.7272727272727273,0.6963106238227914,32,0.001,1e-05,0.5,9,resize_cube64_hu_m300_1400
3,TEST,0.76,0.7857142857142857,0.9166666666666666,0.6153846153846154,0.7510676161988108,32,0.001,1e-05,0.5,9,resize_cube64_hu_m300_1400
4,VALIDATION,0.65,0.5882352941176471,0.5555555555555556,0.7272727272727273,0.6356417261637283,32,0.001,1e-05,0.5,9,resize_cube64_hu_m300_1400
4,TEST,0.6,0.6428571428571429,0.75,0.46153846153846156,0.5883484054145521,32,0.001,1e-05,0.5,9,resize_cube64_hu_m300_1400
5,VALIDATION,0.7,0.625,0.5,0.9,0.6708203932499369,32,0.001,1e-05,0.5,9,resize_cube64_hu_m300_1400
5,TEST,0.64,0.4,0.2727272727272727,0.9285714285714286,0.5032362797401965,32,0.001,1e-05,0.5,9,resize_cube64_hu_m300_1400
MEAN,VALIDATION,0.6599999999999999,0.5826470588235294,0.5222222222222221,0.78,0.634866135201389,32,0.001,9
MEAN,TEST,0.608,0.4765914786967418,0.4712121212121211,0.7241758241758243,0.522912897433458,32,0.001,9
1,VALIDATION,0.65,0.631578947368421,0.6666666666666666,0.6363636363636364,0.6513389472789296,4,0.001,0,0,9,resize_cube128_hu_m600_1500
1,TEST,0.64,0.6086956521739131,0.5833333333333334,0.6923076923076923,0.6354889093022426,4,0.001,0,0,9,resize_cube128_hu_m600_1500
2,VALIDATION,0.75,0.7619047619047619,0.8888888888888888,0.6363636363636364,0.7521014330903549,4,0.001,0,0,9,resize_cube128_hu_m600_1500
2,TEST,0.52,0.5384615384615384,0.5833333333333334,0.46153846153846156,0.5188745216627708,4,0.001,0,0,9,resize_cube128_hu_m600_1500
3,VALIDATION,0.65,0.631578947368421,0.6666666666666666,0.6363636363636364,0.6513389472789296,4,0.001,0,0,9,resize_cube128_hu_m600_1500
3,TEST,0.72,0.7586206896551724,0.9166666666666666,0.5384615384615384,0.7025594235292439,4,0.001,0,0,9,resize_cube128_hu_m600_1500
4,VALIDATION,0.7,0.7,0.7777777777777778,0.6363636363636364,0.7035264706814485,4,0.001,0,0,9,resize_cube128_hu_m600_1500
4,TEST,0.48,0.5806451612903226,0.75,0.23076923076923078,0.41602514716892186,4,0.001,0,0,9,resize_cube128_hu_m600_1500
5,VALIDATION,0.65,0.6956521739130435,0.8,0.5,0.6324555320336759,4,0.001,0,0,9,resize_cube128_hu_m600_1500
5,TEST,0.64,0.64,0.7272727272727273,0.5714285714285714,0.6446583712203042,4,0.001,0,0,9,resize_cube128_hu_m600_1500
MEAN,VALIDATION,0.6799999999999999,0.6841429661109294,0.76,0.6090909090909091,0.6781522660726678,4,0.001,9
MEAN,TEST,0.6000000000000001,0.6252846083161894,0.7121212121212122,0.4989010989010989,0.5835212745766967,4,0.001,9
1,VALIDATION,0.5,0.5454545454545454,0.6666666666666666,0.36363636363636365,0.49236596391733095,4,0.001,0,0.3,9,resize_cube128_hu_m600_1500
1,TEST,0.64,0.6896551724137931,0.8333333333333334,0.46153846153846156,0.6201736729460423,4,0.001,0,0.3,9,resize_cube128_hu_m600_1500
2,VALIDATION,0.8,0.8,0.8888888888888888,0.7272727272727273,0.8040302522073697,4,0.001,0,0.3,9,resize_cube128_hu_m600_1500
2,TEST,0.52,0.3333333333333333,0.25,0.7692307692307693,0.4385290096535146,4,0.001,0,0.3,9,resize_cube128_hu_m600_1500
3,VALIDATION,0.8,0.8,0.8888888888888888,0.7272727272727273,0.8040302522073697,4,0.001,0,0.3,9,resize_cube128_hu_m600_1500
3,TEST,0.72,0.6956521739130435,0.6666666666666666,0.7692307692307693,0.7161148740394329,4,0.001,0,0.3,9,resize_cube128_hu_m600_1500
4,VALIDATION,0.75,0.7368421052631579,0.7777777777777778,0.7272727272727273,0.7521014330903549,4,0.001,0,0.3,9,resize_cube128_hu_m600_1500
4,TEST,0.36,0.5294117647058824,0.75,0.0,0.0,4,0.001,0,0.3,9,resize_cube128_hu_m600_1500
5,VALIDATION,0.65,0.6666666666666666,0.7,0.6,0.648074069840786,4,0.001,0,0.3,9,resize_cube128_hu_m600_1500
5,TEST,0.64,0.6666666666666666,0.8181818181818182,0.5,0.6396021490668313,4,0.001,0,0.3,9,resize_cube128_hu_m600_1500
MEAN,VALIDATION,0.7,0.709792663476874,0.7844444444444443,0.6290909090909091,0.7001203942526423,4,0.001,9
MEAN,TEST,0.5760000000000001,0.5829438222065437,0.6636363636363637,0.5,0.4828839411411642,4,0.001,9
1,VALIDATION,0.55,0.5714285714285714,0.6666666666666666,0.45454545454545453,0.5504818825631803,4,0.001,0,0.5,9,resize_cube128_hu_m600_1500
1,TEST,0.68,0.7142857142857143,0.8333333333333334,0.5384615384615384,0.6698641270570836,4,0.001,0,0.5,9,resize_cube128_hu_m600_1500
2,VALIDATION,0.75,0.7368421052631579,0.7777777777777778,0.7272727272727273,0.7521014330903549,4,0.001,0,0.5,9,resize_cube128_hu_m600_1500
2,TEST,0.44,0.4166666666666667,0.4166666666666667,0.46153846153846156,0.4385290096535146,4,0.001,0,0.5,9,resize_cube128_hu_m600_1500
3,VALIDATION,0.75,0.6666666666666666,0.5555555555555556,0.9090909090909091,0.7106690545187014,4,0.001,0,0.5,9,resize_cube128_hu_m600_1500
3,TEST,0.6,0.5,0.4166666666666667,0.7692307692307693,0.5661385170722979,4,0.001,0,0.5,9,resize_cube128_hu_m600_1500
4,VALIDATION,0.75,0.7058823529411765,0.6666666666666666,0.8181818181818182,0.7385489458759964,4,0.001,0,0.5,9,resize_cube128_hu_m600_1500
4,TEST,0.52,0.6,0.75,0.3076923076923077,0.4803844614152614,4,0.001,0,0.5,9,resize_cube128_hu_m600_1500
5,VALIDATION,0.7,0.7272727272727273,0.8,0.6,0.6928203230275509,4,0.001,0,0.5,9,resize_cube128_hu_m600_1500
5,TEST,0.64,0.6666666666666666,0.8181818181818182,0.5,0.6396021490668313,4,0.001,0,0.5,9,resize_cube128_hu_m600_1500
MEAN,VALIDATION,0.7,0.68161848471446,0.6933333333333334,0.7018181818181819,0.6889243278151568,4,0.001,9
MEAN,TEST,0.5760000000000001,0.5795238095238096,0.6469696969696971,0.5153846153846153,0.5589036528529978,4,0.001,9
1,VALIDATION,0.5,0.5454545454545454,0.6666666666666666,0.36363636363636365,0.49236596391733095,4,0.001,1e-05,0,9,resize_cube128_hu_m600_1500
1,TEST,0.64,0.6896551724137931,0.8333333333333334,0.46153846153846156,0.6201736729460423,4,0.001,1e-05,0,9,resize_cube128_hu_m600_1500
2,VALIDATION,0.75,0.7368421052631579,0.7777777777777778,0.7272727272727273,0.7521014330903549,4,0.001,1e-05,0,9,resize_cube128_hu_m600_1500
2,TEST,0.4,0.21052631578947367,0.16666666666666666,0.6153846153846154,0.32025630761017426,4,0.001,1e-05,0,9,resize_cube128_hu_m600_1500
3,VALIDATION,0.7,0.7,0.7777777777777778,0.6363636363636364,0.7035264706814485,4,0.001,1e-05,0,9,resize_cube128_hu_m600_1500
3,TEST,0.64,0.5714285714285714,0.5,0.7692307692307693,0.6201736729460423,4,0.001,1e-05,0,9,resize_cube128_hu_m600_1500
4,VALIDATION,0.65,0.6666666666666666,0.7777777777777778,0.5454545454545454,0.6513389472789296,4,0.001,1e-05,0,9,resize_cube128_hu_m600_1500
4,TEST,0.48,0.6285714285714286,0.9166666666666666,0.07692307692307693,0.2655425022718972,4,0.001,1e-05,0,9,resize_cube128_hu_m600_1500
5,VALIDATION,0.65,0.6956521739130435,0.8,0.5,0.6324555320336759,4,0.001,1e-05,0,9,resize_cube128_hu_m600_1500
5,TEST,0.6,0.6666666666666666,0.9090909090909091,0.35714285714285715,0.5698028822981898,4,0.001,1e-05,0,9,resize_cube128_hu_m600_1500
MEAN,VALIDATION,0.65,0.6689230982594827,0.76,0.5545454545454545,0.6463576694003479,4,0.001,9
MEAN,TEST,0.552,0.5533696309739866,0.6651515151515152,0.45604395604395603,0.4791898076144692,4,0.001,9
1,VALIDATION,0.55,0.5714285714285714,0.6666666666666666,0.45454545454545453,0.5504818825631803,4,0.001,1e-05,0.3,9,resize_cube128_hu_m600_1500
1,TEST,0.72,0.7407407407407407,0.8333333333333334,0.6153846153846154,0.716114874039433,4,0.001,1e-05,0.3,9,resize_cube128_hu_m600_1500
2,VALIDATION,0.75,0.7058823529411765,0.6666666666666666,0.8181818181818182,0.7385489458759964,4,0.001,1e-05,0.3,9,resize_cube128_hu_m600_1500
2,TEST,0.68,0.5,0.3333333333333333,1.0,0.5773502691896257,4,0.001,1e-05,0.3,9,resize_cube128_hu_m600_1500
3,VALIDATION,0.65,0.631578947368421,0.6666666666666666,0.6363636363636364,0.6513389472789296,4,0.001,1e-05,0.3,9,resize_cube128_hu_m600_1500
3,TEST,0.76,0.7692307692307693,0.8333333333333334,0.6923076923076923,0.75955452531275,4,0.001,1e-05,0.3,9,resize_cube128_hu_m600_1500
4,VALIDATION,0.85,0.8235294117647058,0.7777777777777778,0.9090909090909091,0.8408749651825217,4,0.001,1e-05,0.3,9,resize_cube128_hu_m600_1500
4,TEST,0.56,0.5925925925925926,0.6666666666666666,0.46153846153846156,0.5547001962252291,4,0.001,1e-05,0.3,9,resize_cube128_hu_m600_1500
5,VALIDATION,0.5,0.375,0.3,0.7,0.458257569495584,4,0.001,1e-05,0.3,9,resize_cube128_hu_m600_1500
5,TEST,0.48,0.38095238095238093,0.36363636363636365,0.5714285714285714,0.4558423058385518,4,0.001,1e-05,0.3,9,resize_cube128_hu_m600_1500
MEAN,VALIDATION,0.66,0.6214838567005749,0.6155555555555555,0.7036363636363637,0.6479004620792425,4,0.001,9
MEAN,TEST,0.64,0.5967032967032967,0.6060606060606061,0.6681318681318681,0.612712434121118,4,0.001,9
1,VALIDATION,0.75,0.7619047619047619,0.8888888888888888,0.6363636363636364,0.7521014330903549,4,0.001,1e-05,0.5,9,resize_cube128_hu_m600_1500
1,TEST,0.64,0.6086956521739131,0.5833333333333334,0.6923076923076923,0.6354889093022426,4,0.001,1e-05,0.5,9,resize_cube128_hu_m600_1500
2,VALIDATION,0.8,0.8,0.8888888888888888,0.7272727272727273,0.8040302522073697,4,0.001,1e-05,0.5,9,resize_cube128_hu_m600_1500
2,TEST,0.52,0.45454545454545453,0.4166666666666667,0.6153846153846154,0.5063696835418333,4,0.001,1e-05,0.5,9,resize_cube128_hu_m600_1500
3,VALIDATION,0.75,0.7619047619047619,0.8888888888888888,0.6363636363636364,0.7521014330903549,4,0.001,1e-05,0.5,9,resize_cube128_hu_m600_1500
3,TEST,0.76,0.75,0.75,0.7692307692307693,0.75955452531275,4,0.001,1e-05,0.5,9,resize_cube128_hu_m600_1500
4,VALIDATION,0.85,0.8235294117647058,0.7777777777777778,0.9090909090909091,0.8408749651825217,4,0.001,1e-05,0.5,9,resize_cube128_hu_m600_1500
4,TEST,0.56,0.6206896551724138,0.75,0.38461538461538464,0.5370861555295747,4,0.001,1e-05,0.5,9,resize_cube128_hu_m600_1500
5,VALIDATION,0.6,0.6666666666666666,0.8,0.4,0.5656854249492381,4,0.001,1e-05,0.5,9,resize_cube128_hu_m600_1500
5,TEST,0.52,0.6,0.8181818181818182,0.2857142857142857,0.48349377841522817,4,0.001,1e-05,0.5,9,resize_cube128_hu_m600_1500
MEAN,VALIDATION,0.75,0.7628011204481792,0.8488888888888889,0.6618181818181819,0.7429587017039678,4,0.001,9
MEAN,TEST,0.6000000000000001,0.6067861523783563,0.6636363636363637,0.5494505494505495,0.5843986104203258,4,0.001,9
1,VALIDATION,0.65,0.6956521739130435,0.8888888888888888,0.45454545454545453,0.6356417261637282,8,0.001,0,0,9,resize_cube128_hu_m600_1500
1,TEST,0.52,0.5714285714285714,0.6666666666666666,0.38461538461538464,0.5063696835418333,8,0.001,0,0,9,resize_cube128_hu_m600_1500
2,VALIDATION,0.8,0.7777777777777778,0.7777777777777778,0.8181818181818182,0.7977240352174657,8,0.001,0,0,9,resize_cube128_hu_m600_1500
2,TEST,0.48,0.13333333333333333,0.08333333333333333,0.8461538461538461,0.2655425022718972,8,0.001,0,0,9,resize_cube128_hu_m600_1500
3,VALIDATION,0.7,0.7272727272727273,0.8888888888888888,0.5454545454545454,0.6963106238227913,8,0.001,0,0,9,resize_cube128_hu_m600_1500
3,TEST,0.8,0.8148148148148148,0.9166666666666666,0.6923076923076923,0.7966275068156915,8,0.001,0,0,9,resize_cube128_hu_m600_1500
4,VALIDATION,0.7,0.625,0.5555555555555556,0.8181818181818182,0.6741998624632421,8,0.001,0,0,9,resize_cube128_hu_m600_1500
4,TEST,0.68,0.6923076923076923,0.75,0.6153846153846154,0.6793662204867574,8,0.001,0,0,9,resize_cube128_hu_m600_1500
5,VALIDATION,0.75,0.7058823529411765,0.6,0.9,0.7348469228349535,8,0.001,0,0,9,resize_cube128_hu_m600_1500
5,TEST,0.68,0.6,0.5454545454545454,0.7857142857142857,0.6546536707079771,8,0.001,0,0,9,resize_cube128_hu_m600_1500
MEAN,VALIDATION,0.7200000000000001,0.706317006380945,0.7422222222222221,0.7072727272727273,0.7077446341004361,8,0.001,9
MEAN,TEST,0.632,0.5623768823768823,0.5924242424242424,0.6648351648351648,0.5805119167648313,8,0.001,9
1,VALIDATION,0.5,0.5454545454545454,0.6666666666666666,0.36363636363636365,0.49236596391733095,8,0.001,0,0.3,9,resize_cube128_hu_m600_1500
1,TEST,0.64,0.6896551724137931,0.8333333333333334,0.46153846153846156,0.6201736729460423,8,0.001,0,0.3,9,resize_cube128_hu_m600_1500
2,VALIDATION,0.7,0.7272727272727273,0.8888888888888888,0.5454545454545454,0.6963106238227913,8,0.001,0,0.3,9,resize_cube128_hu_m600_1500
2,TEST,0.56,0.5925925925925926,0.6666666666666666,0.46153846153846156,0.5547001962252291,8,0.001,0,0.3,9,resize_cube128_hu_m600_1500
3,VALIDATION,0.6,0.6,0.6666666666666666,0.5454545454545454,0.6030226891555273,8,0.001,0,0.3,9,resize_cube128_hu_m600_1500
3,TEST,0.72,0.7586206896551724,0.9166666666666666,0.5384615384615384,0.7025594235292439,8,0.001,0,0.3,9,resize_cube128_hu_m600_1500
4,VALIDATION,0.8,0.75,0.6666666666666666,0.9090909090909091,0.7784989441615229,8,0.001,0,0.3,9,resize_cube128_hu_m600_1500
4,TEST,0.56,0.6206896551724138,0.75,0.38461538461538464,0.5370861555295747,8,0.001,0,0.3,9,resize_cube128_hu_m600_1500
5,VALIDATION,0.7,0.7272727272727273,0.8,0.6,0.6928203230275509,8,0.001,0,0.3,9,resize_cube128_hu_m600_1500
5,TEST,0.6,0.6153846153846154,0.7272727272727273,0.5,0.6030226891555273,8,0.001,0,0.3,9,resize_cube128_hu_m600_1500
MEAN,VALIDATION,0.6599999999999999,0.6699999999999999,0.7377777777777776,0.5927272727272728,0.6526037088169445,8,0.001,9
MEAN,TEST,0.6160000000000001,0.6553885450437174,0.7787878787878787,0.46923076923076923,0.6035084274771234,8,0.001,9
1,VALIDATION,0.55,0.5714285714285714,0.6666666666666666,0.45454545454545453,0.5504818825631803,8,0.001,0,0.5,9,resize_cube128_hu_m600_1500
1,TEST,0.72,0.7407407407407407,0.8333333333333334,0.6153846153846154,0.716114874039433,8,0.001,0,0.5,9,resize_cube128_hu_m600_1500
2,VALIDATION,0.75,0.782608695652174,1.0,0.5454545454545454,0.7385489458759964,8,0.001,0,0.5,9,resize_cube128_hu_m600_1500
2,TEST,0.56,0.47619047619047616,0.4166666666666667,0.6923076923076923,0.5370861555295747,8,0.001,0,0.5,9,resize_cube128_hu_m600_1500
3,VALIDATION,0.7,0.7272727272727273,0.8888888888888888,0.5454545454545454,0.6963106238227913,8,0.001,0,0.5,9,resize_cube128_hu_m600_1500
3,TEST,0.76,0.8,1.0,0.5384615384615384,0.7337993857053428,8,0.001,0,0.5,9,resize_cube128_hu_m600_1500
4,VALIDATION,0.85,0.8235294117647058,0.7777777777777778,0.9090909090909091,0.8408749651825217,8,0.001,0,0.5,9,resize_cube128_hu_m600_1500
4,TEST,0.52,0.6,0.75,0.3076923076923077,0.4803844614152614,8,0.001,0,0.5,9,resize_cube128_hu_m600_1500
5,VALIDATION,0.7,0.7272727272727273,0.8,0.6,0.6928203230275509,8,0.001,0,0.5,9,resize_cube128_hu_m600_1500
5,TEST,0.64,0.6666666666666666,0.8181818181818182,0.5,0.6396021490668313,8,0.001,0,0.5,9,resize_cube128_hu_m600_1500
MEAN,VALIDATION,0.71,0.7264224266781811,0.8266666666666665,0.610909090909091,0.7038073480944081,8,0.001,9
MEAN,TEST,0.64,0.6567195767195766,0.7636363636363637,0.5307692307692309,0.6213974051512887,8,0.001,9
1,VALIDATION,0.55,0.5263157894736842,0.5555555555555556,0.5454545454545454,0.5504818825631803,8,0.001,1e-05,0,9,resize_cube128_hu_m600_1500
1,TEST,0.48,0.43478260869565216,0.4166666666666667,0.5384615384615384,0.47366546671567095,8,0.001,1e-05,0,9,resize_cube128_hu_m600_1500
2,VALIDATION,0.75,0.7619047619047619,0.8888888888888888,0.6363636363636364,0.7521014330903549,8,0.001,1e-05,0,9,resize_cube128_hu_m600_1500
2,TEST,0.52,0.3333333333333333,0.25,0.7692307692307693,0.4385290096535146,8,0.001,1e-05,0,9,resize_cube128_hu_m600_1500
3,VALIDATION,0.65,0.6666666666666666,0.7777777777777778,0.5454545454545454,0.6513389472789296,8,0.001,1e-05,0,9,resize_cube128_hu_m600_1500
3,TEST,0.6,0.6875,0.9166666666666666,0.3076923076923077,0.5310850045437944,8,0.001,1e-05,0,9,resize_cube128_hu_m600_1500
4,VALIDATION,0.65,0.5333333333333333,0.4444444444444444,0.8181818181818182,0.6030226891555273,8,0.001,1e-05,0,9,resize_cube128_hu_m600_1500
4,TEST,0.48,0.5185185185185185,0.5833333333333334,0.38461538461538464,0.47366546671567095,8,0.001,1e-05,0,9,resize_cube128_hu_m600_1500
5,VALIDATION,0.6,0.6,0.6,0.6,0.6,8,0.001,1e-05,0,9,resize_cube128_hu_m600_1500
5,TEST,0.56,0.56,0.6363636363636364,0.5,0.5640760748177662,8,0.001,1e-05,0,9,resize_cube128_hu_m600_1500
MEAN,VALIDATION,0.64,0.6176441102756891,0.6533333333333334,0.6290909090909091,0.6313889904175984,8,0.001,9
MEAN,TEST,0.528,0.5068268921095008,0.5606060606060607,0.5,0.4962042044892835,8,0.001,9
1,VALIDATION,0.5,0.5454545454545454,0.6666666666666666,0.36363636363636365,0.49236596391733095,8,0.001,1e-05,0.3,9,resize_cube128_hu_m600_1500
1,TEST,0.64,0.6896551724137931,0.8333333333333334,0.46153846153846156,0.6201736729460423,8,0.001,1e-05,0.3,9,resize_cube128_hu_m600_1500
2,VALIDATION,0.85,0.8421052631578947,0.8888888888888888,0.8181818181818182,0.8528028654224418,8,0.001,1e-05,0.3,9,resize_cube128_hu_m600_1500
2,TEST,0.64,0.5263157894736842,0.4166666666666667,0.8461538461538461,0.5937710859953544,8,0.001,1e-05,0.3,9,resize_cube128_hu_m600_1500
3,VALIDATION,0.7,0.7272727272727273,0.8888888888888888,0.5454545454545454,0.6963106238227913,8,0.001,1e-05,0.3,9,resize_cube128_hu_m600_1500
3,TEST,0.76,0.7857142857142857,0.9166666666666666,0.6153846153846154,0.7510676161988108,8,0.001,1e-05,0.3,9,resize_cube128_hu_m600_1500
4,VALIDATION,0.75,0.7368421052631579,0.7777777777777778,0.7272727272727273,0.7521014330903549,8,0.001,1e-05,0.3,9,resize_cube128_hu_m600_1500
4,TEST,0.44,0.5882352941176471,0.8333333333333334,0.07692307692307693,0.25318484177091666,8,0.001,1e-05,0.3,9,resize_cube128_hu_m600_1500
5,VALIDATION,0.65,0.6956521739130435,0.8,0.5,0.6324555320336759,8,0.001,1e-05,0.3,9,resize_cube128_hu_m600_1500
5,TEST,0.64,0.6666666666666666,0.8181818181818182,0.5,0.6396021490668313,8,0.001,1e-05,0.3,9,resize_cube128_hu_m600_1500
MEAN,VALIDATION,0.69,0.7094653630122737,0.8044444444444444,0.5909090909090909,0.685207283657319,8,0.001,9
MEAN,TEST,0.624,0.6513174416772153,0.7636363636363637,0.5,0.5715598731955911,8,0.001,9
1,VALIDATION,0.7,0.5714285714285714,0.4444444444444444,0.9090909090909091,0.6356417261637282,8,0.001,1e-05,0.5,9,resize_cube128_hu_m600_1500
1,TEST,0.64,0.5714285714285714,0.5,0.7692307692307693,0.6201736729460423,8,0.001,1e-05,0.5,9,resize_cube128_hu_m600_1500
2,VALIDATION,0.7,0.6666666666666666,0.6666666666666666,0.7272727272727273,0.6963106238227914,8,0.001,1e-05,0.5,9,resize_cube128_hu_m600_1500
2,TEST,0.48,0.38095238095238093,0.3333333333333333,0.6153846153846154,0.4529108136578383,8,0.001,1e-05,0.5,9,resize_cube128_hu_m600_1500
3,VALIDATION,0.8,0.8,0.8888888888888888,0.7272727272727273,0.8040302522073697,8,0.001,1e-05,0.5,9,resize_cube128_hu_m600_1500
3,TEST,0.84,0.8461538461538461,0.9166666666666666,0.7692307692307693,0.8397191227596316,8,0.001,1e-05,0.5,9,resize_cube128_hu_m600_1500
4,VALIDATION,0.8,0.7777777777777778,0.7777777777777778,0.8181818181818182,0.7977240352174657,8,0.001,1e-05,0.5,9,resize_cube128_hu_m600_1500
4,TEST,0.56,0.6206896551724138,0.75,0.38461538461538464,0.5370861555295747,8,0.001,1e-05,0.5,9,resize_cube128_hu_m600_1500
5,VALIDATION,0.65,0.6666666666666666,0.7,0.6,0.648074069840786,8,0.001,1e-05,0.5,9,resize_cube128_hu_m600_1500
5,TEST,0.64,0.64,0.7272727272727273,0.5714285714285714,0.6446583712203042,8,0.001,1e-05,0.5,9,resize_cube128_hu_m600_1500
MEAN,VALIDATION,0.73,0.6965079365079364,0.6955555555555556,0.7563636363636363,0.7163561414504281,8,0.001,9
MEAN,TEST,0.632,0.6118448907414424,0.6454545454545455,0.6219780219780219,0.6189096272226783,8,0.001,9
1,VALIDATION,0.6,0.5,0.4444444444444444,0.7272727272727273,0.5685352436149611,16,0.001,0,0,9,resize_cube128_hu_m600_1500
1,TEST,0.6,0.4444444444444444,0.3333333333333333,0.8461538461538461,0.5310850045437944,16,0.001,0,0,9,resize_cube128_hu_m600_1500
2,VALIDATION,0.8,0.8181818181818182,1.0,0.6363636363636364,0.7977240352174656,16,0.001,0,0,9,resize_cube128_hu_m600_1500
2,TEST,0.4,0.4,0.4166666666666667,0.38461538461538464,0.40032038451271784,16,0.001,0,0,9,resize_cube128_hu_m600_1500
3,VALIDATION,0.6,0.6,0.6666666666666666,0.5454545454545454,0.6030226891555273,16,0.001,0,0,9,resize_cube128_hu_m600_1500
3,TEST,0.56,0.6206896551724138,0.75,0.38461538461538464,0.5370861555295747,16,0.001,0,0,9,resize_cube128_hu_m600_1500
4,VALIDATION,0.55,0.5714285714285714,0.6666666666666666,0.45454545454545453,0.5504818825631803,16,0.001,0,0,9,resize_cube128_hu_m600_1500
4,TEST,0.4,0.4827586206896552,0.5833333333333334,0.23076923076923078,0.36689969285267143,16,0.001,0,0,9,resize_cube128_hu_m600_1500
5,VALIDATION,0.65,0.6666666666666666,0.7,0.6,0.648074069840786,16,0.001,0,0,9,resize_cube128_hu_m600_1500
5,TEST,0.68,0.6666666666666666,0.7272727272727273,0.6428571428571429,0.6837634587578277,16,0.001,0,0,9,resize_cube128_hu_m600_1500
MEAN,VALIDATION,0.6399999999999999,0.6312554112554113,0.6955555555555556,0.5927272727272728,0.6335675840783841,16,0.001,9
MEAN,TEST,0.528,0.522911877394636,0.5621212121212121,0.4978021978021978,0.5038309392393172,16,0.001,9
1,VALIDATION,0.5,0.5454545454545454,0.6666666666666666,0.36363636363636365,0.49236596391733095,16,0.001,0,0.3,9,resize_cube128_hu_m600_1500
1,TEST,0.68,0.7142857142857143,0.8333333333333334,0.5384615384615384,0.6698641270570836,16,0.001,0,0.3,9,resize_cube128_hu_m600_1500
2,VALIDATION,0.7,0.7,0.7777777777777778,0.6363636363636364,0.7035264706814485,16,0.001,0,0.3,9,resize_cube128_hu_m600_1500
2,TEST,0.52,0.5384615384615384,0.5833333333333334,0.46153846153846156,0.5188745216627708,16,0.001,0,0.3,9,resize_cube128_hu_m600_1500
3,VALIDATION,0.7,0.6666666666666666,0.6666666666666666,0.7272727272727273,0.6963106238227914,16,0.001,0,0.3,9,resize_cube128_hu_m600_1500
3,TEST,0.76,0.7857142857142857,0.9166666666666666,0.6153846153846154,0.7510676161988108,16,0.001,0,0.3,9,resize_cube128_hu_m600_1500
4,VALIDATION,0.75,0.7368421052631579,0.7777777777777778,0.7272727272727273,0.7521014330903549,16,0.001,0,0.3,9,resize_cube128_hu_m600_1500
4,TEST,0.48,0.5806451612903226,0.75,0.23076923076923078,0.41602514716892186,16,0.001,0,0.3,9,resize_cube128_hu_m600_1500
5,VALIDATION,0.65,0.6666666666666666,0.7,0.6,0.648074069840786,16,0.001,0,0.3,9,resize_cube128_hu_m600_1500
5,TEST,0.64,0.64,0.7272727272727273,0.5714285714285714,0.6446583712203042,16,0.001,0,0.3,9,resize_cube128_hu_m600_1500
MEAN,VALIDATION,0.6599999999999999,0.6631259968102073,0.7177777777777777,0.610909090909091,0.6584757122705424,16,0.001,9
MEAN,TEST,0.6160000000000001,0.6518213399503722,0.7621212121212121,0.4835164835164836,0.6000979566615783,16,0.001,9
1,VALIDATION,0.5,0.5454545454545454,0.6666666666666666,0.36363636363636365,0.49236596391733095,16,0.001,0,0.5,9,resize_cube128_hu_m600_1500
1,TEST,0.64,0.6896551724137931,0.8333333333333334,0.46153846153846156,0.6201736729460423,16,0.001,0,0.5,9,resize_cube128_hu_m600_1500
2,VALIDATION,0.75,0.7619047619047619,0.8888888888888888,0.6363636363636364,0.7521014330903549,16,0.001,0,0.5,9,resize_cube128_hu_m600_1500
2,TEST,0.48,0.38095238095238093,0.3333333333333333,0.6153846153846154,0.4529108136578383,16,0.001,0,0.5,9,resize_cube128_hu_m600_1500
3,VALIDATION,0.7,0.7,0.7777777777777778,0.6363636363636364,0.7035264706814485,16,0.001,0,0.5,9,resize_cube128_hu_m600_1500
3,TEST,0.6,0.5454545454545454,0.5,0.6923076923076923,0.5883484054145521,16,0.001,0,0.5,9,resize_cube128_hu_m600_1500
4,VALIDATION,0.8,0.7777777777777778,0.7777777777777778,0.8181818181818182,0.7977240352174657,16,0.001,0,0.5,9,resize_cube128_hu_m600_1500
4,TEST,0.52,0.6,0.75,0.3076923076923077,0.4803844614152614,16,0.001,0,0.5,9,resize_cube128_hu_m600_1500
5,VALIDATION,0.6,0.6363636363636364,0.7,0.5,0.5916079783099616,16,0.001,0,0.5,9,resize_cube128_hu_m600_1500
5,TEST,0.68,0.6923076923076923,0.8181818181818182,0.5714285714285714,0.6837634587578277,16,0.001,0,0.5,9,resize_cube128_hu_m600_1500
MEAN,VALIDATION,0.67,0.6843001443001442,0.7622222222222221,0.5909090909090909,0.6674651762433124,16,0.001,9
MEAN,TEST,0.5840000000000001,0.5816739582256825,0.6469696969696971,0.5296703296703298,0.5651161624383044,16,0.001,9
1,VALIDATION,0.65,0.5333333333333333,0.4444444444444444,0.8181818181818182,0.6030226891555273,16,0.001,1e-05,0,9,resize_cube128_hu_m600_1500
1,TEST,0.6,0.5,0.4166666666666667,0.7692307692307693,0.5661385170722979,16,0.001,1e-05,0,9,resize_cube128_hu_m600_1500
2,VALIDATION,0.65,0.6666666666666666,0.7777777777777778,0.5454545454545454,0.6513389472789296,16,0.001,1e-05,0,9,resize_cube128_hu_m600_1500
2,TEST,0.6,0.6153846153846154,0.6666666666666666,0.5384615384615384,0.599144689515278,16,0.001,1e-05,0,9,resize_cube128_hu_m600_1500
3,VALIDATION,0.65,0.6666666666666666,0.7777777777777778,0.5454545454545454,0.6513389472789296,16,0.001,1e-05,0,9,resize_cube128_hu_m600_1500
3,TEST,0.52,0.6,0.75,0.3076923076923077,0.4803844614152614,16,0.001,1e-05,0,9,resize_cube128_hu_m600_1500
4,VALIDATION,0.55,0.5263157894736842,0.5555555555555556,0.5454545454545454,0.5504818825631803,16,0.001,1e-05,0,9,resize_cube128_hu_m600_1500
4,TEST,0.44,0.5625,0.75,0.15384615384615385,0.3396831102433787,16,0.001,1e-05,0,9,resize_cube128_hu_m600_1500
5,VALIDATION,0.65,0.5882352941176471,0.5,0.8,0.6324555320336759,16,0.001,1e-05,0,9,resize_cube128_hu_m600_1500
5,TEST,0.6,0.4444444444444444,0.36363636363636365,0.7857142857142857,0.5345224838248488,16,0.001,1e-05,0,9,resize_cube128_hu_m600_1500
MEAN,VALIDATION,0.63,0.5962435500515996,0.611111111111111,0.650909090909091,0.6177275996620486,16,0.001,9
MEAN,TEST,0.552,0.544465811965812,0.5893939393939394,0.510989010989011,0.503974652414213,16,0.001,9
1,VALIDATION,0.55,0.5714285714285714,0.6666666666666666,0.45454545454545453,0.5504818825631803,16,0.001,1e-05,0.3,9,resize_cube128_hu_m600_1500
1,TEST,0.64,0.64,0.6666666666666666,0.6153846153846154,0.6405126152203485,16,0.001,1e-05,0.3,9,resize_cube128_hu_m600_1500
2,VALIDATION,0.85,0.8421052631578947,0.8888888888888888,0.8181818181818182,0.8528028654224418,16,0.001,1e-05,0.3,9,resize_cube128_hu_m600_1500
2,TEST,0.64,0.47058823529411764,0.3333333333333333,0.9230769230769231,0.5547001962252291,16,0.001,1e-05,0.3,9,resize_cube128_hu_m600_1500
3,VALIDATION,0.75,0.7619047619047619,0.8888888888888888,0.6363636363636364,0.7521014330903549,16,0.001,1e-05,0.3,9,resize_cube128_hu_m600_1500
3,TEST,0.8,0.8,0.8333333333333334,0.7692307692307693,0.8006407690254357,16,0.001,1e-05,0.3,9,resize_cube128_hu_m600_1500
4,VALIDATION,0.7,0.7,0.7777777777777778,0.6363636363636364,0.7035264706814485,16,0.001,1e-05,0.3,9,resize_cube128_hu_m600_1500
4,TEST,0.44,0.6111111111111112,0.9166666666666666,0.0,0.0,16,0.001,1e-05,0.3,9,resize_cube128_hu_m600_1500
5,VALIDATION,0.65,0.6956521739130435,0.8,0.5,0.6324555320336759,16,0.001,1e-05,0.3,9,resize_cube128_hu_m600_1500
5,TEST,0.64,0.6666666666666666,0.8181818181818182,0.5,0.6396021490668313,16,0.001,1e-05,0.3,9,resize_cube128_hu_m600_1500
MEAN,VALIDATION,0.7,0.7142181540808543,0.8044444444444444,0.6090909090909091,0.6982736367582203,16,0.001,9
MEAN,TEST,0.632,0.6376732026143791,0.7136363636363636,0.5615384615384615,0.5270911459075689,16,0.001,9
1,VALIDATION,0.55,0.47058823529411764,0.4444444444444444,0.6363636363636364,0.5318160234783105,16,0.001,1e-05,0.5,9,resize_cube128_hu_m600_1500
1,TEST,0.52,0.45454545454545453,0.4166666666666667,0.6153846153846154,0.5063696835418333,16,0.001,1e-05,0.5,9,resize_cube128_hu_m600_1500
2,VALIDATION,0.75,0.7619047619047619,0.8888888888888888,0.6363636363636364,0.7521014330903549,16,0.001,1e-05,0.5,9,resize_cube128_hu_m600_1500
2,TEST,0.6,0.6153846153846154,0.6666666666666666,0.5384615384615384,0.599144689515278,16,0.001,1e-05,0.5,9,resize_cube128_hu_m600_1500
3,VALIDATION,0.7,0.7272727272727273,0.8888888888888888,0.5454545454545454,0.6963106238227913,16,0.001,1e-05,0.5,9,resize_cube128_hu_m600_1500
3,TEST,0.76,0.8,1.0,0.5384615384615384,0.7337993857053428,16,0.001,1e-05,0.5,9,resize_cube128_hu_m600_1500
4,VALIDATION,0.6,0.6363636363636364,0.7777777777777778,0.45454545454545453,0.5945883900105632,16,0.001,1e-05,0.5,9,resize_cube128_hu_m600_1500
4,TEST,0.52,0.6666666666666666,1.0,0.07692307692307693,0.2773500981126146,16,0.001,1e-05,0.5,9,resize_cube128_hu_m600_1500
5,VALIDATION,0.45,0.26666666666666666,0.2,0.7,0.3741657386773941,16,0.001,1e-05,0.5,9,resize_cube128_hu_m600_1500
5,TEST,0.52,0.45454545454545453,0.45454545454545453,0.5714285714285714,0.5096471914376255,16,0.001,1e-05,0.5,9,resize_cube128_hu_m600_1500
MEAN,VALIDATION,0.6100000000000001,0.572559205500382,0.64,0.5945454545454545,0.5897964418158828,16,0.001,9
MEAN,TEST,0.5840000000000001,0.5982284382284383,0.7075757575757575,0.4681318681318681,0.5252622096625388,16,0.001,9
1,VALIDATION,0.4,0.5,0.6666666666666666,0.18181818181818182,0.3481553119113957,32,0.001,0,0,9,resize_cube128_hu_m600_1500
1,TEST,0.52,0.5384615384615384,0.5833333333333334,0.46153846153846156,0.5188745216627708,32,0.001,0,0,9,resize_cube128_hu_m600_1500
2,VALIDATION,0.7,0.7,0.7777777777777778,0.6363636363636364,0.7035264706814485,32,0.001,0,0,9,resize_cube128_hu_m600_1500
2,TEST,0.48,0.5185185185185185,0.5833333333333334,0.38461538461538464,0.47366546671567095,32,0.001,0,0,9,resize_cube128_hu_m600_1500
3,VALIDATION,0.6,0.6363636363636364,0.7777777777777778,0.45454545454545453,0.5945883900105632,32,0.001,0,0,9,resize_cube128_hu_m600_1500
3,TEST,0.68,0.7333333333333333,0.9166666666666666,0.46153846153846156,0.6504436355879909,32,0.001,0,0,9,resize_cube128_hu_m600_1500
4,VALIDATION,0.7,0.625,0.5555555555555556,0.8181818181818182,0.6741998624632421,32,0.001,0,0,9,resize_cube128_hu_m600_1500
4,TEST,0.44,0.5,0.5833333333333334,0.3076923076923077,0.42365927286816174,32,0.001,0,0,9,resize_cube128_hu_m600_1500
5,VALIDATION,0.75,0.7058823529411765,0.6,0.9,0.7348469228349535,32,0.001,0,0,9,resize_cube128_hu_m600_1500
5,TEST,0.72,0.631578947368421,0.5454545454545454,0.8571428571428571,0.6837634587578276,32,0.001,0,0,9,resize_cube128_hu_m600_1500
MEAN,VALIDATION,0.6300000000000001,0.6334491978609627,0.6755555555555556,0.5981818181818181,0.6110633915803205,32,0.001,9
MEAN,TEST,0.568,0.5843784675363622,0.6424242424242425,0.4945054945054945,0.5500812711184844,32,0.001,9
1,VALIDATION,0.5,0.5,0.5555555555555556,0.45454545454545453,0.502518907629606,32,0.001,0,0.3,9,resize_cube128_hu_m600_1500
1,TEST,0.72,0.7407407407407407,0.8333333333333334,0.6153846153846154,0.716114874039433,32,0.001,0,0.3,9,resize_cube128_hu_m600_1500
2,VALIDATION,0.75,0.7619047619047619,0.8888888888888888,0.6363636363636364,0.7521014330903549,32,0.001,0,0.3,9,resize_cube128_hu_m600_1500
2,TEST,0.56,0.56,0.5833333333333334,0.5384615384615384,0.560448538317805,32,0.001,0,0.3,9,resize_cube128_hu_m600_1500
3,VALIDATION,0.8,0.7777777777777778,0.7777777777777778,0.8181818181818182,0.7977240352174657,32,0.001,0,0.3,9,resize_cube128_hu_m600_1500
3,TEST,0.68,0.6363636363636364,0.5833333333333334,0.7692307692307693,0.6698641270570838,32,0.001,0,0.3,9,resize_cube128_hu_m600_1500
4,VALIDATION,0.75,0.7368421052631579,0.7777777777777778,0.7272727272727273,0.7521014330903549,32,0.001,0,0.3,9,resize_cube128_hu_m600_1500
4,TEST,0.44,0.5625,0.75,0.15384615384615385,0.3396831102433787,32,0.001,0,0.3,9,resize_cube128_hu_m600_1500
5,VALIDATION,0.5,0.375,0.3,0.7,0.458257569495584,32,0.001,0,0.3,9,resize_cube128_hu_m600_1500
5,TEST,0.56,0.47619047619047616,0.45454545454545453,0.6428571428571429,0.5405624776173353,32,0.001,0,0.3,9,resize_cube128_hu_m600_1500
MEAN,VALIDATION,0.6599999999999999,0.6303049289891395,0.6599999999999999,0.6672727272727274,0.6525406757046731,32,0.001,9
MEAN,TEST,0.592,0.5951589706589707,0.6409090909090909,0.5439560439560439,0.5653346254550071,32,0.001,9
1,VALIDATION,0.55,0.5714285714285714,0.6666666666666666,0.45454545454545453,0.5504818825631803,32,0.001,0,0.5,9,resize_cube128_hu_m600_1500
1,TEST,0.64,0.64,0.6666666666666666,0.6153846153846154,0.6405126152203485,32,0.001,0,0.5,9,resize_cube128_hu_m600_1500
2,VALIDATION,0.7,0.7272727272727273,0.8888888888888888,0.5454545454545454,0.6963106238227913,32,0.001,0,0.5,9,resize_cube128_hu_m600_1500
2,TEST,0.64,0.6666666666666666,0.75,0.5384615384615384,0.6354889093022426,32,0.001,0,0.5,9,resize_cube128_hu_m600_1500
3,VALIDATION,0.8,0.8,0.8888888888888888,0.7272727272727273,0.8040302522073697,32,0.001,0,0.5,9,resize_cube128_hu_m600_1500
3,TEST,0.8,0.8275862068965517,1.0,0.6153846153846154,0.7844645405527362,32,0.001,0,0.5,9,resize_cube128_hu_m600_1500
4,VALIDATION,0.7,0.7,0.7777777777777778,0.6363636363636364,0.7035264706814485,32,0.001,0,0.5,9,resize_cube128_hu_m600_1500
4,TEST,0.44,0.5625,0.75,0.15384615384615385,0.3396831102433787,32,0.001,0,0.5,9,resize_cube128_hu_m600_1500
5,VALIDATION,0.6,0.6363636363636364,0.7,0.5,0.5916079783099616,32,0.001,0,0.5,9,resize_cube128_hu_m600_1500
5,TEST,0.64,0.64,0.7272727272727273,0.5714285714285714,0.6446583712203042,32,0.001,0,0.5,9,resize_cube128_hu_m600_1500
MEAN,VALIDATION,0.67,0.687012987012987,0.7844444444444443,0.5727272727272728,0.6691914415169503,32,0.001,9
MEAN,TEST,0.632,0.6673505747126437,0.7787878787878787,0.4989010989010989,0.608961509307802,32,0.001,9
1,VALIDATION,0.65,0.5333333333333333,0.4444444444444444,0.8181818181818182,0.6030226891555273,32,0.001,1e-05,0,9,resize_cube128_hu_m600_1500
1,TEST,0.6,0.375,0.25,0.9230769230769231,0.4803844614152614,32,0.001,1e-05,0,9,resize_cube128_hu_m600_1500
2,VALIDATION,0.75,0.7619047619047619,0.8888888888888888,0.6363636363636364,0.7521014330903549,32,0.001,1e-05,0,9,resize_cube128_hu_m600_1500
2,TEST,0.64,0.6086956521739131,0.5833333333333334,0.6923076923076923,0.6354889093022426,32,0.001,1e-05,0,9,resize_cube128_hu_m600_1500
3,VALIDATION,0.65,0.6956521739130435,0.8888888888888888,0.45454545454545453,0.6356417261637282,32,0.001,1e-05,0,9,resize_cube128_hu_m600_1500
3,TEST,0.64,0.7272727272727273,1.0,0.3076923076923077,0.5547001962252291,32,0.001,1e-05,0,9,resize_cube128_hu_m600_1500
4,VALIDATION,0.65,0.46153846153846156,0.3333333333333333,0.9090909090909091,0.5504818825631803,32,0.001,1e-05,0,9,resize_cube128_hu_m600_1500
4,TEST,0.56,0.42105263157894735,0.3333333333333333,0.7692307692307693,0.5063696835418333,32,0.001,1e-05,0,9,resize_cube128_hu_m600_1500
5,VALIDATION,0.7,0.7272727272727273,0.8,0.6,0.6928203230275509,32,0.001,1e-05,0,9,resize_cube128_hu_m600_1500
5,TEST,0.6,0.6428571428571429,0.8181818181818182,0.42857142857142855,0.592156525463792,32,0.001,1e-05,0,9,resize_cube128_hu_m600_1500
MEAN,VALIDATION,0.6799999999999999,0.6359402915924655,0.6711111111111112,0.6836363636363637,0.6468136108000684,32,0.001,9
MEAN,TEST,0.608,0.5549756307765461,0.596969696969697,0.6241758241758242,0.5538199551896718,32,0.001,9
1,VALIDATION,0.5,0.5454545454545454,0.6666666666666666,0.36363636363636365,0.49236596391733095,32,0.001,1e-05,0.3,9,resize_cube128_hu_m600_1500
1,TEST,0.64,0.64,0.6666666666666666,0.6153846153846154,0.6405126152203485,32,0.001,1e-05,0.3,9,resize_cube128_hu_m600_1500
2,VALIDATION,0.75,0.7368421052631579,0.7777777777777778,0.7272727272727273,0.7521014330903549,32,0.001,1e-05,0.3,9,resize_cube128_hu_m600_1500
2,TEST,0.36,0.2,0.16666666666666666,0.5384615384615384,0.299572344757639,32,0.001,1e-05,0.3,9,resize_cube128_hu_m600_1500
3,VALIDATION,0.8,0.8,0.8888888888888888,0.7272727272727273,0.8040302522073697,32,0.001,1e-05,0.3,9,resize_cube128_hu_m600_1500
3,TEST,0.76,0.7692307692307693,0.8333333333333334,0.6923076923076923,0.75955452531275,32,0.001,1e-05,0.3,9,resize_cube128_hu_m600_1500
4,VALIDATION,0.75,0.7368421052631579,0.7777777777777778,0.7272727272727273,0.7521014330903549,32,0.001,1e-05,0.3,9,resize_cube128_hu_m600_1500
4,TEST,0.52,0.5384615384615384,0.5833333333333334,0.46153846153846156,0.5188745216627708,32,0.001,1e-05,0.3,9,resize_cube128_hu_m600_1500
5,VALIDATION,0.7,0.7272727272727273,0.8,0.6,0.6928203230275509,32,0.001,1e-05,0.3,9,resize_cube128_hu_m600_1500
5,TEST,0.64,0.64,0.7272727272727273,0.5714285714285714,0.6446583712203042,32,0.001,1e-05,0.3,9,resize_cube128_hu_m600_1500
MEAN,VALIDATION,0.7,0.7092822966507176,0.7822222222222222,0.6290909090909091,0.6986838810665923,32,0.001,9
MEAN,TEST,0.5840000000000001,0.5575384615384615,0.5954545454545455,0.5758241758241758,0.5726344756347626,32,0.001,9
1,VALIDATION,0.6,0.6,0.6666666666666666,0.5454545454545454,0.6030226891555273,32,0.001,1e-05,0.5,9,resize_cube128_hu_m600_1500
1,TEST,0.64,0.64,0.6666666666666666,0.6153846153846154,0.6405126152203485,32,0.001,1e-05,0.5,9,resize_cube128_hu_m600_1500
2,VALIDATION,0.7,0.6666666666666666,0.6666666666666666,0.7272727272727273,0.6963106238227914,32,0.001,1e-05,0.5,9,resize_cube128_hu_m600_1500
2,TEST,0.44,0.4166666666666667,0.4166666666666667,0.46153846153846156,0.4385290096535146,32,0.001,1e-05,0.5,9,resize_cube128_hu_m600_1500
3,VALIDATION,0.8,0.8,0.8888888888888888,0.7272727272727273,0.8040302522073697,32,0.001,1e-05,0.5,9,resize_cube128_hu_m600_1500
3,TEST,0.64,0.5714285714285714,0.5,0.7692307692307693,0.6201736729460423,32,0.001,1e-05,0.5,9,resize_cube128_hu_m600_1500
4,VALIDATION,0.7,0.7,0.7777777777777778,0.6363636363636364,0.7035264706814485,32,0.001,1e-05,0.5,9,resize_cube128_hu_m600_1500
4,TEST,0.48,0.6060606060606061,0.8333333333333334,0.15384615384615385,0.3580574370197165,32,0.001,1e-05,0.5,9,resize_cube128_hu_m600_1500
5,VALIDATION,0.6,0.6,0.6,0.6,0.6,32,0.001,1e-05,0.5,9,resize_cube128_hu_m600_1500
5,TEST,0.56,0.56,0.6363636363636364,0.5,0.5640760748177662,32,0.001,1e-05,0.5,9,resize_cube128_hu_m600_1500
MEAN,VALIDATION,0.6799999999999999,0.6733333333333333,0.72,0.6472727272727272,0.6813780071734274,32,0.001,9
MEAN,TEST,0.552,0.5588311688311689,0.6106060606060606,0.5,0.5242697619314776,32,0.001,9
1,VALIDATION,0.5,0.5454545454545454,0.6666666666666666,0.36363636363636365,0.49236596391733095,4,0.001,0,0,9,resize_cube128_hu_m300_1400
1,TEST,0.64,0.6896551724137931,0.8333333333333334,0.46153846153846156,0.6201736729460423,4,0.001,0,0,9,resize_cube128_hu_m300_1400
2,VALIDATION,0.75,0.7619047619047619,0.8888888888888888,0.6363636363636364,0.7521014330903549,4,0.001,0,0,9,resize_cube128_hu_m300_1400
2,TEST,0.48,0.38095238095238093,0.3333333333333333,0.6153846153846154,0.4529108136578383,4,0.001,0,0,9,resize_cube128_hu_m300_1400
3,VALIDATION,0.6,0.6666666666666666,0.8888888888888888,0.36363636363636365,0.5685352436149611,4,0.001,0,0,9,resize_cube128_hu_m300_1400
3,TEST,0.68,0.7142857142857143,0.8333333333333334,0.5384615384615384,0.6698641270570836,4,0.001,0,0,9,resize_cube128_hu_m300_1400
4,VALIDATION,0.75,0.6666666666666666,0.5555555555555556,0.9090909090909091,0.7106690545187014,4,0.001,0,0,9,resize_cube128_hu_m300_1400
4,TEST,0.52,0.5384615384615384,0.5833333333333334,0.46153846153846156,0.5188745216627708,4,0.001,0,0,9,resize_cube128_hu_m300_1400
5,VALIDATION,0.8,0.8,0.8,0.8,0.8,4,0.001,0,0,9,resize_cube128_hu_m300_1400
5,TEST,0.64,0.5714285714285714,0.5454545454545454,0.7142857142857143,0.6241877839323592,4,0.001,0,0,9,resize_cube128_hu_m300_1400
MEAN,VALIDATION,0.68,0.6881385281385282,0.76,0.6145454545454546,0.6647343390282696,4,0.001,9
MEAN,TEST,0.5920000000000001,0.5789566755083996,0.6257575757575757,0.5582417582417583,0.5772021838512188,4,0.001,9
1,VALIDATION,0.55,0.5714285714285714,0.6666666666666666,0.45454545454545453,0.5504818825631803,4,0.001,0,0.3,9,resize_cube128_hu_m300_1400
1,TEST,0.52,0.5,0.5,0.5384615384615384,0.5188745216627708,4,0.001,0,0.3,9,resize_cube128_hu_m300_1400
2,VALIDATION,0.75,0.7619047619047619,0.8888888888888888,0.6363636363636364,0.7521014330903549,4,0.001,0,0.3,9,resize_cube128_hu_m300_1400
2,TEST,0.48,0.5185185185185185,0.5833333333333334,0.38461538461538464,0.47366546671567095,4,0.001,0,0.3,9,resize_cube128_hu_m300_1400
3,VALIDATION,0.65,0.6956521739130435,0.8888888888888888,0.45454545454545453,0.6356417261637282,4,0.001,0,0.3,9,resize_cube128_hu_m300_1400
3,TEST,0.76,0.7857142857142857,0.9166666666666666,0.6153846153846154,0.7510676161988108,4,0.001,0,0.3,9,resize_cube128_hu_m300_1400
4,VALIDATION,0.7,0.7,0.7777777777777778,0.6363636363636364,0.7035264706814485,4,0.001,0,0.3,9,resize_cube128_hu_m300_1400
4,TEST,0.4,0.5454545454545454,0.75,0.07692307692307693,0.2401922307076307,4,0.001,0,0.3,9,resize_cube128_hu_m300_1400
5,VALIDATION,0.7,0.7272727272727273,0.8,0.6,0.6928203230275509,4,0.001,0,0.3,9,resize_cube128_hu_m300_1400
5,TEST,0.64,0.6666666666666666,0.8181818181818182,0.5,0.6396021490668313,4,0.001,0,0.3,9,resize_cube128_hu_m300_1400
MEAN,VALIDATION,0.6700000000000002,0.6912516469038209,0.8044444444444444,0.5563636363636364,0.6669143671052525,4,0.001,9
MEAN,TEST,0.56,0.6032708032708032,0.7136363636363636,0.4230769230769231,0.524680396870343,4,0.001,9
1,VALIDATION,0.65,0.631578947368421,0.6666666666666666,0.6363636363636364,0.6513389472789296,4,0.001,0,0.5,9,resize_cube128_hu_m300_1400
1,TEST,0.68,0.6923076923076923,0.75,0.6153846153846154,0.6793662204867574,4,0.001,0,0.5,9,resize_cube128_hu_m300_1400
2,VALIDATION,0.8,0.8,0.8888888888888888,0.7272727272727273,0.8040302522073697,4,0.001,0,0.5,9,resize_cube128_hu_m300_1400
2,TEST,0.56,0.5925925925925926,0.6666666666666666,0.46153846153846156,0.5547001962252291,4,0.001,0,0.5,9,resize_cube128_hu_m300_1400
3,VALIDATION,0.6,0.6666666666666666,0.8888888888888888,0.36363636363636365,0.5685352436149611,4,0.001,0,0.5,9,resize_cube128_hu_m300_1400
3,TEST,0.84,0.8571428571428571,1.0,0.6923076923076923,0.8320502943378437,4,0.001,0,0.5,9,resize_cube128_hu_m300_1400
4,VALIDATION,0.75,0.7368421052631579,0.7777777777777778,0.7272727272727273,0.7521014330903549,4,0.001,0,0.5,9,resize_cube128_hu_m300_1400
4,TEST,0.44,0.5882352941176471,0.8333333333333334,0.07692307692307693,0.25318484177091666,4,0.001,0,0.5,9,resize_cube128_hu_m300_1400
5,VALIDATION,0.6,0.6923076923076923,0.9,0.3,0.5196152422706632,4,0.001,0,0.5,9,resize_cube128_hu_m300_1400
5,TEST,0.44,0.5882352941176471,0.9090909090909091,0.07142857142857142,0.25482359571881275,4,0.001,0,0.5,9,resize_cube128_hu_m300_1400
MEAN,VALIDATION,0.68,0.7054790823211876,0.8244444444444443,0.550909090909091,0.6591242236924557,4,0.001,9
MEAN,TEST,0.592,0.6637027460556872,0.8318181818181818,0.38351648351648354,0.514825029707912,4,0.001,9
1,VALIDATION,0.45,0.5217391304347826,0.6666666666666666,0.2727272727272727,0.42640143271122083,4,0.001,1e-05,0,9,resize_cube128_hu_m300_1400
1,TEST,0.6,0.6666666666666666,0.8333333333333334,0.38461538461538464,0.5661385170722979,4,0.001,1e-05,0,9,resize_cube128_hu_m300_1400
2,VALIDATION,0.75,0.7619047619047619,0.8888888888888888,0.6363636363636364,0.7521014330903549,4,0.001,1e-05,0,9,resize_cube128_hu_m300_1400
2,TEST,0.44,0.3,0.25,0.6153846153846154,0.3922322702763681,4,0.001,1e-05,0,9,resize_cube128_hu_m300_1400
3,VALIDATION,0.6,0.6,0.6666666666666666,0.5454545454545454,0.6030226891555273,4,0.001,1e-05,0,9,resize_cube128_hu_m300_1400
3,TEST,0.64,0.7096774193548387,0.9166666666666666,0.38461538461538464,0.5937710859953544,4,0.001,1e-05,0,9,resize_cube128_hu_m300_1400
4,VALIDATION,0.55,0.5714285714285714,0.6666666666666666,0.45454545454545453,0.5504818825631803,4,0.001,1e-05,0,9,resize_cube128_hu_m300_1400
4,TEST,0.52,0.6470588235294118,0.9166666666666666,0.15384615384615385,0.3755338080994054,4,0.001,1e-05,0,9,resize_cube128_hu_m300_1400
5,VALIDATION,0.75,0.7619047619047619,0.8,0.7,0.7483314773547882,4,0.001,1e-05,0,9,resize_cube128_hu_m300_1400
5,TEST,0.64,0.64,0.7272727272727273,0.5714285714285714,0.6446583712203042,4,0.001,1e-05,0,9,resize_cube128_hu_m300_1400
MEAN,VALIDATION,0.6199999999999999,0.6433954451345756,0.7377777777777776,0.5218181818181818,0.6160677829750142,4,0.001,9
MEAN,TEST,0.5680000000000001,0.5926805819101835,0.7287878787878788,0.4219780219780219,0.514466810532746,4,0.001,9
1,VALIDATION,0.7,0.75,1.0,0.45454545454545453,0.674199862463242,4,0.001,1e-05,0.3,9,resize_cube128_hu_m300_1400
1,TEST,0.52,0.5714285714285714,0.6666666666666666,0.38461538461538464,0.5063696835418333,4,0.001,1e-05,0.3,9,resize_cube128_hu_m300_1400
2,VALIDATION,0.75,0.7058823529411765,0.6666666666666666,0.8181818181818182,0.7385489458759964,4,0.001,1e-05,0.3,9,resize_cube128_hu_m300_1400
2,TEST,0.48,0.3157894736842105,0.25,0.6923076923076923,0.41602514716892186,4,0.001,1e-05,0.3,9,resize_cube128_hu_m300_1400
3,VALIDATION,0.6,0.5,0.4444444444444444,0.7272727272727273,0.5685352436149611,4,0.001,1e-05,0.3,9,resize_cube128_hu_m300_1400
3,TEST,0.72,0.7407407407407407,0.8333333333333334,0.6153846153846154,0.716114874039433,4,0.001,1e-05,0.3,9,resize_cube128_hu_m300_1400
4,VALIDATION,0.7,0.6666666666666666,0.6666666666666666,0.7272727272727273,0.6963106238227914,4,0.001,1e-05,0.3,9,resize_cube128_hu_m300_1400
4,TEST,0.48,0.3157894736842105,0.25,0.6923076923076923,0.41602514716892186,4,0.001,1e-05,0.3,9,resize_cube128_hu_m300_1400
5,VALIDATION,0.7,0.7272727272727273,0.8,0.6,0.6928203230275509,4,0.001,1e-05,0.3,9,resize_cube128_hu_m300_1400
5,TEST,0.64,0.6666666666666666,0.8181818181818182,0.5,0.6396021490668313,4,0.001,1e-05,0.3,9,resize_cube128_hu_m300_1400
MEAN,VALIDATION,0.6900000000000001,0.669964349376114,0.7155555555555555,0.6654545454545455,0.6740829997609084,4,0.001,9
MEAN,TEST,0.5680000000000001,0.5220829852408799,0.5636363636363637,0.5769230769230769,0.5388274001971883,4,0.001,9
1,VALIDATION,0.65,0.5882352941176471,0.5555555555555556,0.7272727272727273,0.6356417261637283,4,0.001,1e-05,0.5,9,resize_cube128_hu_m300_1400
1,TEST,0.6,0.4444444444444444,0.3333333333333333,0.8461538461538461,0.5310850045437944,4,0.001,1e-05,0.5,9,resize_cube128_hu_m300_1400
2,VALIDATION,0.75,0.7619047619047619,0.8888888888888888,0.6363636363636364,0.7521014330903549,4,0.001,1e-05,0.5,9,resize_cube128_hu_m300_1400
2,TEST,0.44,0.4166666666666667,0.4166666666666667,0.46153846153846156,0.4385290096535146,4,0.001,1e-05,0.5,9,resize_cube128_hu_m300_1400
3,VALIDATION,0.65,0.6956521739130435,0.8888888888888888,0.45454545454545453,0.6356417261637282,4,0.001,1e-05,0.5,9,resize_cube128_hu_m300_1400
3,TEST,0.84,0.8571428571428571,1.0,0.6923076923076923,0.8320502943378437,4,0.001,1e-05,0.5,9,resize_cube128_hu_m300_1400
4,VALIDATION,0.7,0.7,0.7777777777777778,0.6363636363636364,0.7035264706814485,4,0.001,1e-05,0.5,9,resize_cube128_hu_m300_1400
4,TEST,0.4,0.5454545454545454,0.75,0.07692307692307693,0.2401922307076307,4,0.001,1e-05,0.5,9,resize_cube128_hu_m300_1400
5,VALIDATION,0.7,0.7,0.7,0.7,0.7,4,0.001,1e-05,0.5,9,resize_cube128_hu_m300_1400
5,TEST,0.64,0.6086956521739131,0.6363636363636364,0.6428571428571429,0.6396021490668313,4,0.001,1e-05,0.5,9,resize_cube128_hu_m300_1400
MEAN,VALIDATION,0.6900000000000001,0.6891584459870905,0.7622222222222221,0.6309090909090909,0.685382271219852,4,0.001,9
MEAN,TEST,0.584,0.5744808331764854,0.6272727272727272,0.543956043956044,0.536291737661923,4,0.001,9
1,VALIDATION,0.5,0.5454545454545454,0.6666666666666666,0.36363636363636365,0.49236596391733095,8,0.001,0,0,9,resize_cube128_hu_m300_1400
1,TEST,0.6,0.5833333333333334,0.5833333333333334,0.6153846153846154,0.5991446895152781,8,0.001,0,0,9,resize_cube128_hu_m300_1400
2,VALIDATION,0.75,0.7619047619047619,0.8888888888888888,0.6363636363636364,0.7521014330903549,8,0.001,0,0,9,resize_cube128_hu_m300_1400
2,TEST,0.56,0.5217391304347826,0.5,0.6153846153846154,0.5547001962252291,8,0.001,0,0,9,resize_cube128_hu_m300_1400
3,VALIDATION,0.65,0.6666666666666666,0.7777777777777778,0.5454545454545454,0.6513389472789296,8,0.001,0,0,9,resize_cube128_hu_m300_1400
3,TEST,0.6,0.6875,0.9166666666666666,0.3076923076923077,0.5310850045437944,8,0.001,0,0,9,resize_cube128_hu_m300_1400
4,VALIDATION,0.7,0.625,0.5555555555555556,0.8181818181818182,0.6741998624632421,8,0.001,0,0,9,resize_cube128_hu_m300_1400
4,TEST,0.56,0.56,0.5833333333333334,0.5384615384615384,0.560448538317805,8,0.001,0,0,9,resize_cube128_hu_m300_1400
5,VALIDATION,0.65,0.6666666666666666,0.7,0.6,0.648074069840786,8,0.001,0,0,9,resize_cube128_hu_m300_1400
5,TEST,0.64,0.6086956521739131,0.6363636363636364,0.6428571428571429,0.6396021490668313,8,0.001,0,0,9,resize_cube128_hu_m300_1400
MEAN,VALIDATION,0.6499999999999999,0.653138528138528,0.7177777777777777,0.5927272727272728,0.6436160553181287,8,0.001,9
MEAN,TEST,0.5920000000000001,0.5922536231884058,0.6439393939393939,0.543956043956044,0.5769961155337876,8,0.001,9
1,VALIDATION,0.55,0.47058823529411764,0.4444444444444444,0.6363636363636364,0.5318160234783105,8,0.001,0,0.3,9,resize_cube128_hu_m300_1400
1,TEST,0.68,0.6363636363636364,0.5833333333333334,0.7692307692307693,0.6698641270570838,8,0.001,0,0.3,9,resize_cube128_hu_m300_1400
2,VALIDATION,0.8,0.8,0.8888888888888888,0.7272727272727273,0.8040302522073697,8,0.001,0,0.3,9,resize_cube128_hu_m300_1400
2,TEST,0.48,0.5185185185185185,0.5833333333333334,0.38461538461538464,0.47366546671567095,8,0.001,0,0.3,9,resize_cube128_hu_m300_1400
3,VALIDATION,0.65,0.6956521739130435,0.8888888888888888,0.45454545454545453,0.6356417261637282,8,0.001,0,0.3,9,resize_cube128_hu_m300_1400
3,TEST,0.76,0.7692307692307693,0.8333333333333334,0.6923076923076923,0.75955452531275,8,0.001,0,0.3,9,resize_cube128_hu_m300_1400
4,VALIDATION,0.7,0.7,0.7777777777777778,0.6363636363636364,0.7035264706814485,8,0.001,0,0.3,9,resize_cube128_hu_m300_1400
4,TEST,0.36,0.5,0.6666666666666666,0.07692307692307693,0.22645540682891915,8,0.001,0,0.3,9,resize_cube128_hu_m300_1400
5,VALIDATION,0.65,0.6666666666666666,0.7,0.6,0.648074069840786,8,0.001,0,0.3,9,resize_cube128_hu_m300_1400
5,TEST,0.64,0.6086956521739131,0.6363636363636364,0.6428571428571429,0.6396021490668313,8,0.001,0,0.3,9,resize_cube128_hu_m300_1400
MEAN,VALIDATION,0.67,0.6665814151747654,0.74,0.610909090909091,0.6646177084743286,8,0.001,9
MEAN,TEST,0.5840000000000001,0.6065617152573675,0.6606060606060605,0.5131868131868133,0.5538283349962511,8,0.001,9
1,VALIDATION,0.5,0.6153846153846154,0.8888888888888888,0.18181818181818182,0.40201512610368484,8,0.001,0,0.5,9,resize_cube128_hu_m300_1400
1,TEST,0.6,0.6666666666666666,0.8333333333333334,0.38461538461538464,0.5661385170722979,8,0.001,0,0.5,9,resize_cube128_hu_m300_1400
2,VALIDATION,0.7,0.7,0.7777777777777778,0.6363636363636364,0.7035264706814485,8,0.001,0,0.5,9,resize_cube128_hu_m300_1400
2,TEST,0.48,0.5806451612903226,0.75,0.23076923076923078,0.41602514716892186,8,0.001,0,0.5,9,resize_cube128_hu_m300_1400
3,VALIDATION,0.6,0.6666666666666666,0.8888888888888888,0.36363636363636365,0.5685352436149611,8,0.001,0,0.5,9,resize_cube128_hu_m300_1400
3,TEST,0.76,0.8,1.0,0.5384615384615384,0.7337993857053428,8,0.001,0,0.5,9,resize_cube128_hu_m300_1400
4,VALIDATION,0.7,0.7,0.7777777777777778,0.6363636363636364,0.7035264706814485,8,0.001,0,0.5,9,resize_cube128_hu_m300_1400
4,TEST,0.52,0.6470588235294118,0.9166666666666666,0.15384615384615385,0.3755338080994054,8,0.001,0,0.5,9,resize_cube128_hu_m300_1400
5,VALIDATION,0.65,0.631578947368421,0.6,0.7,0.648074069840786,8,0.001,0,0.5,9,resize_cube128_hu_m300_1400
5,TEST,0.64,0.6086956521739131,0.6363636363636364,0.6428571428571429,0.6396021490668313,8,0.001,0,0.5,9,resize_cube128_hu_m300_1400
MEAN,VALIDATION,0.63,0.6627260458839407,0.7866666666666666,0.5036363636363635,0.6051354761844657,8,0.001,9
MEAN,TEST,0.6000000000000001,0.6606132607320628,0.8272727272727274,0.39010989010989006,0.5462198014225599,8,0.001,9
1,VALIDATION,0.55,0.47058823529411764,0.4444444444444444,0.6363636363636364,0.5318160234783105,8,0.001,1e-05,0,9,resize_cube128_hu_m300_1400
1,TEST,0.72,0.72,0.75,0.6923076923076923,0.7205766921228921,8,0.001,1e-05,0,9,resize_cube128_hu_m300_1400
2,VALIDATION,0.75,0.7368421052631579,0.7777777777777778,0.7272727272727273,0.7521014330903549,8,0.001,1e-05,0,9,resize_cube128_hu_m300_1400
2,TEST,0.52,0.5,0.5,0.5384615384615384,0.5188745216627708,8,0.001,1e-05,0,9,resize_cube128_hu_m300_1400
3,VALIDATION,0.55,0.5714285714285714,0.6666666666666666,0.45454545454545453,0.5504818825631803,8,0.001,1e-05,0,9,resize_cube128_hu_m300_1400
3,TEST,0.6,0.5454545454545454,0.5,0.6923076923076923,0.5883484054145521,8,0.001,1e-05,0,9,resize_cube128_hu_m300_1400
4,VALIDATION,0.7,0.7,0.7777777777777778,0.6363636363636364,0.7035264706814485,8,0.001,1e-05,0,9,resize_cube128_hu_m300_1400
4,TEST,0.48,0.5806451612903226,0.75,0.23076923076923078,0.41602514716892186,8,0.001,1e-05,0,9,resize_cube128_hu_m300_1400
5,VALIDATION,0.65,0.6956521739130435,0.8,0.5,0.6324555320336759,8,0.001,1e-05,0,9,resize_cube128_hu_m300_1400
5,TEST,0.64,0.6666666666666666,0.8181818181818182,0.5,0.6396021490668313,8,0.001,1e-05,0,9,resize_cube128_hu_m300_1400
MEAN,VALIDATION,0.6399999999999999,0.634902217179778,0.6933333333333334,0.5909090909090909,0.634076268369394,8,0.001,9
MEAN,TEST,0.592,0.6025532746823069,0.6636363636363637,0.5307692307692308,0.5766853830871936,8,0.001,9
1,VALIDATION,0.65,0.5882352941176471,0.5555555555555556,0.7272727272727273,0.6356417261637283,8,0.001,1e-05,0.3,9,resize_cube128_hu_m300_1400
1,TEST,0.52,0.4,0.3333333333333333,0.6923076923076923,0.48038446141526137,8,0.001,1e-05,0.3,9,resize_cube128_hu_m300_1400
2,VALIDATION,0.75,0.7619047619047619,0.8888888888888888,0.6363636363636364,0.7521014330903549,8,0.001,1e-05,0.3,9,resize_cube128_hu_m300_1400
2,TEST,0.64,0.6666666666666666,0.75,0.5384615384615384,0.6354889093022426,8,0.001,1e-05,0.3,9,resize_cube128_hu_m300_1400
3,VALIDATION,0.75,0.7619047619047619,0.8888888888888888,0.6363636363636364,0.7521014330903549,8,0.001,1e-05,0.3,9,resize_cube128_hu_m300_1400
3,TEST,0.8,0.8148148148148148,0.9166666666666666,0.6923076923076923,0.7966275068156915,8,0.001,1e-05,0.3,9,resize_cube128_hu_m300_1400
4,VALIDATION,0.7,0.7,0.7777777777777778,0.6363636363636364,0.7035264706814485,8,0.001,1e-05,0.3,9,resize_cube128_hu_m300_1400
4,TEST,0.36,0.5,0.6666666666666666,0.07692307692307693,0.22645540682891915,8,0.001,1e-05,0.3,9,resize_cube128_hu_m300_1400
5,VALIDATION,0.65,0.6666666666666666,0.7,0.6,0.648074069840786,8,0.001,1e-05,0.3,9,resize_cube128_hu_m300_1400
5,TEST,0.64,0.6086956521739131,0.6363636363636364,0.6428571428571429,0.6396021490668313,8,0.001,1e-05,0.3,9,resize_cube128_hu_m300_1400
MEAN,VALIDATION,0.7,0.6957422969187674,0.7622222222222221,0.6472727272727272,0.6982890265733345,8,0.001,9
MEAN,TEST,0.5920000000000001,0.5980354267310789,0.6606060606060605,0.5285714285714286,0.5557116866857892,8,0.001,9
1,VALIDATION,0.6,0.6,0.6666666666666666,0.5454545454545454,0.6030226891555273,8,0.001,1e-05,0.5,9,resize_cube128_hu_m300_1400
1,TEST,0.64,0.6666666666666666,0.75,0.5384615384615384,0.6354889093022426,8,0.001,1e-05,0.5,9,resize_cube128_hu_m300_1400
2,VALIDATION,0.75,0.7619047619047619,0.8888888888888888,0.6363636363636364,0.7521014330903549,8,0.001,1e-05,0.5,9,resize_cube128_hu_m300_1400
2,TEST,0.52,0.5714285714285714,0.6666666666666666,0.38461538461538464,0.5063696835418333,8,0.001,1e-05,0.5,9,resize_cube128_hu_m300_1400
3,VALIDATION,0.65,0.36363636363636365,0.2222222222222222,1.0,0.4714045207910317,8,0.001,1e-05,0.5,9,resize_cube128_hu_m300_1400
3,TEST,0.48,0.13333333333333333,0.08333333333333333,0.8461538461538461,0.2655425022718972,8,0.001,1e-05,0.5,9,resize_cube128_hu_m300_1400
4,VALIDATION,0.6,0.6363636363636364,0.7777777777777778,0.45454545454545453,0.5945883900105632,8,0.001,1e-05,0.5,9,resize_cube128_hu_m300_1400
4,TEST,0.48,0.6285714285714286,0.9166666666666666,0.07692307692307693,0.2655425022718972,8,0.001,1e-05,0.5,9,resize_cube128_hu_m300_1400
5,VALIDATION,0.7,0.7272727272727273,0.8,0.6,0.6928203230275509,8,0.001,1e-05,0.5,9,resize_cube128_hu_m300_1400
5,TEST,0.64,0.6666666666666666,0.8181818181818182,0.5,0.6396021490668313,8,0.001,1e-05,0.5,9,resize_cube128_hu_m300_1400
MEAN,VALIDATION,0.6599999999999999,0.6178354978354978,0.671111111111111,0.6472727272727272,0.6227874712150057,8,0.001,9
MEAN,TEST,0.552,0.5333333333333333,0.646969696969697,0.4692307692307692,0.46250914929094034,8,0.001,9
1,VALIDATION,0.65,0.5333333333333333,0.4444444444444444,0.8181818181818182,0.6030226891555273,16,0.001,0,0,9,resize_cube128_hu_m300_1400
1,TEST,0.6,0.5,0.4166666666666667,0.7692307692307693,0.5661385170722979,16,0.001,0,0,9,resize_cube128_hu_m300_1400
2,VALIDATION,0.7,0.7,0.7777777777777778,0.6363636363636364,0.7035264706814485,16,0.001,0,0,9,resize_cube128_hu_m300_1400
2,TEST,0.52,0.45454545454545453,0.4166666666666667,0.6153846153846154,0.5063696835418333,16,0.001,0,0,9,resize_cube128_hu_m300_1400
3,VALIDATION,0.6,0.6666666666666666,0.8888888888888888,0.36363636363636365,0.5685352436149611,16,0.001,0,0,9,resize_cube128_hu_m300_1400
3,TEST,0.64,0.6896551724137931,0.8333333333333334,0.46153846153846156,0.6201736729460423,16,0.001,0,0,9,resize_cube128_hu_m300_1400
4,VALIDATION,0.65,0.6666666666666666,0.7777777777777778,0.5454545454545454,0.6513389472789296,16,0.001,0,0,9,resize_cube128_hu_m300_1400
4,TEST,0.56,0.5925925925925926,0.6666666666666666,0.46153846153846156,0.5547001962252291,16,0.001,0,0,9,resize_cube128_hu_m300_1400
5,VALIDATION,0.65,0.631578947368421,0.6,0.7,0.648074069840786,16,0.001,0,0,9,resize_cube128_hu_m300_1400
5,TEST,0.68,0.5555555555555556,0.45454545454545453,0.8571428571428571,0.6241877839323592,16,0.001,0,0,9,resize_cube128_hu_m300_1400
MEAN,VALIDATION,0.65,0.6396491228070176,0.6977777777777778,0.6127272727272727,0.6348994841143305,16,0.001,9
MEAN,TEST,0.6000000000000001,0.5584697550214791,0.5575757575757576,0.632967032967033,0.5743139707435523,16,0.001,9
1,VALIDATION,0.5,0.5454545454545454,0.6666666666666666,0.36363636363636365,0.49236596391733095,16,0.001,0,0.3,9,resize_cube128_hu_m300_1400
1,TEST,0.64,0.6896551724137931,0.8333333333333334,0.46153846153846156,0.6201736729460423,16,0.001,0,0.3,9,resize_cube128_hu_m300_1400
2,VALIDATION,0.75,0.7368421052631579,0.7777777777777778,0.7272727272727273,0.7521014330903549,16,0.001,0,0.3,9,resize_cube128_hu_m300_1400
2,TEST,0.52,0.45454545454545453,0.4166666666666667,0.6153846153846154,0.5063696835418333,16,0.001,0,0.3,9,resize_cube128_hu_m300_1400
3,VALIDATION,0.65,0.6666666666666666,0.7777777777777778,0.5454545454545454,0.6513389472789296,16,0.001,0,0.3,9,resize_cube128_hu_m300_1400
3,TEST,0.84,0.8571428571428571,1.0,0.6923076923076923,0.8320502943378437,16,0.001,0,0.3,9,resize_cube128_hu_m300_1400
4,VALIDATION,0.7,0.7,0.7777777777777778,0.6363636363636364,0.7035264706814485,16,0.001,0,0.3,9,resize_cube128_hu_m300_1400
4,TEST,0.52,0.6666666666666666,1.0,0.07692307692307693,0.2773500981126146,16,0.001,0,0.3,9,resize_cube128_hu_m300_1400
5,VALIDATION,0.7,0.7272727272727273,0.8,0.6,0.6928203230275509,16,0.001,0,0.3,9,resize_cube128_hu_m300_1400
5,TEST,0.64,0.6666666666666666,0.8181818181818182,0.5,0.6396021490668313,16,0.001,0,0.3,9,resize_cube128_hu_m300_1400
MEAN,VALIDATION,0.6599999999999999,0.6752472089314194,0.76,0.5745454545454545,0.658430627599123,16,0.001,9
MEAN,TEST,0.632,0.6669353634870876,0.8136363636363637,0.46923076923076923,0.575109179601033,16,0.001,9
1,VALIDATION,0.5,0.5454545454545454,0.6666666666666666,0.36363636363636365,0.49236596391733095,16,0.001,0,0.5,9,resize_cube128_hu_m300_1400
1,TEST,0.64,0.6896551724137931,0.8333333333333334,0.46153846153846156,0.6201736729460423,16,0.001,0,0.5,9,resize_cube128_hu_m300_1400
2,VALIDATION,0.7,0.7272727272727273,0.8888888888888888,0.5454545454545454,0.6963106238227913,16,0.001,0,0.5,9,resize_cube128_hu_m300_1400
2,TEST,0.52,0.5714285714285714,0.6666666666666666,0.38461538461538464,0.5063696835418333,16,0.001,0,0.5,9,resize_cube128_hu_m300_1400
3,VALIDATION,0.7,0.7272727272727273,0.8888888888888888,0.5454545454545454,0.6963106238227913,16,0.001,0,0.5,9,resize_cube128_hu_m300_1400
3,TEST,0.76,0.8,1.0,0.5384615384615384,0.7337993857053428,16,0.001,0,0.5,9,resize_cube128_hu_m300_1400
4,VALIDATION,0.65,0.46153846153846156,0.3333333333333333,0.9090909090909091,0.5504818825631803,16,0.001,0,0.5,9,resize_cube128_hu_m300_1400
4,TEST,0.56,0.15384615384615385,0.08333333333333333,1.0,0.28867513459481287,16,0.001,0,0.5,9,resize_cube128_hu_m300_1400
5,VALIDATION,0.7,0.7272727272727273,0.8,0.6,0.6928203230275509,16,0.001,0,0.5,9,resize_cube128_hu_m300_1400
5,TEST,0.6,0.6428571428571429,0.8181818181818182,0.42857142857142855,0.592156525463792,16,0.001,0,0.5,9,resize_cube128_hu_m300_1400
MEAN,VALIDATION,0.65,0.6377622377622378,0.7155555555555555,0.5927272727272728,0.6256578834307289,16,0.001,9
MEAN,TEST,0.6160000000000001,0.5715574081091322,0.6803030303030304,0.5626373626373626,0.5482348804503647,16,0.001,9
1,VALIDATION,0.55,0.5263157894736842,0.5555555555555556,0.5454545454545454,0.5504818825631803,16,0.001,1e-05,0,9,resize_cube128_hu_m300_1400
1,TEST,0.56,0.47619047619047616,0.4166666666666667,0.6923076923076923,0.5370861555295747,16,0.001,1e-05,0,9,resize_cube128_hu_m300_1400
2,VALIDATION,0.7,0.75,1.0,0.45454545454545453,0.674199862463242,16,0.001,1e-05,0,9,resize_cube128_hu_m300_1400
2,TEST,0.52,0.6,0.75,0.3076923076923077,0.4803844614152614,16,0.001,1e-05,0,9,resize_cube128_hu_m300_1400
3,VALIDATION,0.55,0.5263157894736842,0.5555555555555556,0.5454545454545454,0.5504818825631803,16,0.001,1e-05,0,9,resize_cube128_hu_m300_1400
3,TEST,0.72,0.6956521739130435,0.6666666666666666,0.7692307692307693,0.7161148740394329,16,0.001,1e-05,0,9,resize_cube128_hu_m300_1400
4,VALIDATION,0.65,0.6666666666666666,0.7777777777777778,0.5454545454545454,0.6513389472789296,16,0.001,1e-05,0,9,resize_cube128_hu_m300_1400
4,TEST,0.44,0.5333333333333333,0.6666666666666666,0.23076923076923078,0.3922322702763681,16,0.001,1e-05,0,9,resize_cube128_hu_m300_1400
5,VALIDATION,0.7,0.7272727272727273,0.8,0.6,0.6928203230275509,16,0.001,1e-05,0,9,resize_cube128_hu_m300_1400
5,TEST,0.68,0.6666666666666666,0.7272727272727273,0.6428571428571429,0.6837634587578277,16,0.001,1e-05,0,9,resize_cube128_hu_m300_1400
MEAN,VALIDATION,0.6300000000000001,0.6393141945773524,0.7377777777777779,0.5381818181818182,0.6238645795792166,16,0.001,9
MEAN,TEST,0.5840000000000001,0.5943685300207039,0.6454545454545455,0.5285714285714286,0.561916244003693,16,0.001,9
1,VALIDATION,0.55,0.5263157894736842,0.5555555555555556,0.5454545454545454,0.5504818825631803,16,0.001,1e-05,0.3,9,resize_cube128_hu_m300_1400
1,TEST,0.72,0.72,0.75,0.6923076923076923,0.7205766921228921,16,0.001,1e-05,0.3,9,resize_cube128_hu_m300_1400
2,VALIDATION,0.75,0.7619047619047619,0.8888888888888888,0.6363636363636364,0.7521014330903549,16,0.001,1e-05,0.3,9,resize_cube128_hu_m300_1400
2,TEST,0.52,0.45454545454545453,0.4166666666666667,0.6153846153846154,0.5063696835418333,16,0.001,1e-05,0.3,9,resize_cube128_hu_m300_1400
3,VALIDATION,0.75,0.7619047619047619,0.8888888888888888,0.6363636363636364,0.7521014330903549,16,0.001,1e-05,0.3,9,resize_cube128_hu_m300_1400
3,TEST,0.72,0.72,0.75,0.6923076923076923,0.7205766921228921,16,0.001,1e-05,0.3,9,resize_cube128_hu_m300_1400
4,VALIDATION,0.7,0.7,0.7777777777777778,0.6363636363636364,0.7035264706814485,16,0.001,1e-05,0.3,9,resize_cube128_hu_m300_1400
4,TEST,0.44,0.5882352941176471,0.8333333333333334,0.07692307692307693,0.25318484177091666,16,0.001,1e-05,0.3,9,resize_cube128_hu_m300_1400
5,VALIDATION,0.65,0.631578947368421,0.6,0.7,0.648074069840786,16,0.001,1e-05,0.3,9,resize_cube128_hu_m300_1400
5,TEST,0.68,0.6363636363636364,0.6363636363636364,0.7142857142857143,0.674199862463242,16,0.001,1e-05,0.3,9,resize_cube128_hu_m300_1400
MEAN,VALIDATION,0.6799999999999999,0.6763408521303258,0.7422222222222221,0.6309090909090909,0.6812570578532249,16,0.001,9
MEAN,TEST,0.616,0.6238288770053476,0.6772727272727272,0.5582417582417583,0.5749815544043553,16,0.001,9
1,VALIDATION,0.55,0.5714285714285714,0.6666666666666666,0.45454545454545453,0.5504818825631803,16,0.001,1e-05,0.5,9,resize_cube128_hu_m300_1400
1,TEST,0.64,0.64,0.6666666666666666,0.6153846153846154,0.6405126152203485,16,0.001,1e-05,0.5,9,resize_cube128_hu_m300_1400
2,VALIDATION,0.75,0.7619047619047619,0.8888888888888888,0.6363636363636364,0.7521014330903549,16,0.001,1e-05,0.5,9,resize_cube128_hu_m300_1400
2,TEST,0.6,0.6153846153846154,0.6666666666666666,0.5384615384615384,0.599144689515278,16,0.001,1e-05,0.5,9,resize_cube128_hu_m300_1400
3,VALIDATION,0.75,0.7058823529411765,0.6666666666666666,0.8181818181818182,0.7385489458759964,16,0.001,1e-05,0.5,9,resize_cube128_hu_m300_1400
3,TEST,0.52,0.5714285714285714,0.6666666666666666,0.38461538461538464,0.5063696835418333,16,0.001,1e-05,0.5,9,resize_cube128_hu_m300_1400
4,VALIDATION,0.65,0.5882352941176471,0.5555555555555556,0.7272727272727273,0.6356417261637283,16,0.001,1e-05,0.5,9,resize_cube128_hu_m300_1400
4,TEST,0.52,0.3333333333333333,0.25,0.7692307692307693,0.4385290096535146,16,0.001,1e-05,0.5,9,resize_cube128_hu_m300_1400
5,VALIDATION,0.65,0.6666666666666666,0.7,0.6,0.648074069840786,16,0.001,1e-05,0.5,9,resize_cube128_hu_m300_1400
5,TEST,0.68,0.6666666666666666,0.7272727272727273,0.6428571428571429,0.6837634587578277,16,0.001,1e-05,0.5,9,resize_cube128_hu_m300_1400
MEAN,VALIDATION,0.6699999999999999,0.6588235294117647,0.6955555555555556,0.6472727272727273,0.6649696115068091,16,0.001,9
MEAN,TEST,0.5920000000000001,0.5653626373626374,0.5954545454545455,0.59010989010989,0.5736638913377605,16,0.001,9
1,VALIDATION,0.55,0.47058823529411764,0.4444444444444444,0.6363636363636364,0.5318160234783105,32,0.001,0,0,9,resize_cube128_hu_m300_1400
1,TEST,0.6,0.4444444444444444,0.3333333333333333,0.8461538461538461,0.5310850045437944,32,0.001,0,0,9,resize_cube128_hu_m300_1400
2,VALIDATION,0.75,0.782608695652174,1.0,0.5454545454545454,0.7385489458759964,32,0.001,0,0,9,resize_cube128_hu_m300_1400
2,TEST,0.56,0.42105263157894735,0.3333333333333333,0.7692307692307693,0.5063696835418333,32,0.001,0,0,9,resize_cube128_hu_m300_1400
3,VALIDATION,0.6,0.42857142857142855,0.3333333333333333,0.8181818181818182,0.5222329678670935,32,0.001,0,0,9,resize_cube128_hu_m300_1400
3,TEST,0.68,0.6,0.5,0.8461538461538461,0.6504436355879909,32,0.001,0,0,9,resize_cube128_hu_m300_1400
4,VALIDATION,0.65,0.6666666666666666,0.7777777777777778,0.5454545454545454,0.6513389472789296,32,0.001,0,0,9,resize_cube128_hu_m300_1400
4,TEST,0.52,0.625,0.8333333333333334,0.23076923076923078,0.4385290096535146,32,0.001,0,0,9,resize_cube128_hu_m300_1400
5,VALIDATION,0.6,0.6,0.6,0.6,0.6,32,0.001,0,0,9,resize_cube128_hu_m300_1400
5,TEST,0.6,0.5,0.45454545454545453,0.7142857142857143,0.5698028822981898,32,0.001,0,0,9,resize_cube128_hu_m300_1400
MEAN,VALIDATION,0.63,0.5896870052368774,0.6311111111111111,0.6290909090909091,0.608787376900066,32,0.001,9
MEAN,TEST,0.5920000000000001,0.5180994152046783,0.4909090909090909,0.6813186813186813,0.5392460431250646,32,0.001,9
1,VALIDATION,0.55,0.4,0.3333333333333333,0.7272727272727273,0.49236596391733095,32,0.001,0,0.3,9,resize_cube128_hu_m300_1400
1,TEST,0.6,0.5,0.4166666666666667,0.7692307692307693,0.5661385170722979,32,0.001,0,0.3,9,resize_cube128_hu_m300_1400
2,VALIDATION,0.75,0.7368421052631579,0.7777777777777778,0.7272727272727273,0.7521014330903549,32,0.001,0,0.3,9,resize_cube128_hu_m300_1400
2,TEST,0.4,0.2857142857142857,0.25,0.5384615384615384,0.3668996928526714,32,0.001,0,0.3,9,resize_cube128_hu_m300_1400
3,VALIDATION,0.7,0.6666666666666666,0.6666666666666666,0.7272727272727273,0.6963106238227914,32,0.001,0,0.3,9,resize_cube128_hu_m300_1400
3,TEST,0.76,0.7692307692307693,0.8333333333333334,0.6923076923076923,0.75955452531275,32,0.001,0,0.3,9,resize_cube128_hu_m300_1400
4,VALIDATION,0.7,0.7,0.7777777777777778,0.6363636363636364,0.7035264706814485,32,0.001,0,0.3,9,resize_cube128_hu_m300_1400
4,TEST,0.48,0.5806451612903226,0.75,0.23076923076923078,0.41602514716892186,32,0.001,0,0.3,9,resize_cube128_hu_m300_1400
5,VALIDATION,0.7,0.7,0.7,0.7,0.7,32,0.001,0,0.3,9,resize_cube128_hu_m300_1400
5,TEST,0.64,0.6086956521739131,0.6363636363636364,0.6428571428571429,0.6396021490668313,32,0.001,0,0.3,9,resize_cube128_hu_m300_1400
MEAN,VALIDATION,0.68,0.6407017543859649,0.6511111111111111,0.7036363636363635,0.6688608983023852,32,0.001,9
MEAN,TEST,0.5760000000000001,0.5488571736818582,0.5772727272727273,0.5747252747252747,0.5496440062946946,32,0.001,9
1,VALIDATION,0.5,0.5454545454545454,0.6666666666666666,0.36363636363636365,0.49236596391733095,32,0.001,0,0.5,9,resize_cube128_hu_m300_1400
1,TEST,0.72,0.7407407407407407,0.8333333333333334,0.6153846153846154,0.716114874039433,32,0.001,0,0.5,9,resize_cube128_hu_m300_1400
2,VALIDATION,0.75,0.7368421052631579,0.7777777777777778,0.7272727272727273,0.7521014330903549,32,0.001,0,0.5,9,resize_cube128_hu_m300_1400
2,TEST,0.48,0.38095238095238093,0.3333333333333333,0.6153846153846154,0.4529108136578383,32,0.001,0,0.5,9,resize_cube128_hu_m300_1400
3,VALIDATION,0.7,0.7,0.7777777777777778,0.6363636363636364,0.7035264706814485,32,0.001,0,0.5,9,resize_cube128_hu_m300_1400
3,TEST,0.84,0.8461538461538461,0.9166666666666666,0.7692307692307693,0.8397191227596316,32,0.001,0,0.5,9,resize_cube128_hu_m300_1400
4,VALIDATION,0.7,0.7,0.7777777777777778,0.6363636363636364,0.7035264706814485,32,0.001,0,0.5,9,resize_cube128_hu_m300_1400
4,TEST,0.36,0.5,0.6666666666666666,0.07692307692307693,0.22645540682891915,32,0.001,0,0.5,9,resize_cube128_hu_m300_1400
5,VALIDATION,0.65,0.6666666666666666,0.7,0.6,0.648074069840786,32,0.001,0,0.5,9,resize_cube128_hu_m300_1400
5,TEST,0.6,0.5833333333333334,0.6363636363636364,0.5714285714285714,0.6030226891555273,32,0.001,0,0.5,9,resize_cube128_hu_m300_1400
MEAN,VALIDATION,0.6599999999999999,0.6697926634768739,0.74,0.5927272727272727,0.6599188816422737,32,0.001,9
MEAN,TEST,0.6,0.6102360602360603,0.6772727272727272,0.5296703296703298,0.5676445812882699,32,0.001,9
1,VALIDATION,0.55,0.47058823529411764,0.4444444444444444,0.6363636363636364,0.5318160234783105,32,0.001,1e-05,0,9,resize_cube128_hu_m300_1400
1,TEST,0.6,0.6153846153846154,0.6666666666666666,0.5384615384615384,0.599144689515278,32,0.001,1e-05,0,9,resize_cube128_hu_m300_1400
2,VALIDATION,0.7,0.7272727272727273,0.8888888888888888,0.5454545454545454,0.6963106238227913,32,0.001,1e-05,0,9,resize_cube128_hu_m300_1400
2,TEST,0.52,0.5,0.5,0.5384615384615384,0.5188745216627708,32,0.001,1e-05,0,9,resize_cube128_hu_m300_1400
3,VALIDATION,0.6,0.5,0.4444444444444444,0.7272727272727273,0.5685352436149611,32,0.001,1e-05,0,9,resize_cube128_hu_m300_1400
3,TEST,0.52,0.45454545454545453,0.4166666666666667,0.6153846153846154,0.5063696835418333,32,0.001,1e-05,0,9,resize_cube128_hu_m300_1400
4,VALIDATION,0.65,0.5882352941176471,0.5555555555555556,0.7272727272727273,0.6356417261637283,32,0.001,1e-05,0,9,resize_cube128_hu_m300_1400
4,TEST,0.52,0.5,0.5,0.5384615384615384,0.5188745216627708,32,0.001,1e-05,0,9,resize_cube128_hu_m300_1400
5,VALIDATION,0.65,0.6956521739130435,0.8,0.5,0.6324555320336759,32,0.001,1e-05,0,9,resize_cube128_hu_m300_1400
5,TEST,0.64,0.6666666666666666,0.8181818181818182,0.5,0.6396021490668313,32,0.001,1e-05,0,9,resize_cube128_hu_m300_1400
MEAN,VALIDATION,0.63,0.5963496861195071,0.6266666666666666,0.6272727272727272,0.6129518298226934,32,0.001,9
MEAN,TEST,0.56,0.5473193473193473,0.5803030303030303,0.5461538461538462,0.5565731130898969,32,0.001,9
1,VALIDATION,0.55,0.5263157894736842,0.5555555555555556,0.5454545454545454,0.5504818825631803,32,0.001,1e-05,0.3,9,resize_cube128_hu_m300_1400
1,TEST,0.68,0.6666666666666666,0.6666666666666666,0.6923076923076923,0.6793662204867574,32,0.001,1e-05,0.3,9,resize_cube128_hu_m300_1400
2,VALIDATION,0.75,0.7368421052631579,0.7777777777777778,0.7272727272727273,0.7521014330903549,32,0.001,1e-05,0.3,9,resize_cube128_hu_m300_1400
2,TEST,0.44,0.36363636363636365,0.3333333333333333,0.5384615384615384,0.4236592728681617,32,0.001,1e-05,0.3,9,resize_cube128_hu_m300_1400
3,VALIDATION,0.7,0.7,0.7777777777777778,0.6363636363636364,0.7035264706814485,32,0.001,1e-05,0.3,9,resize_cube128_hu_m300_1400
3,TEST,0.72,0.72,0.75,0.6923076923076923,0.7205766921228921,32,0.001,1e-05,0.3,9,resize_cube128_hu_m300_1400
4,VALIDATION,0.75,0.7368421052631579,0.7777777777777778,0.7272727272727273,0.7521014330903549,32,0.001,1e-05,0.3,9,resize_cube128_hu_m300_1400
4,TEST,0.48,0.5517241379310345,0.6666666666666666,0.3076923076923077,0.4529108136578383,32,0.001,1e-05,0.3,9,resize_cube128_hu_m300_1400
5,VALIDATION,0.65,0.6666666666666666,0.7,0.6,0.648074069840786,32,0.001,1e-05,0.3,9,resize_cube128_hu_m300_1400
5,TEST,0.64,0.6086956521739131,0.6363636363636364,0.6428571428571429,0.6396021490668313,32,0.001,1e-05,0.3,9,resize_cube128_hu_m300_1400
MEAN,VALIDATION,0.6799999999999999,0.6733333333333332,0.7177777777777777,0.6472727272727273,0.6812570578532249,32,0.001,9
MEAN,TEST,0.5920000000000001,0.5821445640815955,0.6106060606060606,0.5747252747252747,0.5832230296404961,32,0.001,9
1,VALIDATION,0.5,0.5454545454545454,0.6666666666666666,0.36363636363636365,0.49236596391733095,32,0.001,1e-05,0.5,9,resize_cube128_hu_m300_1400
1,TEST,0.64,0.6896551724137931,0.8333333333333334,0.46153846153846156,0.6201736729460423,32,0.001,1e-05,0.5,9,resize_cube128_hu_m300_1400
2,VALIDATION,0.75,0.7058823529411765,0.6666666666666666,0.8181818181818182,0.7385489458759964,32,0.001,1e-05,0.5,9,resize_cube128_hu_m300_1400
2,TEST,0.48,0.3157894736842105,0.25,0.6923076923076923,0.41602514716892186,32,0.001,1e-05,0.5,9,resize_cube128_hu_m300_1400
3,VALIDATION,0.7,0.7,0.7777777777777778,0.6363636363636364,0.7035264706814485,32,0.001,1e-05,0.5,9,resize_cube128_hu_m300_1400
3,TEST,0.84,0.8571428571428571,1.0,0.6923076923076923,0.8320502943378437,32,0.001,1e-05,0.5,9,resize_cube128_hu_m300_1400
4,VALIDATION,0.75,0.7368421052631579,0.7777777777777778,0.7272727272727273,0.7521014330903549,32,0.001,1e-05,0.5,9,resize_cube128_hu_m300_1400
4,TEST,0.48,0.5185185185185185,0.5833333333333334,0.38461538461538464,0.47366546671567095,32,0.001,1e-05,0.5,9,resize_cube128_hu_m300_1400
5,VALIDATION,0.65,0.6666666666666666,0.7,0.6,0.648074069840786,32,0.001,1e-05,0.5,9,resize_cube128_hu_m300_1400
5,TEST,0.64,0.6666666666666666,0.8181818181818182,0.5,0.6396021490668313,32,0.001,1e-05,0.5,9,resize_cube128_hu_m300_1400
MEAN,VALIDATION,0.67,0.6709691340651093,0.7177777777777777,0.6290909090909091,0.6669233766811833,32,0.001,9
MEAN,TEST,0.616,0.6095545376852092,0.696969696969697,0.5461538461538462,0.596303346047062,32,0.001,9
