fold,set,accuracy,f1,tpr,tnr,gmean,auc,batch_size,learning_rate,weight_decay,dropout_prob,seed,preprocessed_dir
1,VALIDATION,0.75,0.6666666666666666,0.5555555555555556,0.9090909090909091,0.7106690545187014,0.7373737373737373,4,0.001,0,0,8,resize_small_hu_m300_1400_separadas
1,TEST,0.52,0.4,0.3333333333333333,0.6923076923076923,0.48038446141526137,0.5512820512820513,4,0.001,0,0,8,resize_small_hu_m300_1400_separadas
2,VALIDATION,0.7,0.7272727272727273,0.8888888888888888,0.5454545454545454,0.6963106238227913,0.7373737373737373,4,0.001,0,0,8,resize_small_hu_m300_1400_separadas
2,TEST,0.64,0.6086956521739131,0.5833333333333334,0.6923076923076923,0.6354889093022426,0.717948717948718,4,0.001,0,0,8,resize_small_hu_m300_1400_separadas
3,VALIDATION,0.7,0.7,0.7777777777777778,0.6363636363636364,0.7035264706814485,0.6666666666666667,4,0.001,0,0,8,resize_small_hu_m300_1400_separadas
3,TEST,0.44,0.46153846153846156,0.5,0.38461538461538464,0.4385290096535146,0.42948717948717946,4,0.001,0,0,8,resize_small_hu_m300_1400_separadas
4,VALIDATION,0.7,0.625,0.5555555555555556,0.8181818181818182,0.6741998624632421,0.6666666666666666,4,0.001,0,0,8,resize_small_hu_m300_1400_separadas
4,TEST,0.6,0.5,0.4166666666666667,0.7692307692307693,0.5661385170722979,0.5448717948717949,4,0.001,0,0,8,resize_small_hu_m300_1400_separadas
5,VALIDATION,0.65,0.6666666666666666,0.7,0.6,0.648074069840786,0.6200000000000001,4,0.001,0,0,8,resize_small_hu_m300_1400_separadas
5,TEST,0.84,0.8,0.7272727272727273,0.9285714285714286,0.8217814036133182,0.9025974025974026,4,0.001,0,0,8,resize_small_hu_m300_1400_separadas
MEAN,VALIDATION,0.7,0.677121212121212,0.6955555555555556,0.7018181818181819,0.6865560162653939,0.6856161616161616,4,0.001,8
MEAN,TEST,0.608,0.554046822742475,0.5121212121212121,0.6934065934065934,0.5884644602113269,0.6292374292374292,4,0.001,8
1,VALIDATION,0.8,0.8,0.8888888888888888,0.7272727272727273,0.8040302522073697,0.7777777777777778,4,0.001,0,0.3,8,resize_small_hu_m300_1400_separadas
1,TEST,0.6,0.5454545454545454,0.5,0.6923076923076923,0.5883484054145521,0.5576923076923077,4,0.001,0,0.3,8,resize_small_hu_m300_1400_separadas
2,VALIDATION,0.7,0.625,0.5555555555555556,0.8181818181818182,0.6741998624632421,0.6262626262626263,4,0.001,0,0.3,8,resize_small_hu_m300_1400_separadas
2,TEST,0.56,0.26666666666666666,0.16666666666666666,0.9230769230769231,0.3922322702763681,0.5641025641025641,4,0.001,0,0.3,8,resize_small_hu_m300_1400_separadas
3,VALIDATION,0.75,0.7368421052631579,0.7777777777777778,0.7272727272727273,0.7521014330903549,0.6565656565656565,4,0.001,0,0.3,8,resize_small_hu_m300_1400_separadas
3,TEST,0.48,0.48,0.5,0.46153846153846156,0.4803844614152614,0.49358974358974356,4,0.001,0,0.3,8,resize_small_hu_m300_1400_separadas
4,VALIDATION,0.65,0.631578947368421,0.6666666666666666,0.6363636363636364,0.6513389472789296,0.6060606060606062,4,0.001,0,0.3,8,resize_small_hu_m300_1400_separadas
4,TEST,0.72,0.6666666666666666,0.5833333333333334,0.8461538461538461,0.7025594235292439,0.7307692307692308,4,0.001,0,0.3,8,resize_small_hu_m300_1400_separadas
5,VALIDATION,0.7,0.6666666666666666,0.6,0.8,0.6928203230275509,0.7000000000000001,4,0.001,0,0.3,8,resize_small_hu_m300_1400_separadas
5,TEST,0.88,0.8421052631578947,0.7272727272727273,1.0,0.8528028654224418,0.9415584415584415,4,0.001,0,0.3,8,resize_small_hu_m300_1400_separadas
MEAN,VALIDATION,0.72,0.692017543859649,0.6977777777777778,0.7418181818181818,0.7148981636134895,0.6733333333333335,4,0.001,8
MEAN,TEST,0.648,0.5601786283891547,0.4954545454545455,0.7846153846153847,0.6032654852115734,0.6575424575424575,4,0.001,8
1,VALIDATION,0.8,0.8,0.8888888888888888,0.7272727272727273,0.8040302522073697,0.7777777777777778,4,0.001,0,0.5,8,resize_small_hu_m300_1400_separadas
1,TEST,0.56,0.47619047619047616,0.4166666666666667,0.6923076923076923,0.5370861555295747,0.5769230769230769,4,0.001,0,0.5,8,resize_small_hu_m300_1400_separadas
2,VALIDATION,0.6,0.6363636363636364,0.7777777777777778,0.45454545454545453,0.5945883900105632,0.5353535353535354,4,0.001,0,0.5,8,resize_small_hu_m300_1400_separadas
2,TEST,0.52,0.5,0.5,0.5384615384615384,0.5188745216627708,0.5192307692307693,4,0.001,0,0.5,8,resize_small_hu_m300_1400_separadas
3,VALIDATION,0.75,0.7368421052631579,0.7777777777777778,0.7272727272727273,0.7521014330903549,0.6161616161616161,4,0.001,0,0.5,8,resize_small_hu_m300_1400_separadas
3,TEST,0.6,0.6666666666666666,0.8333333333333334,0.38461538461538464,0.5661385170722979,0.5064102564102564,4,0.001,0,0.5,8,resize_small_hu_m300_1400_separadas
4,VALIDATION,0.65,0.631578947368421,0.6666666666666666,0.6363636363636364,0.6513389472789296,0.5555555555555555,4,0.001,0,0.5,8,resize_small_hu_m300_1400_separadas
4,TEST,0.64,0.4,0.25,1.0,0.5,0.7756410256410258,4,0.001,0,0.5,8,resize_small_hu_m300_1400_separadas
5,VALIDATION,0.75,0.7619047619047619,0.8,0.7,0.7483314773547882,0.73,4,0.001,0,0.5,8,resize_small_hu_m300_1400_separadas
5,TEST,0.84,0.8333333333333334,0.9090909090909091,0.7857142857142857,0.8451542547285166,0.8896103896103895,4,0.001,0,0.5,8,resize_small_hu_m300_1400_separadas
MEAN,VALIDATION,0.71,0.7133378901799954,0.7822222222222222,0.649090909090909,0.7100780999884011,0.642969696969697,4,0.001,8
MEAN,TEST,0.632,0.5752380952380952,0.5818181818181818,0.6802197802197802,0.593450689798632,0.6535631035631037,4,0.001,8
1,VALIDATION,0.75,0.7619047619047619,0.8888888888888888,0.6363636363636364,0.7521014330903549,0.7878787878787878,4,0.001,1e-05,0,8,resize_small_hu_m300_1400_separadas
1,TEST,0.6,0.5454545454545454,0.5,0.6923076923076923,0.5883484054145521,0.5512820512820513,4,0.001,1e-05,0,8,resize_small_hu_m300_1400_separadas
2,VALIDATION,0.5,0.5,0.5555555555555556,0.45454545454545453,0.502518907629606,0.45454545454545453,4,0.001,1e-05,0,8,resize_small_hu_m300_1400_separadas
2,TEST,0.52,0.5,0.5,0.5384615384615384,0.5188745216627708,0.46794871794871795,4,0.001,1e-05,0,8,resize_small_hu_m300_1400_separadas
3,VALIDATION,0.7,0.7,0.7777777777777778,0.6363636363636364,0.7035264706814485,0.6565656565656566,4,0.001,1e-05,0,8,resize_small_hu_m300_1400_separadas
3,TEST,0.56,0.6206896551724138,0.75,0.38461538461538464,0.5370861555295747,0.5256410256410255,4,0.001,1e-05,0,8,resize_small_hu_m300_1400_separadas
4,VALIDATION,0.65,0.6666666666666666,0.7777777777777778,0.5454545454545454,0.6513389472789296,0.6262626262626263,4,0.001,1e-05,0,8,resize_small_hu_m300_1400_separadas
4,TEST,0.68,0.7142857142857143,0.8333333333333334,0.5384615384615384,0.6698641270570836,0.6794871794871795,4,0.001,1e-05,0,8,resize_small_hu_m300_1400_separadas
5,VALIDATION,0.75,0.782608695652174,0.9,0.6,0.7348469228349535,0.75,4,0.001,1e-05,0,8,resize_small_hu_m300_1400_separadas
5,TEST,0.72,0.7407407407407407,0.9090909090909091,0.5714285714285714,0.7207499701564472,0.6883116883116883,4,0.001,1e-05,0,8,resize_small_hu_m300_1400_separadas
MEAN,VALIDATION,0.67,0.6822360248447205,0.78,0.5745454545454545,0.6688665363030585,0.655050505050505,4,0.001,8
MEAN,TEST,0.616,0.6242341311306829,0.6984848484848485,0.5450549450549451,0.6069846359640858,0.5825341325341326,4,0.001,8
1,VALIDATION,0.8,0.8,0.8888888888888888,0.7272727272727273,0.8040302522073697,0.797979797979798,4,0.001,1e-05,0.3,8,resize_small_hu_m300_1400_separadas
1,TEST,0.56,0.5217391304347826,0.5,0.6153846153846154,0.5547001962252291,0.5897435897435896,4,0.001,1e-05,0.3,8,resize_small_hu_m300_1400_separadas
2,VALIDATION,0.5,0.5,0.5555555555555556,0.45454545454545453,0.502518907629606,0.5353535353535354,4,0.001,1e-05,0.3,8,resize_small_hu_m300_1400_separadas
2,TEST,0.4,0.21052631578947367,0.16666666666666666,0.6153846153846154,0.32025630761017426,0.5192307692307692,4,0.001,1e-05,0.3,8,resize_small_hu_m300_1400_separadas
3,VALIDATION,0.75,0.7368421052631579,0.7777777777777778,0.7272727272727273,0.7521014330903549,0.6161616161616161,4,0.001,1e-05,0.3,8,resize_small_hu_m300_1400_separadas
3,TEST,0.48,0.5185185185185185,0.5833333333333334,0.38461538461538464,0.47366546671567095,0.4743589743589744,4,0.001,1e-05,0.3,8,resize_small_hu_m300_1400_separadas
4,VALIDATION,0.7,0.7,0.7777777777777778,0.6363636363636364,0.7035264706814485,0.6060606060606061,4,0.001,1e-05,0.3,8,resize_small_hu_m300_1400_separadas
4,TEST,0.64,0.64,0.6666666666666666,0.6153846153846154,0.6405126152203485,0.7051282051282052,4,0.001,1e-05,0.3,8,resize_small_hu_m300_1400_separadas
5,VALIDATION,0.65,0.631578947368421,0.6,0.7,0.648074069840786,0.68,4,0.001,1e-05,0.3,8,resize_small_hu_m300_1400_separadas
5,TEST,0.84,0.8181818181818182,0.8181818181818182,0.8571428571428571,0.8374357893586238,0.9155844155844155,4,0.001,1e-05,0.3,8,resize_small_hu_m300_1400_separadas
MEAN,VALIDATION,0.6799999999999999,0.6736842105263158,0.72,0.649090909090909,0.682050226689913,0.6471111111111112,4,0.001,8
MEAN,TEST,0.584,0.5417931565849187,0.546969696969697,0.6175824175824176,0.5653140750260094,0.6408091908091909,4,0.001,8
1,VALIDATION,0.8,0.8,0.8888888888888888,0.7272727272727273,0.8040302522073697,0.7676767676767677,4,0.001,1e-05,0.5,8,resize_small_hu_m300_1400_separadas
1,TEST,0.52,0.45454545454545453,0.4166666666666667,0.6153846153846154,0.5063696835418333,0.6025641025641025,4,0.001,1e-05,0.5,8,resize_small_hu_m300_1400_separadas
2,VALIDATION,0.65,0.5882352941176471,0.5555555555555556,0.7272727272727273,0.6356417261637283,0.606060606060606,4,0.001,1e-05,0.5,8,resize_small_hu_m300_1400_separadas
2,TEST,0.48,0.23529411764705882,0.16666666666666666,0.7692307692307693,0.35805743701971643,0.5769230769230769,4,0.001,1e-05,0.5,8,resize_small_hu_m300_1400_separadas
3,VALIDATION,0.75,0.7368421052631579,0.7777777777777778,0.7272727272727273,0.7521014330903549,0.6262626262626263,4,0.001,1e-05,0.5,8,resize_small_hu_m300_1400_separadas
3,TEST,0.6,0.6666666666666666,0.8333333333333334,0.38461538461538464,0.5661385170722979,0.5,4,0.001,1e-05,0.5,8,resize_small_hu_m300_1400_separadas
4,VALIDATION,0.65,0.6666666666666666,0.7777777777777778,0.5454545454545454,0.6513389472789296,0.6666666666666666,4,0.001,1e-05,0.5,8,resize_small_hu_m300_1400_separadas
4,TEST,0.64,0.5714285714285714,0.5,0.7692307692307693,0.6201736729460423,0.6987179487179487,4,0.001,1e-05,0.5,8,resize_small_hu_m300_1400_separadas
5,VALIDATION,0.75,0.7619047619047619,0.8,0.7,0.7483314773547882,0.63,4,0.001,1e-05,0.5,8,resize_small_hu_m300_1400_separadas
5,TEST,0.76,0.75,0.8181818181818182,0.7142857142857143,0.7644707871564383,0.8701298701298701,4,0.001,1e-05,0.5,8,resize_small_hu_m300_1400_separadas
MEAN,VALIDATION,0.72,0.7107297655904466,0.76,0.6854545454545453,0.7182887672190341,0.6593333333333333,4,0.001,8
MEAN,TEST,0.6,0.5355869620575502,0.546969696969697,0.6505494505494506,0.5630420195472656,0.6496669996669995,4,0.001,8
1,VALIDATION,0.65,0.631578947368421,0.6666666666666666,0.6363636363636364,0.6513389472789296,0.5656565656565656,8,0.001,0,0,8,resize_small_hu_m300_1400_separadas
1,TEST,0.52,0.5714285714285714,0.6666666666666666,0.38461538461538464,0.5063696835418333,0.49358974358974356,8,0.001,0,0,8,resize_small_hu_m300_1400_separadas
2,VALIDATION,0.6,0.6,0.6666666666666666,0.5454545454545454,0.6030226891555273,0.5757575757575757,8,0.001,0,0,8,resize_small_hu_m300_1400_separadas
2,TEST,0.52,0.3333333333333333,0.25,0.7692307692307693,0.4385290096535146,0.5641025641025641,8,0.001,0,0,8,resize_small_hu_m300_1400_separadas
3,VALIDATION,0.75,0.7368421052631579,0.7777777777777778,0.7272727272727273,0.7521014330903549,0.6262626262626263,8,0.001,0,0,8,resize_small_hu_m300_1400_separadas
3,TEST,0.52,0.5714285714285714,0.6666666666666666,0.38461538461538464,0.5063696835418333,0.5128205128205128,8,0.001,0,0,8,resize_small_hu_m300_1400_separadas
4,VALIDATION,0.75,0.7368421052631579,0.7777777777777778,0.7272727272727273,0.7521014330903549,0.8080808080808081,8,0.001,0,0,8,resize_small_hu_m300_1400_separadas
4,TEST,0.72,0.7407407407407407,0.8333333333333334,0.6153846153846154,0.716114874039433,0.7307692307692307,8,0.001,0,0,8,resize_small_hu_m300_1400_separadas
5,VALIDATION,0.75,0.7368421052631579,0.7,0.8,0.7483314773547882,0.71,8,0.001,0,0,8,resize_small_hu_m300_1400_separadas
5,TEST,0.72,0.6666666666666666,0.6363636363636364,0.7857142857142857,0.7071067811865476,0.7662337662337663,8,0.001,0,0,8,resize_small_hu_m300_1400_separadas
MEAN,VALIDATION,0.7,0.6884210526315789,0.7177777777777777,0.6872727272727273,0.701379195993991,0.6571515151515152,8,0.001,8
MEAN,TEST,0.6,0.5767195767195766,0.6106060606060606,0.5879120879120879,0.5748980063926323,0.6135031635031635,8,0.001,8
1,VALIDATION,0.75,0.7619047619047619,0.8888888888888888,0.6363636363636364,0.7521014330903549,0.7676767676767676,8,0.001,0,0.3,8,resize_small_hu_m300_1400_separadas
1,TEST,0.6,0.5833333333333334,0.5833333333333334,0.6153846153846154,0.5991446895152781,0.5769230769230769,8,0.001,0,0.3,8,resize_small_hu_m300_1400_separadas
2,VALIDATION,0.55,0.6086956521739131,0.7777777777777778,0.36363636363636365,0.5318160234783105,0.5353535353535354,8,0.001,0,0.3,8,resize_small_hu_m300_1400_separadas
2,TEST,0.48,0.5185185185185185,0.5833333333333334,0.38461538461538464,0.47366546671567095,0.47435897435897434,8,0.001,0,0.3,8,resize_small_hu_m300_1400_separadas
3,VALIDATION,0.75,0.7368421052631579,0.7777777777777778,0.7272727272727273,0.7521014330903549,0.6161616161616161,8,0.001,0,0.3,8,resize_small_hu_m300_1400_separadas
3,TEST,0.52,0.6,0.75,0.3076923076923077,0.4803844614152614,0.4743589743589744,8,0.001,0,0.3,8,resize_small_hu_m300_1400_separadas
4,VALIDATION,0.75,0.7368421052631579,0.7777777777777778,0.7272727272727273,0.7521014330903549,0.696969696969697,8,0.001,0,0.3,8,resize_small_hu_m300_1400_separadas
4,TEST,0.6,0.6153846153846154,0.6666666666666666,0.5384615384615384,0.599144689515278,0.6282051282051282,8,0.001,0,0.3,8,resize_small_hu_m300_1400_separadas
5,VALIDATION,0.7,0.7,0.7,0.7,0.7,0.6900000000000001,8,0.001,0,0.3,8,resize_small_hu_m300_1400_separadas
5,TEST,0.8,0.8,0.9090909090909091,0.7142857142857143,0.8058229640253803,0.8701298701298701,8,0.001,0,0.3,8,resize_small_hu_m300_1400_separadas
MEAN,VALIDATION,0.7,0.7088569249209982,0.7844444444444443,0.6309090909090909,0.697624064549875,0.6612323232323232,8,0.001,8
MEAN,TEST,0.6,0.6234472934472934,0.6984848484848485,0.5120879120879122,0.5916324542373739,0.6047952047952048,8,0.001,8
1,VALIDATION,0.75,0.7368421052631579,0.7777777777777778,0.7272727272727273,0.7521014330903549,0.7676767676767677,8,0.001,0,0.5,8,resize_small_hu_m300_1400_separadas
1,TEST,0.52,0.45454545454545453,0.4166666666666667,0.6153846153846154,0.5063696835418333,0.608974358974359,8,0.001,0,0.5,8,resize_small_hu_m300_1400_separadas
2,VALIDATION,0.55,0.5714285714285714,0.6666666666666666,0.45454545454545453,0.5504818825631803,0.5757575757575757,8,0.001,0,0.5,8,resize_small_hu_m300_1400_separadas
2,TEST,0.4,0.21052631578947367,0.16666666666666666,0.6153846153846154,0.32025630761017426,0.5256410256410257,8,0.001,0,0.5,8,resize_small_hu_m300_1400_separadas
3,VALIDATION,0.75,0.7368421052631579,0.7777777777777778,0.7272727272727273,0.7521014330903549,0.6262626262626263,8,0.001,0,0.5,8,resize_small_hu_m300_1400_separadas
3,TEST,0.64,0.6896551724137931,0.8333333333333334,0.46153846153846156,0.6201736729460423,0.4807692307692308,8,0.001,0,0.5,8,resize_small_hu_m300_1400_separadas
4,VALIDATION,0.65,0.631578947368421,0.6666666666666666,0.6363636363636364,0.6513389472789296,0.6363636363636364,8,0.001,0,0.5,8,resize_small_hu_m300_1400_separadas
4,TEST,0.64,0.5263157894736842,0.4166666666666667,0.8461538461538461,0.5937710859953544,0.6730769230769231,8,0.001,0,0.5,8,resize_small_hu_m300_1400_separadas
5,VALIDATION,0.75,0.7619047619047619,0.8,0.7,0.7483314773547882,0.6400000000000001,8,0.001,0,0.5,8,resize_small_hu_m300_1400_separadas
5,TEST,0.84,0.8181818181818182,0.8181818181818182,0.8571428571428571,0.8374357893586238,0.8896103896103896,8,0.001,0,0.5,8,resize_small_hu_m300_1400_separadas
MEAN,VALIDATION,0.69,0.6877192982456141,0.7377777777777779,0.649090909090909,0.6908710346755216,0.6492121212121212,8,0.001,8
MEAN,TEST,0.608,0.5398449100808448,0.5303030303030304,0.6791208791208792,0.5756013078904056,0.6356143856143855,8,0.001,8
1,VALIDATION,0.7,0.625,0.5555555555555556,0.8181818181818182,0.6741998624632421,0.6565656565656566,8,0.001,1e-05,0,8,resize_small_hu_m300_1400_separadas
1,TEST,0.56,0.47619047619047616,0.4166666666666667,0.6923076923076923,0.5370861555295747,0.5256410256410257,8,0.001,1e-05,0,8,resize_small_hu_m300_1400_separadas
2,VALIDATION,0.7,0.625,0.5555555555555556,0.8181818181818182,0.6741998624632421,0.6868686868686869,8,0.001,1e-05,0,8,resize_small_hu_m300_1400_separadas
2,TEST,0.48,0.23529411764705882,0.16666666666666666,0.7692307692307693,0.35805743701971643,0.4935897435897436,8,0.001,1e-05,0,8,resize_small_hu_m300_1400_separadas
3,VALIDATION,0.85,0.8421052631578947,0.8888888888888888,0.8181818181818182,0.8528028654224418,0.8080808080808081,8,0.001,1e-05,0,8,resize_small_hu_m300_1400_separadas
3,TEST,0.44,0.3,0.25,0.6153846153846154,0.3922322702763681,0.4358974358974359,8,0.001,1e-05,0,8,resize_small_hu_m300_1400_separadas
4,VALIDATION,0.7,0.6666666666666666,0.6666666666666666,0.7272727272727273,0.6963106238227914,0.6767676767676768,8,0.001,1e-05,0,8,resize_small_hu_m300_1400_separadas
4,TEST,0.56,0.5925925925925926,0.6666666666666666,0.46153846153846156,0.5547001962252291,0.6987179487179487,8,0.001,1e-05,0,8,resize_small_hu_m300_1400_separadas
5,VALIDATION,0.75,0.7368421052631579,0.7,0.8,0.7483314773547882,0.7000000000000001,8,0.001,1e-05,0,8,resize_small_hu_m300_1400_separadas
5,TEST,0.8,0.8,0.9090909090909091,0.7142857142857143,0.8058229640253803,0.8571428571428571,8,0.001,1e-05,0,8,resize_small_hu_m300_1400_separadas
MEAN,VALIDATION,0.74,0.6991228070175438,0.6733333333333332,0.7963636363636363,0.7291689383053012,0.7056565656565656,8,0.001,8
MEAN,TEST,0.568,0.4808154372860255,0.4818181818181818,0.6505494505494507,0.5295798046152538,0.6021978021978022,8,0.001,8
1,VALIDATION,0.8,0.8,0.8888888888888888,0.7272727272727273,0.8040302522073697,0.7474747474747474,8,0.001,1e-05,0.3,8,resize_small_hu_m300_1400_separadas
1,TEST,0.52,0.5,0.5,0.5384615384615384,0.5188745216627708,0.6282051282051282,8,0.001,1e-05,0.3,8,resize_small_hu_m300_1400_separadas
2,VALIDATION,0.55,0.6086956521739131,0.7777777777777778,0.36363636363636365,0.5318160234783105,0.5454545454545454,8,0.001,1e-05,0.3,8,resize_small_hu_m300_1400_separadas
2,TEST,0.48,0.48,0.5,0.46153846153846156,0.4803844614152614,0.4679487179487179,8,0.001,1e-05,0.3,8,resize_small_hu_m300_1400_separadas
3,VALIDATION,0.75,0.7368421052631579,0.7777777777777778,0.7272727272727273,0.7521014330903549,0.6565656565656566,8,0.001,1e-05,0.3,8,resize_small_hu_m300_1400_separadas
3,TEST,0.52,0.6,0.75,0.3076923076923077,0.4803844614152614,0.49999999999999994,8,0.001,1e-05,0.3,8,resize_small_hu_m300_1400_separadas
4,VALIDATION,0.7,0.7,0.7777777777777778,0.6363636363636364,0.7035264706814485,0.6565656565656566,8,0.001,1e-05,0.3,8,resize_small_hu_m300_1400_separadas
4,TEST,0.64,0.6666666666666666,0.75,0.5384615384615384,0.6354889093022426,0.6794871794871795,8,0.001,1e-05,0.3,8,resize_small_hu_m300_1400_separadas
5,VALIDATION,0.65,0.6666666666666666,0.7,0.6,0.648074069840786,0.6,8,0.001,1e-05,0.3,8,resize_small_hu_m300_1400_separadas
5,TEST,0.76,0.75,0.8181818181818182,0.7142857142857143,0.7644707871564383,0.8441558441558442,8,0.001,1e-05,0.3,8,resize_small_hu_m300_1400_separadas
MEAN,VALIDATION,0.69,0.7024408848207474,0.7844444444444443,0.610909090909091,0.6879096498596539,0.6412121212121212,8,0.001,8
MEAN,TEST,0.584,0.5993333333333333,0.6636363636363637,0.5120879120879122,0.575920628190395,0.623959373959374,8,0.001,8
1,VALIDATION,0.7,0.7272727272727273,0.8888888888888888,0.5454545454545454,0.6963106238227913,0.797979797979798,8,0.001,1e-05,0.5,8,resize_small_hu_m300_1400_separadas
1,TEST,0.6,0.5833333333333334,0.5833333333333334,0.6153846153846154,0.5991446895152781,0.5705128205128205,8,0.001,1e-05,0.5,8,resize_small_hu_m300_1400_separadas
2,VALIDATION,0.55,0.6086956521739131,0.7777777777777778,0.36363636363636365,0.5318160234783105,0.5757575757575757,8,0.001,1e-05,0.5,8,resize_small_hu_m300_1400_separadas
2,TEST,0.44,0.36363636363636365,0.3333333333333333,0.5384615384615384,0.4236592728681617,0.5192307692307692,8,0.001,1e-05,0.5,8,resize_small_hu_m300_1400_separadas
3,VALIDATION,0.7,0.7,0.7777777777777778,0.6363636363636364,0.7035264706814485,0.6363636363636364,8,0.001,1e-05,0.5,8,resize_small_hu_m300_1400_separadas
3,TEST,0.52,0.625,0.8333333333333334,0.23076923076923078,0.4385290096535146,0.4807692307692307,8,0.001,1e-05,0.5,8,resize_small_hu_m300_1400_separadas
4,VALIDATION,0.55,0.6086956521739131,0.7777777777777778,0.36363636363636365,0.5318160234783105,0.5252525252525253,8,0.001,1e-05,0.5,8,resize_small_hu_m300_1400_separadas
4,TEST,0.6,0.6153846153846154,0.6666666666666666,0.5384615384615384,0.599144689515278,0.673076923076923,8,0.001,1e-05,0.5,8,resize_small_hu_m300_1400_separadas
5,VALIDATION,0.7,0.6666666666666666,0.6,0.8,0.6928203230275509,0.69,8,0.001,1e-05,0.5,8,resize_small_hu_m300_1400_separadas
5,TEST,0.8,0.7619047619047619,0.7272727272727273,0.8571428571428571,0.7895420339517227,0.8701298701298701,8,0.001,1e-05,0.5,8,resize_small_hu_m300_1400_separadas
MEAN,VALIDATION,0.64,0.662266139657444,0.7644444444444444,0.5418181818181818,0.6312578928976823,0.6450707070707071,8,0.001,8
MEAN,TEST,0.592,0.5898518148518148,0.6287878787878787,0.5560439560439561,0.570003939100791,0.6227439227439227,8,0.001,8
1,VALIDATION,0.75,0.7058823529411765,0.6666666666666666,0.8181818181818182,0.7385489458759964,0.7373737373737373,4,0.001,0,0,8,resize_small_hu_m600_1500_separadas
1,TEST,0.52,0.4,0.3333333333333333,0.6923076923076923,0.48038446141526137,0.5576923076923077,4,0.001,0,0,8,resize_small_hu_m600_1500_separadas
2,VALIDATION,0.55,0.5714285714285714,0.6666666666666666,0.45454545454545453,0.5504818825631803,0.5454545454545454,4,0.001,0,0,8,resize_small_hu_m600_1500_separadas
2,TEST,0.52,0.45454545454545453,0.4166666666666667,0.6153846153846154,0.5063696835418333,0.6282051282051282,4,0.001,0,0,8,resize_small_hu_m600_1500_separadas
3,VALIDATION,0.7,0.7,0.7777777777777778,0.6363636363636364,0.7035264706814485,0.5454545454545455,4,0.001,0,0,8,resize_small_hu_m600_1500_separadas
3,TEST,0.44,0.46153846153846156,0.5,0.38461538461538464,0.4385290096535146,0.41025641025641024,4,0.001,0,0,8,resize_small_hu_m600_1500_separadas
4,VALIDATION,0.75,0.7058823529411765,0.6666666666666666,0.8181818181818182,0.7385489458759964,0.6868686868686869,4,0.001,0,0,8,resize_small_hu_m600_1500_separadas
4,TEST,0.72,0.5882352941176471,0.4166666666666667,1.0,0.6454972243679028,0.6858974358974359,4,0.001,0,0,8,resize_small_hu_m600_1500_separadas
5,VALIDATION,0.7,0.625,0.5,0.9,0.6708203932499369,0.6799999999999999,4,0.001,0,0,8,resize_small_hu_m600_1500_separadas
5,TEST,0.72,0.5333333333333333,0.36363636363636365,1.0,0.6030226891555273,0.7662337662337662,4,0.001,0,0,8,resize_small_hu_m600_1500_separadas
MEAN,VALIDATION,0.6900000000000001,0.6616386554621848,0.6555555555555556,0.7254545454545455,0.6803853276493117,0.6390303030303031,4,0.001,8
MEAN,TEST,0.584,0.48753050870697934,0.40606060606060607,0.7384615384615385,0.5347606136268078,0.6096570096570095,4,0.001,8
1,VALIDATION,0.7,0.75,1.0,0.45454545454545453,0.674199862463242,0.7373737373737375,4,0.001,0,0.3,8,resize_small_hu_m600_1500_separadas
1,TEST,0.68,0.7333333333333333,0.9166666666666666,0.46153846153846156,0.6504436355879909,0.6346153846153846,4,0.001,0,0.3,8,resize_small_hu_m600_1500_separadas
2,VALIDATION,0.55,0.6086956521739131,0.7777777777777778,0.36363636363636365,0.5318160234783105,0.4545454545454546,4,0.001,0,0.3,8,resize_small_hu_m600_1500_separadas
2,TEST,0.44,0.46153846153846156,0.5,0.38461538461538464,0.4385290096535146,0.47435897435897434,4,0.001,0,0.3,8,resize_small_hu_m600_1500_separadas
3,VALIDATION,0.7,0.7,0.7777777777777778,0.6363636363636364,0.7035264706814485,0.6262626262626263,4,0.001,0,0.3,8,resize_small_hu_m600_1500_separadas
3,TEST,0.56,0.6451612903225806,0.8333333333333334,0.3076923076923077,0.5063696835418333,0.5448717948717949,4,0.001,0,0.3,8,resize_small_hu_m600_1500_separadas
4,VALIDATION,0.6,0.6363636363636364,0.7777777777777778,0.45454545454545453,0.5945883900105632,0.5454545454545454,4,0.001,0,0.3,8,resize_small_hu_m600_1500_separadas
4,TEST,0.68,0.6,0.5,0.8461538461538461,0.6504436355879909,0.7243589743589742,4,0.001,0,0.3,8,resize_small_hu_m600_1500_separadas
5,VALIDATION,0.6,0.5,0.4,0.8,0.5656854249492381,0.5700000000000001,4,0.001,0,0.3,8,resize_small_hu_m600_1500_separadas
5,TEST,0.76,0.7272727272727273,0.7272727272727273,0.7857142857142857,0.7559289460184544,0.8116883116883118,4,0.001,0,0.3,8,resize_small_hu_m600_1500_separadas
MEAN,VALIDATION,0.63,0.6390118577075099,0.7466666666666666,0.5418181818181818,0.6139632343165605,0.5867272727272728,4,0.001,8
MEAN,TEST,0.624,0.6334611624934207,0.6954545454545455,0.5571428571428572,0.6003429820779568,0.637978687978688,4,0.001,8
1,VALIDATION,0.7,0.75,1.0,0.45454545454545453,0.674199862463242,0.6767676767676768,4,0.001,0,0.5,8,resize_small_hu_m600_1500_separadas
1,TEST,0.56,0.6666666666666666,0.9166666666666666,0.23076923076923078,0.45993310550389993,0.6089743589743589,4,0.001,0,0.5,8,resize_small_hu_m600_1500_separadas
2,VALIDATION,0.6,0.6666666666666666,0.8888888888888888,0.36363636363636365,0.5685352436149611,0.46464646464646464,4,0.001,0,0.5,8,resize_small_hu_m600_1500_separadas
2,TEST,0.48,0.5185185185185185,0.5833333333333334,0.38461538461538464,0.47366546671567095,0.4551282051282052,4,0.001,0,0.5,8,resize_small_hu_m600_1500_separadas
3,VALIDATION,0.7,0.75,1.0,0.45454545454545453,0.674199862463242,0.6767676767676767,4,0.001,0,0.5,8,resize_small_hu_m600_1500_separadas
3,TEST,0.52,0.6470588235294118,0.9166666666666666,0.15384615384615385,0.3755338080994054,0.6282051282051282,4,0.001,0,0.5,8,resize_small_hu_m600_1500_separadas
4,VALIDATION,0.55,0.6086956521739131,0.7777777777777778,0.36363636363636365,0.5318160234783105,0.5656565656565656,4,0.001,0,0.5,8,resize_small_hu_m600_1500_separadas
4,TEST,0.6,0.4444444444444444,0.3333333333333333,0.8461538461538461,0.5310850045437944,0.7307692307692307,4,0.001,0,0.5,8,resize_small_hu_m600_1500_separadas
5,VALIDATION,0.5,0.5,0.5,0.5,0.5,0.53,4,0.001,0,0.5,8,resize_small_hu_m600_1500_separadas
5,TEST,0.64,0.6086956521739131,0.6363636363636364,0.6428571428571429,0.6396021490668313,0.7077922077922079,4,0.001,0,0.5,8,resize_small_hu_m600_1500_separadas
MEAN,VALIDATION,0.61,0.6550724637681159,0.8333333333333333,0.42727272727272725,0.5897501984039512,0.5827676767676767,4,0.001,8
MEAN,TEST,0.56,0.5770768210665909,0.6772727272727272,0.45164835164835165,0.4959639067859204,0.6261738261738261,4,0.001,8
1,VALIDATION,0.65,0.631578947368421,0.6666666666666666,0.6363636363636364,0.6513389472789296,0.5555555555555556,4,0.001,1e-05,0,8,resize_small_hu_m600_1500_separadas
1,TEST,0.52,0.45454545454545453,0.4166666666666667,0.6153846153846154,0.5063696835418333,0.5576923076923077,4,0.001,1e-05,0,8,resize_small_hu_m600_1500_separadas
2,VALIDATION,0.6,0.6363636363636364,0.7777777777777778,0.45454545454545453,0.5945883900105632,0.5656565656565656,4,0.001,1e-05,0,8,resize_small_hu_m600_1500_separadas
2,TEST,0.56,0.56,0.5833333333333334,0.5384615384615384,0.560448538317805,0.5833333333333333,4,0.001,1e-05,0,8,resize_small_hu_m600_1500_separadas
3,VALIDATION,0.7,0.6666666666666666,0.6666666666666666,0.7272727272727273,0.6963106238227914,0.606060606060606,4,0.001,1e-05,0,8,resize_small_hu_m600_1500_separadas
3,TEST,0.76,0.7692307692307693,0.8333333333333334,0.6923076923076923,0.75955452531275,0.7115384615384615,4,0.001,1e-05,0,8,resize_small_hu_m600_1500_separadas
4,VALIDATION,0.65,0.6666666666666666,0.7777777777777778,0.5454545454545454,0.6513389472789296,0.6262626262626263,4,0.001,1e-05,0,8,resize_small_hu_m600_1500_separadas
4,TEST,0.68,0.6666666666666666,0.6666666666666666,0.6923076923076923,0.6793662204867574,0.7243589743589745,4,0.001,1e-05,0,8,resize_small_hu_m600_1500_separadas
5,VALIDATION,0.6,0.6666666666666666,0.8,0.4,0.5656854249492381,0.5700000000000001,4,0.001,1e-05,0,8,resize_small_hu_m600_1500_separadas
5,TEST,0.48,0.5517241379310345,0.7272727272727273,0.2857142857142857,0.4558423058385518,0.4675324675324675,4,0.001,1e-05,0,8,resize_small_hu_m600_1500_separadas
MEAN,VALIDATION,0.64,0.6535885167464114,0.7377777777777779,0.5527272727272726,0.6318524666680905,0.5847070707070706,4,0.001,8
MEAN,TEST,0.6,0.6004334056747849,0.6454545454545455,0.5648351648351648,0.5923162546995395,0.6088911088911089,4,0.001,8
1,VALIDATION,0.7,0.6666666666666666,0.6666666666666666,0.7272727272727273,0.6963106238227914,0.7070707070707071,4,0.001,1e-05,0.3,8,resize_small_hu_m600_1500_separadas
1,TEST,0.48,0.38095238095238093,0.3333333333333333,0.6153846153846154,0.4529108136578383,0.5961538461538461,4,0.001,1e-05,0.3,8,resize_small_hu_m600_1500_separadas
2,VALIDATION,0.55,0.6086956521739131,0.7777777777777778,0.36363636363636365,0.5318160234783105,0.4646464646464646,4,0.001,1e-05,0.3,8,resize_small_hu_m600_1500_separadas
2,TEST,0.4,0.4827586206896552,0.5833333333333334,0.23076923076923078,0.36689969285267143,0.44871794871794873,4,0.001,1e-05,0.3,8,resize_small_hu_m600_1500_separadas
3,VALIDATION,0.7,0.7,0.7777777777777778,0.6363636363636364,0.7035264706814485,0.6161616161616161,4,0.001,1e-05,0.3,8,resize_small_hu_m600_1500_separadas
3,TEST,0.56,0.6451612903225806,0.8333333333333334,0.3076923076923077,0.5063696835418333,0.5,4,0.001,1e-05,0.3,8,resize_small_hu_m600_1500_separadas
4,VALIDATION,0.55,0.6086956521739131,0.7777777777777778,0.36363636363636365,0.5318160234783105,0.5151515151515151,4,0.001,1e-05,0.3,8,resize_small_hu_m600_1500_separadas
4,TEST,0.52,0.625,0.8333333333333334,0.23076923076923078,0.4385290096535146,0.6474358974358975,4,0.001,1e-05,0.3,8,resize_small_hu_m600_1500_separadas
5,VALIDATION,0.6,0.6666666666666666,0.8,0.4,0.5656854249492381,0.4900000000000001,4,0.001,1e-05,0.3,8,resize_small_hu_m600_1500_separadas
5,TEST,0.6,0.6666666666666666,0.9090909090909091,0.35714285714285715,0.5698028822981898,0.7207792207792209,4,0.001,1e-05,0.3,8,resize_small_hu_m600_1500_separadas
MEAN,VALIDATION,0.62,0.6501449275362318,0.76,0.49818181818181817,0.6058309132820198,0.5586060606060606,4,0.001,8
MEAN,TEST,0.512,0.5601077917262567,0.6984848484848485,0.3483516483516484,0.46690241640080943,0.5826173826173827,4,0.001,8
1,VALIDATION,0.7,0.75,1.0,0.45454545454545453,0.674199862463242,0.6666666666666666,4,0.001,1e-05,0.5,8,resize_small_hu_m600_1500_separadas
1,TEST,0.56,0.6666666666666666,0.9166666666666666,0.23076923076923078,0.45993310550389993,0.6025641025641025,4,0.001,1e-05,0.5,8,resize_small_hu_m600_1500_separadas
2,VALIDATION,0.55,0.6086956521739131,0.7777777777777778,0.36363636363636365,0.5318160234783105,0.4444444444444444,4,0.001,1e-05,0.5,8,resize_small_hu_m600_1500_separadas
2,TEST,0.44,0.5,0.5833333333333334,0.3076923076923077,0.42365927286816174,0.4423076923076923,4,0.001,1e-05,0.5,8,resize_small_hu_m600_1500_separadas
3,VALIDATION,0.65,0.631578947368421,0.6666666666666666,0.6363636363636364,0.6513389472789296,0.6363636363636362,4,0.001,1e-05,0.5,8,resize_small_hu_m600_1500_separadas
3,TEST,0.64,0.7096774193548387,0.9166666666666666,0.38461538461538464,0.5937710859953544,0.596153846153846,4,0.001,1e-05,0.5,8,resize_small_hu_m600_1500_separadas
4,VALIDATION,0.5,0.5,0.5555555555555556,0.45454545454545453,0.502518907629606,0.5050505050505051,4,0.001,1e-05,0.5,8,resize_small_hu_m600_1500_separadas
4,TEST,0.56,0.35294117647058826,0.25,0.8461538461538461,0.45993310550389993,0.6602564102564102,4,0.001,1e-05,0.5,8,resize_small_hu_m600_1500_separadas
5,VALIDATION,0.5,0.5,0.5,0.5,0.5,0.5700000000000001,4,0.001,1e-05,0.5,8,resize_small_hu_m600_1500_separadas
5,TEST,0.8,0.782608695652174,0.8181818181818182,0.7857142857142857,0.8017837257372732,0.7662337662337663,4,0.001,1e-05,0.5,8,resize_small_hu_m600_1500_separadas
MEAN,VALIDATION,0.58,0.5980549199084668,0.7,0.4818181818181818,0.5719747481700176,0.5645050505050506,4,0.001,8
MEAN,TEST,0.6,0.6023787916288534,0.696969696969697,0.510989010989011,0.5478160591217178,0.6135031635031635,4,0.001,8
1,VALIDATION,0.6,0.6,0.6666666666666666,0.5454545454545454,0.6030226891555273,0.5959595959595959,8,0.001,0,0,8,resize_small_hu_m600_1500_separadas
1,TEST,0.48,0.43478260869565216,0.4166666666666667,0.5384615384615384,0.47366546671567095,0.5064102564102564,8,0.001,0,0,8,resize_small_hu_m600_1500_separadas
2,VALIDATION,0.65,0.5882352941176471,0.5555555555555556,0.7272727272727273,0.6356417261637283,0.606060606060606,8,0.001,0,0,8,resize_small_hu_m600_1500_separadas
2,TEST,0.6,0.5,0.4166666666666667,0.7692307692307693,0.5661385170722979,0.608974358974359,8,0.001,0,0,8,resize_small_hu_m600_1500_separadas
3,VALIDATION,0.85,0.8421052631578947,0.8888888888888888,0.8181818181818182,0.8528028654224418,0.8484848484848484,8,0.001,0,0,8,resize_small_hu_m600_1500_separadas
3,TEST,0.52,0.625,0.8333333333333334,0.23076923076923078,0.4385290096535146,0.5064102564102564,8,0.001,0,0,8,resize_small_hu_m600_1500_separadas
4,VALIDATION,0.6,0.6363636363636364,0.7777777777777778,0.45454545454545453,0.5945883900105632,0.5656565656565656,8,0.001,0,0,8,resize_small_hu_m600_1500_separadas
4,TEST,0.52,0.625,0.8333333333333334,0.23076923076923078,0.4385290096535146,0.6538461538461539,8,0.001,0,0,8,resize_small_hu_m600_1500_separadas
5,VALIDATION,0.7,0.7692307692307693,1.0,0.4,0.6324555320336759,0.69,8,0.001,0,0,8,resize_small_hu_m600_1500_separadas
5,TEST,0.68,0.6923076923076923,0.8181818181818182,0.5714285714285714,0.6837634587578277,0.7142857142857143,8,0.001,0,0,8,resize_small_hu_m600_1500_separadas
MEAN,VALIDATION,0.68,0.6871869925739895,0.7777777777777778,0.5890909090909091,0.6637022405571873,0.6612323232323232,8,0.001,8
MEAN,TEST,0.56,0.575418060200669,0.6636363636363637,0.46813186813186813,0.5201250923705651,0.597985347985348,8,0.001,8
1,VALIDATION,0.7,0.7272727272727273,0.8888888888888888,0.5454545454545454,0.6963106238227913,0.7777777777777778,8,0.001,0,0.3,8,resize_small_hu_m600_1500_separadas
1,TEST,0.52,0.5384615384615384,0.5833333333333334,0.46153846153846156,0.5188745216627708,0.5384615384615384,8,0.001,0,0.3,8,resize_small_hu_m600_1500_separadas
2,VALIDATION,0.5,0.5454545454545454,0.6666666666666666,0.36363636363636365,0.49236596391733095,0.47474747474747475,8,0.001,0,0.3,8,resize_small_hu_m600_1500_separadas
2,TEST,0.48,0.5185185185185185,0.5833333333333334,0.38461538461538464,0.47366546671567095,0.4487179487179487,8,0.001,0,0.3,8,resize_small_hu_m600_1500_separadas
3,VALIDATION,0.75,0.7368421052631579,0.7777777777777778,0.7272727272727273,0.7521014330903549,0.6060606060606061,8,0.001,0,0.3,8,resize_small_hu_m600_1500_separadas
3,TEST,0.6,0.6666666666666666,0.8333333333333334,0.38461538461538464,0.5661385170722979,0.47435897435897434,8,0.001,0,0.3,8,resize_small_hu_m600_1500_separadas
4,VALIDATION,0.6,0.5,0.4444444444444444,0.7272727272727273,0.5685352436149611,0.5757575757575758,8,0.001,0,0.3,8,resize_small_hu_m600_1500_separadas
4,TEST,0.52,0.25,0.16666666666666666,0.8461538461538461,0.3755338080994054,0.6538461538461539,8,0.001,0,0.3,8,resize_small_hu_m600_1500_separadas
5,VALIDATION,0.6,0.6363636363636364,0.7,0.5,0.5916079783099616,0.56,8,0.001,0,0.3,8,resize_small_hu_m600_1500_separadas
5,TEST,0.76,0.75,0.8181818181818182,0.7142857142857143,0.7644707871564383,0.7922077922077922,8,0.001,0,0.3,8,resize_small_hu_m600_1500_separadas
MEAN,VALIDATION,0.63,0.6291866028708133,0.6955555555555556,0.5727272727272726,0.62018424855108,0.5988686868686869,8,0.001,8
MEAN,TEST,0.576,0.5447293447293446,0.5969696969696969,0.5582417582417583,0.5397366201413167,0.5815184815184815,8,0.001,8
1,VALIDATION,0.7,0.75,1.0,0.45454545454545453,0.674199862463242,0.6767676767676768,8,0.001,0,0.5,8,resize_small_hu_m600_1500_separadas
1,TEST,0.56,0.6666666666666666,0.9166666666666666,0.23076923076923078,0.45993310550389993,0.6089743589743589,8,0.001,0,0.5,8,resize_small_hu_m600_1500_separadas
2,VALIDATION,0.5,0.5454545454545454,0.6666666666666666,0.36363636363636365,0.49236596391733095,0.4646464646464646,8,0.001,0,0.5,8,resize_small_hu_m600_1500_separadas
2,TEST,0.48,0.5185185185185185,0.5833333333333334,0.38461538461538464,0.47366546671567095,0.4551282051282052,8,0.001,0,0.5,8,resize_small_hu_m600_1500_separadas
3,VALIDATION,0.7,0.7272727272727273,0.8888888888888888,0.5454545454545454,0.6963106238227913,0.6464646464646464,8,0.001,0,0.5,8,resize_small_hu_m600_1500_separadas
3,TEST,0.52,0.625,0.8333333333333334,0.23076923076923078,0.4385290096535146,0.5512820512820513,8,0.001,0,0.5,8,resize_small_hu_m600_1500_separadas
4,VALIDATION,0.55,0.64,0.8888888888888888,0.2727272727272727,0.4923659639173309,0.48484848484848486,8,0.001,0,0.5,8,resize_small_hu_m600_1500_separadas
4,TEST,0.52,0.6470588235294118,0.9166666666666666,0.15384615384615385,0.3755338080994054,0.6602564102564101,8,0.001,0,0.5,8,resize_small_hu_m600_1500_separadas
5,VALIDATION,0.55,0.64,0.8,0.3,0.4898979485566356,0.5700000000000001,8,0.001,0,0.5,8,resize_small_hu_m600_1500_separadas
5,TEST,0.68,0.6923076923076923,0.8181818181818182,0.5714285714285714,0.6837634587578277,0.7727272727272727,8,0.001,0,0.5,8,resize_small_hu_m600_1500_separadas
MEAN,VALIDATION,0.6,0.6605454545454545,0.8488888888888889,0.38727272727272727,0.5690280725354662,0.5685454545454546,8,0.001,8
MEAN,TEST,0.552,0.6299103402044578,0.8136363636363637,0.3142857142857143,0.4862849697460637,0.6096736596736596,8,0.001,8
1,VALIDATION,0.75,0.7058823529411765,0.6666666666666666,0.8181818181818182,0.7385489458759964,0.7777777777777777,8,0.001,1e-05,0,8,resize_small_hu_m600_1500_separadas
1,TEST,0.64,0.47058823529411764,0.3333333333333333,0.9230769230769231,0.5547001962252291,0.6474358974358975,8,0.001,1e-05,0,8,resize_small_hu_m600_1500_separadas
2,VALIDATION,0.65,0.46153846153846156,0.3333333333333333,0.9090909090909091,0.5504818825631803,0.606060606060606,8,0.001,1e-05,0,8,resize_small_hu_m600_1500_separadas
2,TEST,0.6,0.4444444444444444,0.3333333333333333,0.8461538461538461,0.5310850045437944,0.47435897435897434,8,0.001,1e-05,0,8,resize_small_hu_m600_1500_separadas
3,VALIDATION,0.75,0.6666666666666666,0.5555555555555556,0.9090909090909091,0.7106690545187014,0.6969696969696969,8,0.001,1e-05,0,8,resize_small_hu_m600_1500_separadas
3,TEST,0.44,0.125,0.08333333333333333,0.7692307692307693,0.25318484177091666,0.45512820512820507,8,0.001,1e-05,0,8,resize_small_hu_m600_1500_separadas
4,VALIDATION,0.5,0.5,0.5555555555555556,0.45454545454545453,0.502518907629606,0.5555555555555556,8,0.001,1e-05,0,8,resize_small_hu_m600_1500_separadas
4,TEST,0.64,0.6666666666666666,0.75,0.5384615384615384,0.6354889093022426,0.5833333333333334,8,0.001,1e-05,0,8,resize_small_hu_m600_1500_separadas
5,VALIDATION,0.6,0.6363636363636364,0.7,0.5,0.5916079783099616,0.75,8,0.001,1e-05,0,8,resize_small_hu_m600_1500_separadas
5,TEST,0.68,0.7142857142857143,0.9090909090909091,0.5,0.674199862463242,0.6038961038961039,8,0.001,1e-05,0,8,resize_small_hu_m600_1500_separadas
MEAN,VALIDATION,0.65,0.5940902235019883,0.5622222222222222,0.7181818181818181,0.6187653537794892,0.6772727272727271,8,0.001,8
MEAN,TEST,0.6,0.48419701213818855,0.4818181818181818,0.7153846153846153,0.5297317628610849,0.5528305028305028,8,0.001,8
1,VALIDATION,0.7,0.7,0.7777777777777778,0.6363636363636364,0.7035264706814485,0.6363636363636364,8,0.001,1e-05,0.3,8,resize_small_hu_m600_1500_separadas
1,TEST,0.6,0.5833333333333334,0.5833333333333334,0.6153846153846154,0.5991446895152781,0.5961538461538461,8,0.001,1e-05,0.3,8,resize_small_hu_m600_1500_separadas
2,VALIDATION,0.6,0.5,0.4444444444444444,0.7272727272727273,0.5685352436149611,0.5858585858585859,8,0.001,1e-05,0.3,8,resize_small_hu_m600_1500_separadas
2,TEST,0.52,0.25,0.16666666666666666,0.8461538461538461,0.3755338080994054,0.5897435897435896,8,0.001,1e-05,0.3,8,resize_small_hu_m600_1500_separadas
3,VALIDATION,0.6,0.6363636363636364,0.7777777777777778,0.45454545454545453,0.5945883900105632,0.6161616161616161,8,0.001,1e-05,0.3,8,resize_small_hu_m600_1500_separadas
3,TEST,0.6,0.6666666666666666,0.8333333333333334,0.38461538461538464,0.5661385170722979,0.5256410256410257,8,0.001,1e-05,0.3,8,resize_small_hu_m600_1500_separadas
4,VALIDATION,0.55,0.6086956521739131,0.7777777777777778,0.36363636363636365,0.5318160234783105,0.5454545454545454,8,0.001,1e-05,0.3,8,resize_small_hu_m600_1500_separadas
4,TEST,0.48,0.38095238095238093,0.3333333333333333,0.6153846153846154,0.4529108136578383,0.5576923076923076,8,0.001,1e-05,0.3,8,resize_small_hu_m600_1500_separadas
5,VALIDATION,0.6,0.6666666666666666,0.8,0.4,0.5656854249492381,0.4600000000000001,8,0.001,1e-05,0.3,8,resize_small_hu_m600_1500_separadas
5,TEST,0.56,0.6451612903225806,0.9090909090909091,0.2857142857142857,0.5096471914376255,0.7012987012987013,8,0.001,1e-05,0.3,8,resize_small_hu_m600_1500_separadas
MEAN,VALIDATION,0.6100000000000001,0.6223451910408432,0.7155555555555555,0.5163636363636364,0.5928303105469043,0.5687676767676768,8,0.001,8
MEAN,TEST,0.552,0.5052227342549923,0.5651515151515152,0.5494505494505495,0.500675003956489,0.594105894105894,8,0.001,8
1,VALIDATION,0.65,0.6666666666666666,0.7777777777777778,0.5454545454545454,0.6513389472789296,0.6262626262626263,8,0.001,1e-05,0.5,8,resize_small_hu_m600_1500_separadas
1,TEST,0.64,0.6666666666666666,0.75,0.5384615384615384,0.6354889093022426,0.6217948717948718,8,0.001,1e-05,0.5,8,resize_small_hu_m600_1500_separadas
2,VALIDATION,0.55,0.6086956521739131,0.7777777777777778,0.36363636363636365,0.5318160234783105,0.45454545454545453,8,0.001,1e-05,0.5,8,resize_small_hu_m600_1500_separadas
2,TEST,0.48,0.5185185185185185,0.5833333333333334,0.38461538461538464,0.47366546671567095,0.47435897435897434,8,0.001,1e-05,0.5,8,resize_small_hu_m600_1500_separadas
3,VALIDATION,0.65,0.6956521739130435,0.8888888888888888,0.45454545454545453,0.6356417261637282,0.6363636363636362,8,0.001,1e-05,0.5,8,resize_small_hu_m600_1500_separadas
3,TEST,0.52,0.625,0.8333333333333334,0.23076923076923078,0.4385290096535146,0.532051282051282,8,0.001,1e-05,0.5,8,resize_small_hu_m600_1500_separadas
4,VALIDATION,0.55,0.64,0.8888888888888888,0.2727272727272727,0.4923659639173309,0.4949494949494949,8,0.001,1e-05,0.5,8,resize_small_hu_m600_1500_separadas
4,TEST,0.52,0.6470588235294118,0.9166666666666666,0.15384615384615385,0.3755338080994054,0.6346153846153846,8,0.001,1e-05,0.5,8,resize_small_hu_m600_1500_separadas
5,VALIDATION,0.6,0.6666666666666666,0.8,0.4,0.5656854249492381,0.52,8,0.001,1e-05,0.5,8,resize_small_hu_m600_1500_separadas
5,TEST,0.72,0.72,0.8181818181818182,0.6428571428571429,0.7252406676228423,0.7337662337662337,8,0.001,1e-05,0.5,8,resize_small_hu_m600_1500_separadas
MEAN,VALIDATION,0.6000000000000001,0.655536231884058,0.8266666666666668,0.40727272727272723,0.5753696171575075,0.5464242424242424,8,0.001,8
MEAN,TEST,0.576,0.6354488017429194,0.7803030303030304,0.39010989010989017,0.5296915722787351,0.5993173493173493,8,0.001,8
1,VALIDATION,0.5,0.5,0.5555555555555556,0.45454545454545453,0.502518907629606,0.5656565656565657,4,0.001,0,0,8,resize_cube64_hu_m600_1500
1,TEST,0.44,0.36363636363636365,0.3333333333333333,0.5384615384615384,0.4236592728681617,0.5192307692307692,4,0.001,0,0,8,resize_cube64_hu_m600_1500
2,VALIDATION,0.65,0.5333333333333333,0.4444444444444444,0.8181818181818182,0.6030226891555273,0.5757575757575757,4,0.001,0,0,8,resize_cube64_hu_m600_1500
2,TEST,0.52,0.3333333333333333,0.25,0.7692307692307693,0.4385290096535146,0.6153846153846154,4,0.001,0,0,8,resize_cube64_hu_m600_1500
3,VALIDATION,0.9,0.875,0.7777777777777778,1.0,0.8819171036881969,0.8484848484848485,4,0.001,0,0,8,resize_cube64_hu_m600_1500
3,TEST,0.4,0.4,0.4166666666666667,0.38461538461538464,0.40032038451271784,0.46794871794871795,4,0.001,0,0,8,resize_cube64_hu_m600_1500
4,VALIDATION,0.6,0.6666666666666666,0.8888888888888888,0.36363636363636365,0.5685352436149611,0.6464646464646465,4,0.001,0,0,8,resize_cube64_hu_m600_1500
4,TEST,0.6,0.6428571428571429,0.75,0.46153846153846156,0.5883484054145521,0.5769230769230769,4,0.001,0,0,8,resize_cube64_hu_m600_1500
5,VALIDATION,0.65,0.631578947368421,0.6,0.7,0.648074069840786,0.69,4,0.001,0,0,8,resize_cube64_hu_m600_1500
5,TEST,0.32,0.32,0.36363636363636365,0.2857142857142857,0.3223291856101521,0.38961038961038963,4,0.001,0,0,8,resize_cube64_hu_m600_1500
MEAN,VALIDATION,0.6599999999999999,0.6413157894736841,0.6533333333333333,0.6672727272727272,0.6408136027858153,0.6652727272727273,4,0.001,8
MEAN,TEST,0.45599999999999996,0.411965367965368,0.42272727272727273,0.48791208791208784,0.43463725161181965,0.5138195138195139,4,0.001,8
1,VALIDATION,0.65,0.6666666666666666,0.7777777777777778,0.5454545454545454,0.6513389472789296,0.5555555555555556,4,0.001,0,0.3,8,resize_cube64_hu_m600_1500
1,TEST,0.56,0.5925925925925926,0.6666666666666666,0.46153846153846156,0.5547001962252291,0.5384615384615384,4,0.001,0,0.3,8,resize_cube64_hu_m600_1500
2,VALIDATION,0.55,0.6086956521739131,0.7777777777777778,0.36363636363636365,0.5318160234783105,0.45454545454545453,4,0.001,0,0.3,8,resize_cube64_hu_m600_1500
2,TEST,0.48,0.5185185185185185,0.5833333333333334,0.38461538461538464,0.47366546671567095,0.46153846153846156,4,0.001,0,0.3,8,resize_cube64_hu_m600_1500
3,VALIDATION,0.65,0.6666666666666666,0.7777777777777778,0.5454545454545454,0.6513389472789296,0.595959595959596,4,0.001,0,0.3,8,resize_cube64_hu_m600_1500
3,TEST,0.56,0.6451612903225806,0.8333333333333334,0.3076923076923077,0.5063696835418333,0.3846153846153846,4,0.001,0,0.3,8,resize_cube64_hu_m600_1500
4,VALIDATION,0.65,0.6666666666666666,0.7777777777777778,0.5454545454545454,0.6513389472789296,0.5757575757575757,4,0.001,0,0.3,8,resize_cube64_hu_m600_1500
4,TEST,0.48,0.5185185185185185,0.5833333333333334,0.38461538461538464,0.47366546671567095,0.5448717948717948,4,0.001,0,0.3,8,resize_cube64_hu_m600_1500
5,VALIDATION,0.65,0.631578947368421,0.6,0.7,0.648074069840786,0.74,4,0.001,0,0.3,8,resize_cube64_hu_m600_1500
5,TEST,0.6,0.4444444444444444,0.36363636363636365,0.7857142857142857,0.5345224838248488,0.6168831168831168,4,0.001,0,0.3,8,resize_cube64_hu_m600_1500
MEAN,VALIDATION,0.63,0.6480549199084666,0.7422222222222222,0.54,0.6267813870311769,0.5843636363636364,4,0.001,8
MEAN,TEST,0.536,0.5438470728793309,0.6060606060606062,0.46483516483516485,0.5085846594046506,0.5092740592740592,4,0.001,8
1,VALIDATION,0.65,0.6956521739130435,0.8888888888888888,0.45454545454545453,0.6356417261637282,0.5757575757575757,4,0.001,0,0.5,8,resize_cube64_hu_m600_1500
1,TEST,0.56,0.6666666666666666,0.9166666666666666,0.23076923076923078,0.45993310550389993,0.5769230769230769,4,0.001,0,0.5,8,resize_cube64_hu_m600_1500
2,VALIDATION,0.55,0.5714285714285714,0.6666666666666666,0.45454545454545453,0.5504818825631803,0.6363636363636364,4,0.001,0,0.5,8,resize_cube64_hu_m600_1500
2,TEST,0.56,0.5925925925925926,0.6666666666666666,0.46153846153846156,0.5547001962252291,0.46794871794871795,4,0.001,0,0.5,8,resize_cube64_hu_m600_1500
3,VALIDATION,0.65,0.5882352941176471,0.5555555555555556,0.7272727272727273,0.6356417261637283,0.6363636363636364,4,0.001,0,0.5,8,resize_cube64_hu_m600_1500
3,TEST,0.56,0.6206896551724138,0.75,0.38461538461538464,0.5370861555295747,0.6538461538461537,4,0.001,0,0.5,8,resize_cube64_hu_m600_1500
4,VALIDATION,0.5,0.5833333333333334,0.7777777777777778,0.2727272727272727,0.4605661864718383,0.4242424242424242,4,0.001,0,0.5,8,resize_cube64_hu_m600_1500
4,TEST,0.52,0.625,0.8333333333333334,0.23076923076923078,0.4385290096535146,0.5769230769230769,4,0.001,0,0.5,8,resize_cube64_hu_m600_1500
5,VALIDATION,0.5,0.6153846153846154,0.8,0.2,0.4,0.45999999999999996,4,0.001,0,0.5,8,resize_cube64_hu_m600_1500
5,TEST,0.64,0.7096774193548387,1.0,0.35714285714285715,0.5976143046671968,0.7402597402597403,4,0.001,0,0.5,8,resize_cube64_hu_m600_1500
MEAN,VALIDATION,0.5700000000000001,0.6108067976354421,0.7377777777777776,0.42181818181818176,0.536466304272495,0.5465454545454544,4,0.001,8
MEAN,TEST,0.5680000000000001,0.6429252667573022,0.8333333333333333,0.332967032967033,0.5175725543158831,0.6031801531801532,4,0.001,8
1,VALIDATION,0.65,0.5882352941176471,0.5555555555555556,0.7272727272727273,0.6356417261637283,0.7373737373737373,4,0.001,1e-05,0,8,resize_cube64_hu_m600_1500
1,TEST,0.44,0.36363636363636365,0.3333333333333333,0.5384615384615384,0.4236592728681617,0.5064102564102564,4,0.001,1e-05,0,8,resize_cube64_hu_m600_1500
2,VALIDATION,0.7,0.75,1.0,0.45454545454545453,0.674199862463242,0.6666666666666667,4,0.001,1e-05,0,8,resize_cube64_hu_m600_1500
2,TEST,0.48,0.5806451612903226,0.75,0.23076923076923078,0.41602514716892186,0.5448717948717949,4,0.001,1e-05,0,8,resize_cube64_hu_m600_1500
3,VALIDATION,0.8,0.75,0.6666666666666666,0.9090909090909091,0.7784989441615229,0.7575757575757576,4,0.001,1e-05,0,8,resize_cube64_hu_m600_1500
3,TEST,0.4,0.4444444444444444,0.5,0.3076923076923077,0.3922322702763681,0.42948717948717946,4,0.001,1e-05,0,8,resize_cube64_hu_m600_1500
4,VALIDATION,0.6,0.6363636363636364,0.7777777777777778,0.45454545454545453,0.5945883900105632,0.5454545454545454,4,0.001,1e-05,0,8,resize_cube64_hu_m600_1500
4,TEST,0.6,0.6666666666666666,0.8333333333333334,0.38461538461538464,0.5661385170722979,0.6666666666666666,4,0.001,1e-05,0,8,resize_cube64_hu_m600_1500
5,VALIDATION,0.65,0.6666666666666666,0.7,0.6,0.648074069840786,0.71,4,0.001,1e-05,0,8,resize_cube64_hu_m600_1500
5,TEST,0.64,0.47058823529411764,0.36363636363636365,0.8571428571428571,0.5582905262390825,0.6428571428571429,4,0.001,1e-05,0,8,resize_cube64_hu_m600_1500
MEAN,VALIDATION,0.68,0.67825311942959,0.74,0.6290909090909091,0.6662005985279684,0.6834141414141415,4,0.001,8
MEAN,TEST,0.512,0.5051961742663831,0.556060606060606,0.4637362637362637,0.47126914672496645,0.5580586080586081,4,0.001,8
1,VALIDATION,0.65,0.6666666666666666,0.7777777777777778,0.5454545454545454,0.6513389472789296,0.5454545454545454,4,0.001,1e-05,0.3,8,resize_cube64_hu_m600_1500
1,TEST,0.56,0.5925925925925926,0.6666666666666666,0.46153846153846156,0.5547001962252291,0.5512820512820513,4,0.001,1e-05,0.3,8,resize_cube64_hu_m600_1500
2,VALIDATION,0.6,0.6666666666666666,0.8888888888888888,0.36363636363636365,0.5685352436149611,0.7272727272727272,4,0.001,1e-05,0.3,8,resize_cube64_hu_m600_1500
2,TEST,0.44,0.5333333333333333,0.6666666666666666,0.23076923076923078,0.3922322702763681,0.49358974358974356,4,0.001,1e-05,0.3,8,resize_cube64_hu_m600_1500
3,VALIDATION,0.7,0.7,0.7777777777777778,0.6363636363636364,0.7035264706814485,0.6464646464646464,4,0.001,1e-05,0.3,8,resize_cube64_hu_m600_1500
3,TEST,0.56,0.6451612903225806,0.8333333333333334,0.3076923076923077,0.5063696835418333,0.5320512820512822,4,0.001,1e-05,0.3,8,resize_cube64_hu_m600_1500
4,VALIDATION,0.6,0.6666666666666666,0.8888888888888888,0.36363636363636365,0.5685352436149611,0.5353535353535352,4,0.001,1e-05,0.3,8,resize_cube64_hu_m600_1500
4,TEST,0.6,0.6153846153846154,0.6666666666666666,0.5384615384615384,0.599144689515278,0.717948717948718,4,0.001,1e-05,0.3,8,resize_cube64_hu_m600_1500
5,VALIDATION,0.65,0.7407407407407407,1.0,0.3,0.5477225575051661,0.62,4,0.001,1e-05,0.3,8,resize_cube64_hu_m600_1500
5,TEST,0.44,0.6111111111111112,1.0,0.0,0.0,0.6428571428571428,4,0.001,1e-05,0.3,8,resize_cube64_hu_m600_1500
MEAN,VALIDATION,0.6399999999999999,0.6881481481481482,0.8666666666666666,0.4418181818181818,0.6079316925390932,0.6149090909090908,4,0.001,8
MEAN,TEST,0.52,0.5995165885488466,0.7666666666666666,0.30769230769230765,0.41048936791174173,0.5875457875457876,4,0.001,8
1,VALIDATION,0.6,0.6363636363636364,0.7777777777777778,0.45454545454545453,0.5945883900105632,0.5555555555555556,4,0.001,1e-05,0.5,8,resize_cube64_hu_m600_1500
1,TEST,0.52,0.6,0.75,0.3076923076923077,0.4803844614152614,0.6153846153846154,4,0.001,1e-05,0.5,8,resize_cube64_hu_m600_1500
2,VALIDATION,0.6,0.5555555555555556,0.5555555555555556,0.6363636363636364,0.5945883900105632,0.5656565656565657,4,0.001,1e-05,0.5,8,resize_cube64_hu_m600_1500
2,TEST,0.4,0.2857142857142857,0.25,0.5384615384615384,0.3668996928526714,0.48717948717948717,4,0.001,1e-05,0.5,8,resize_cube64_hu_m600_1500
3,VALIDATION,0.7,0.7,0.7777777777777778,0.6363636363636364,0.7035264706814485,0.7373737373737372,4,0.001,1e-05,0.5,8,resize_cube64_hu_m600_1500
3,TEST,0.52,0.625,0.8333333333333334,0.23076923076923078,0.4385290096535146,0.641025641025641,4,0.001,1e-05,0.5,8,resize_cube64_hu_m600_1500
4,VALIDATION,0.55,0.4,0.3333333333333333,0.7272727272727273,0.49236596391733095,0.46464646464646464,4,0.001,1e-05,0.5,8,resize_cube64_hu_m600_1500
4,TEST,0.64,0.5263157894736842,0.4166666666666667,0.8461538461538461,0.5937710859953544,0.6474358974358975,4,0.001,1e-05,0.5,8,resize_cube64_hu_m600_1500
5,VALIDATION,0.7,0.625,0.5,0.9,0.6708203932499369,0.6900000000000001,4,0.001,1e-05,0.5,8,resize_cube64_hu_m600_1500
5,TEST,0.44,0.3,0.2727272727272727,0.5714285714285714,0.39477101697586137,0.44805194805194803,4,0.001,1e-05,0.5,8,resize_cube64_hu_m600_1500
MEAN,VALIDATION,0.6300000000000001,0.5833838383838384,0.5888888888888889,0.6709090909090908,0.6111779215739686,0.6026464646464647,4,0.001,8
MEAN,TEST,0.504,0.46740601503759394,0.5045454545454545,0.4989010989010989,0.4548710533785327,0.5678155178155178,4,0.001,8
1,VALIDATION,0.65,0.5882352941176471,0.5555555555555556,0.7272727272727273,0.6356417261637283,0.5656565656565656,8,0.001,0,0,8,resize_cube64_hu_m600_1500
1,TEST,0.48,0.38095238095238093,0.3333333333333333,0.6153846153846154,0.4529108136578383,0.5064102564102564,8,0.001,0,0,8,resize_cube64_hu_m600_1500
2,VALIDATION,0.75,0.7368421052631579,0.7777777777777778,0.7272727272727273,0.7521014330903549,0.6767676767676767,8,0.001,0,0,8,resize_cube64_hu_m600_1500
2,TEST,0.44,0.36363636363636365,0.3333333333333333,0.5384615384615384,0.4236592728681617,0.5064102564102564,8,0.001,0,0,8,resize_cube64_hu_m600_1500
3,VALIDATION,0.75,0.7619047619047619,0.8888888888888888,0.6363636363636364,0.7521014330903549,0.7777777777777778,8,0.001,0,0,8,resize_cube64_hu_m600_1500
3,TEST,0.48,0.48,0.5,0.46153846153846156,0.4803844614152614,0.5128205128205128,8,0.001,0,0,8,resize_cube64_hu_m600_1500
4,VALIDATION,0.7,0.625,0.5555555555555556,0.8181818181818182,0.6741998624632421,0.6363636363636364,8,0.001,0,0,8,resize_cube64_hu_m600_1500
4,TEST,0.68,0.6923076923076923,0.75,0.6153846153846154,0.6793662204867574,0.75,8,0.001,0,0,8,resize_cube64_hu_m600_1500
5,VALIDATION,0.7,0.7,0.7,0.7,0.7,0.72,8,0.001,0,0,8,resize_cube64_hu_m600_1500
5,TEST,0.64,0.5263157894736842,0.45454545454545453,0.7857142857142857,0.5976143046671968,0.6558441558441559,8,0.001,0,0,8,resize_cube64_hu_m600_1500
MEAN,VALIDATION,0.71,0.6823964322571134,0.6955555555555556,0.7218181818181819,0.7028088909615361,0.6753131313131313,8,0.001,8
MEAN,TEST,0.544,0.48864244527402423,0.47424242424242424,0.6032967032967033,0.5267870146190432,0.5862970362970363,8,0.001,8
1,VALIDATION,0.7,0.75,1.0,0.45454545454545453,0.674199862463242,0.5858585858585859,8,0.001,0,0.3,8,resize_cube64_hu_m600_1500
1,TEST,0.48,0.6486486486486487,1.0,0.0,0.0,0.6089743589743589,8,0.001,0,0.3,8,resize_cube64_hu_m600_1500
2,VALIDATION,0.6,0.6666666666666666,0.8888888888888888,0.36363636363636365,0.5685352436149611,0.5151515151515151,8,0.001,0,0.3,8,resize_cube64_hu_m600_1500
2,TEST,0.44,0.5,0.5833333333333334,0.3076923076923077,0.42365927286816174,0.43589743589743585,8,0.001,0,0.3,8,resize_cube64_hu_m600_1500
3,VALIDATION,0.75,0.6666666666666666,0.5555555555555556,0.9090909090909091,0.7106690545187014,0.7979797979797979,8,0.001,0,0.3,8,resize_cube64_hu_m600_1500
3,TEST,0.44,0.3,0.25,0.6153846153846154,0.3922322702763681,0.41025641025641024,8,0.001,0,0.3,8,resize_cube64_hu_m600_1500
4,VALIDATION,0.55,0.6086956521739131,0.7777777777777778,0.36363636363636365,0.5318160234783105,0.5252525252525253,8,0.001,0,0.3,8,resize_cube64_hu_m600_1500
4,TEST,0.48,0.38095238095238093,0.3333333333333333,0.6153846153846154,0.4529108136578383,0.5320512820512819,8,0.001,0,0.3,8,resize_cube64_hu_m600_1500
5,VALIDATION,0.6,0.5555555555555556,0.5,0.7,0.5916079783099616,0.7100000000000001,8,0.001,0,0.3,8,resize_cube64_hu_m600_1500
5,TEST,0.56,0.26666666666666666,0.18181818181818182,0.8571428571428571,0.39477101697586137,0.551948051948052,8,0.001,0,0.3,8,resize_cube64_hu_m600_1500
MEAN,VALIDATION,0.6399999999999999,0.6495169082125603,0.7444444444444445,0.5581818181818182,0.6153656324770354,0.6268484848484848,8,0.001,8
MEAN,TEST,0.48,0.4192535392535393,0.4696969696969697,0.4791208791208791,0.33271467475564587,0.5078255078255077,8,0.001,8
1,VALIDATION,0.6,0.6666666666666666,0.8888888888888888,0.36363636363636365,0.5685352436149611,0.606060606060606,8,0.001,0,0.5,8,resize_cube64_hu_m600_1500
1,TEST,0.44,0.5882352941176471,0.8333333333333334,0.07692307692307693,0.25318484177091666,0.5512820512820513,8,0.001,0,0.5,8,resize_cube64_hu_m600_1500
2,VALIDATION,0.55,0.6086956521739131,0.7777777777777778,0.36363636363636365,0.5318160234783105,0.42424242424242425,8,0.001,0,0.5,8,resize_cube64_hu_m600_1500
2,TEST,0.52,0.5714285714285714,0.6666666666666666,0.38461538461538464,0.5063696835418333,0.4487179487179487,8,0.001,0,0.5,8,resize_cube64_hu_m600_1500
3,VALIDATION,0.65,0.5882352941176471,0.5555555555555556,0.7272727272727273,0.6356417261637283,0.6262626262626263,8,0.001,0,0.5,8,resize_cube64_hu_m600_1500
3,TEST,0.52,0.6,0.75,0.3076923076923077,0.4803844614152614,0.6666666666666666,8,0.001,0,0.5,8,resize_cube64_hu_m600_1500
4,VALIDATION,0.5,0.5,0.5555555555555556,0.45454545454545453,0.502518907629606,0.4242424242424242,8,0.001,0,0.5,8,resize_cube64_hu_m600_1500
4,TEST,0.56,0.35294117647058826,0.25,0.8461538461538461,0.45993310550389993,0.5961538461538461,8,0.001,0,0.5,8,resize_cube64_hu_m600_1500
5,VALIDATION,0.7,0.75,0.9,0.5,0.6708203932499369,0.6100000000000001,8,0.001,0,0.5,8,resize_cube64_hu_m600_1500
5,TEST,0.64,0.6666666666666666,0.8181818181818182,0.5,0.6396021490668313,0.7987012987012987,8,0.001,0,0.5,8,resize_cube64_hu_m600_1500
MEAN,VALIDATION,0.6,0.6227195225916453,0.7355555555555555,0.4818181818181818,0.5818664588273086,0.5381616161616162,8,0.001,8
MEAN,TEST,0.536,0.5558543417366947,0.6636363636363637,0.4230769230769231,0.4678948482597486,0.6123043623043622,8,0.001,8
1,VALIDATION,0.6,0.6,0.6666666666666666,0.5454545454545454,0.6030226891555273,0.5858585858585859,8,0.001,1e-05,0,8,resize_cube64_hu_m600_1500
1,TEST,0.6,0.5833333333333334,0.5833333333333334,0.6153846153846154,0.5991446895152781,0.5961538461538461,8,0.001,1e-05,0,8,resize_cube64_hu_m600_1500
2,VALIDATION,0.6,0.5555555555555556,0.5555555555555556,0.6363636363636364,0.5945883900105632,0.5252525252525253,8,0.001,1e-05,0,8,resize_cube64_hu_m600_1500
2,TEST,0.6,0.5,0.4166666666666667,0.7692307692307693,0.5661385170722979,0.5705128205128205,8,0.001,1e-05,0,8,resize_cube64_hu_m600_1500
3,VALIDATION,0.75,0.7058823529411765,0.6666666666666666,0.8181818181818182,0.7385489458759964,0.7676767676767677,8,0.001,1e-05,0,8,resize_cube64_hu_m600_1500
3,TEST,0.56,0.5217391304347826,0.5,0.6153846153846154,0.5547001962252291,0.5128205128205128,8,0.001,1e-05,0,8,resize_cube64_hu_m600_1500
4,VALIDATION,0.55,0.5714285714285714,0.6666666666666666,0.45454545454545453,0.5504818825631803,0.5555555555555556,8,0.001,1e-05,0,8,resize_cube64_hu_m600_1500
4,TEST,0.64,0.6896551724137931,0.8333333333333334,0.46153846153846156,0.6201736729460423,0.7307692307692308,8,0.001,1e-05,0,8,resize_cube64_hu_m600_1500
5,VALIDATION,0.75,0.782608695652174,0.9,0.6,0.7348469228349535,0.8000000000000002,8,0.001,1e-05,0,8,resize_cube64_hu_m600_1500
5,TEST,0.68,0.6363636363636364,0.6363636363636364,0.7142857142857143,0.674199862463242,0.7012987012987013,8,0.001,1e-05,0,8,resize_cube64_hu_m600_1500
MEAN,VALIDATION,0.65,0.6430950351154955,0.691111111111111,0.610909090909091,0.6442977660880441,0.6468686868686869,8,0.001,8
MEAN,TEST,0.616,0.5862182545091091,0.593939393939394,0.6351648351648352,0.6028713876444179,0.6223110223110223,8,0.001,8
1,VALIDATION,0.5,0.375,0.3333333333333333,0.6363636363636364,0.4605661864718383,0.5656565656565656,8,0.001,1e-05,0.3,8,resize_cube64_hu_m600_1500
1,TEST,0.48,0.13333333333333333,0.08333333333333333,0.8461538461538461,0.2655425022718972,0.5128205128205128,8,0.001,1e-05,0.3,8,resize_cube64_hu_m600_1500
2,VALIDATION,0.6,0.6666666666666666,0.8888888888888888,0.36363636363636365,0.5685352436149611,0.7474747474747474,8,0.001,1e-05,0.3,8,resize_cube64_hu_m600_1500
2,TEST,0.4,0.5161290322580645,0.6666666666666666,0.15384615384615385,0.32025630761017426,0.5192307692307693,8,0.001,1e-05,0.3,8,resize_cube64_hu_m600_1500
3,VALIDATION,0.65,0.6666666666666666,0.7777777777777778,0.5454545454545454,0.6513389472789296,0.6262626262626262,8,0.001,1e-05,0.3,8,resize_cube64_hu_m600_1500
3,TEST,0.56,0.6666666666666666,0.9166666666666666,0.23076923076923078,0.45993310550389993,0.673076923076923,8,0.001,1e-05,0.3,8,resize_cube64_hu_m600_1500
4,VALIDATION,0.7,0.625,0.5555555555555556,0.8181818181818182,0.6741998624632421,0.5656565656565657,8,0.001,1e-05,0.3,8,resize_cube64_hu_m600_1500
4,TEST,0.68,0.5555555555555556,0.4166666666666667,0.9230769230769231,0.6201736729460423,0.6474358974358974,8,0.001,1e-05,0.3,8,resize_cube64_hu_m600_1500
5,VALIDATION,0.7,0.6666666666666666,0.6,0.8,0.6928203230275509,0.73,8,0.001,1e-05,0.3,8,resize_cube64_hu_m600_1500
5,TEST,0.56,0.47619047619047616,0.45454545454545453,0.6428571428571429,0.5405624776173353,0.525974025974026,8,0.001,1e-05,0.3,8,resize_cube64_hu_m600_1500
MEAN,VALIDATION,0.6300000000000001,0.5999999999999999,0.6311111111111111,0.6327272727272728,0.6094921125713043,0.647010101010101,8,0.001,8
MEAN,TEST,0.536,0.4695750128008192,0.5075757575757576,0.5593406593406594,0.4412936131898698,0.5757076257076257,8,0.001,8
1,VALIDATION,0.65,0.6956521739130435,0.8888888888888888,0.45454545454545453,0.6356417261637282,0.5555555555555556,8,0.001,1e-05,0.5,8,resize_cube64_hu_m600_1500
1,TEST,0.52,0.6470588235294118,0.9166666666666666,0.15384615384615385,0.3755338080994054,0.5961538461538461,8,0.001,1e-05,0.5,8,resize_cube64_hu_m600_1500
2,VALIDATION,0.5,0.5,0.5555555555555556,0.45454545454545453,0.502518907629606,0.5555555555555556,8,0.001,1e-05,0.5,8,resize_cube64_hu_m600_1500
2,TEST,0.4,0.34782608695652173,0.3333333333333333,0.46153846153846156,0.3922322702763681,0.4358974358974359,8,0.001,1e-05,0.5,8,resize_cube64_hu_m600_1500
3,VALIDATION,0.6,0.42857142857142855,0.3333333333333333,0.8181818181818182,0.5222329678670935,0.606060606060606,8,0.001,1e-05,0.5,8,resize_cube64_hu_m600_1500
3,TEST,0.6,0.6428571428571429,0.75,0.46153846153846156,0.5883484054145521,0.5961538461538461,8,0.001,1e-05,0.5,8,resize_cube64_hu_m600_1500
4,VALIDATION,0.5,0.5833333333333334,0.7777777777777778,0.2727272727272727,0.4605661864718383,0.4444444444444444,8,0.001,1e-05,0.5,8,resize_cube64_hu_m600_1500
4,TEST,0.48,0.6060606060606061,0.8333333333333334,0.15384615384615385,0.3580574370197165,0.6217948717948718,8,0.001,1e-05,0.5,8,resize_cube64_hu_m600_1500
5,VALIDATION,0.55,0.6086956521739131,0.7,0.4,0.529150262212918,0.44,8,0.001,1e-05,0.5,8,resize_cube64_hu_m600_1500
5,TEST,0.72,0.72,0.8181818181818182,0.6428571428571429,0.7252406676228423,0.7467532467532467,8,0.001,1e-05,0.5,8,resize_cube64_hu_m600_1500
MEAN,VALIDATION,0.5599999999999999,0.5632505175983437,0.6511111111111111,0.48,0.5300220100690368,0.5203232323232323,8,0.001,8
MEAN,TEST,0.5439999999999999,0.5927605318807364,0.7303030303030303,0.3747252747252747,0.4878825176865769,0.5993506493506493,8,0.001,8
1,VALIDATION,0.6,0.6,0.6666666666666666,0.5454545454545454,0.6030226891555273,0.606060606060606,16,0.001,0,0,8,resize_cube64_hu_m600_1500
1,TEST,0.36,0.1111111111111111,0.08333333333333333,0.6153846153846154,0.22645540682891915,0.21794871794871792,16,0.001,0,0,8,resize_cube64_hu_m600_1500
2,VALIDATION,0.6,0.6,0.6666666666666666,0.5454545454545454,0.6030226891555273,0.5858585858585859,16,0.001,0,0,8,resize_cube64_hu_m600_1500
2,TEST,0.52,0.45454545454545453,0.4166666666666667,0.6153846153846154,0.5063696835418333,0.5512820512820513,16,0.001,0,0,8,resize_cube64_hu_m600_1500
3,VALIDATION,0.7,0.7,0.7777777777777778,0.6363636363636364,0.7035264706814485,0.7070707070707071,16,0.001,0,0,8,resize_cube64_hu_m600_1500
3,TEST,0.56,0.6451612903225806,0.8333333333333334,0.3076923076923077,0.5063696835418333,0.5064102564102564,16,0.001,0,0,8,resize_cube64_hu_m600_1500
4,VALIDATION,0.6,0.5555555555555556,0.5555555555555556,0.6363636363636364,0.5945883900105632,0.5151515151515151,16,0.001,0,0,8,resize_cube64_hu_m600_1500
4,TEST,0.64,0.5714285714285714,0.5,0.7692307692307693,0.6201736729460423,0.5641025641025641,16,0.001,0,0,8,resize_cube64_hu_m600_1500
5,VALIDATION,0.85,0.8571428571428571,0.9,0.8,0.8485281374238571,0.9,16,0.001,0,0,8,resize_cube64_hu_m600_1500
5,TEST,0.48,0.38095238095238093,0.36363636363636365,0.5714285714285714,0.4558423058385518,0.5324675324675325,16,0.001,0,0,8,resize_cube64_hu_m600_1500
MEAN,VALIDATION,0.67,0.6625396825396825,0.7133333333333334,0.6327272727272726,0.6705376752853847,0.6628282828282828,16,0.001,8
MEAN,TEST,0.512,0.4326397616720197,0.43939393939393945,0.5758241758241759,0.46304215053943604,0.47444222444222445,16,0.001,8
1,VALIDATION,0.65,0.6666666666666666,0.7777777777777778,0.5454545454545454,0.6513389472789296,0.5555555555555556,16,0.001,0,0.3,8,resize_cube64_hu_m600_1500
1,TEST,0.56,0.5925925925925926,0.6666666666666666,0.46153846153846156,0.5547001962252291,0.6666666666666667,16,0.001,0,0.3,8,resize_cube64_hu_m600_1500
2,VALIDATION,0.55,0.6086956521739131,0.7777777777777778,0.36363636363636365,0.5318160234783105,0.4444444444444444,16,0.001,0,0.3,8,resize_cube64_hu_m600_1500
2,TEST,0.44,0.5333333333333333,0.6666666666666666,0.23076923076923078,0.3922322702763681,0.4615384615384615,16,0.001,0,0.3,8,resize_cube64_hu_m600_1500
3,VALIDATION,0.65,0.6956521739130435,0.8888888888888888,0.45454545454545453,0.6356417261637282,0.6262626262626262,16,0.001,0,0.3,8,resize_cube64_hu_m600_1500
3,TEST,0.56,0.6451612903225806,0.8333333333333334,0.3076923076923077,0.5063696835418333,0.5641025641025641,16,0.001,0,0.3,8,resize_cube64_hu_m600_1500
4,VALIDATION,0.5,0.5,0.5555555555555556,0.45454545454545453,0.502518907629606,0.48484848484848486,16,0.001,0,0.3,8,resize_cube64_hu_m600_1500
4,TEST,0.68,0.6923076923076923,0.75,0.6153846153846154,0.6793662204867574,0.7115384615384616,16,0.001,0,0.3,8,resize_cube64_hu_m600_1500
5,VALIDATION,0.85,0.8571428571428571,0.9,0.8,0.8485281374238571,0.8300000000000001,16,0.001,0,0.3,8,resize_cube64_hu_m600_1500
5,TEST,0.44,0.3,0.2727272727272727,0.5714285714285714,0.39477101697586137,0.43506493506493515,16,0.001,0,0.3,8,resize_cube64_hu_m600_1500
MEAN,VALIDATION,0.64,0.665631469979296,0.78,0.5236363636363637,0.6339687483948863,0.5882222222222222,16,0.001,8
MEAN,TEST,0.536,0.5526789817112396,0.6378787878787879,0.4373626373626374,0.5054878775012097,0.5677822177822177,16,0.001,8
1,VALIDATION,0.6,0.6666666666666666,0.8888888888888888,0.36363636363636365,0.5685352436149611,0.5555555555555556,16,0.001,0,0.5,8,resize_cube64_hu_m600_1500
1,TEST,0.48,0.6285714285714286,0.9166666666666666,0.07692307692307693,0.2655425022718972,0.6089743589743589,16,0.001,0,0.5,8,resize_cube64_hu_m600_1500
2,VALIDATION,0.55,0.64,0.8888888888888888,0.2727272727272727,0.4923659639173309,0.4444444444444444,16,0.001,0,0.5,8,resize_cube64_hu_m600_1500
2,TEST,0.48,0.5517241379310345,0.6666666666666666,0.3076923076923077,0.4529108136578383,0.4551282051282051,16,0.001,0,0.5,8,resize_cube64_hu_m600_1500
3,VALIDATION,0.65,0.5882352941176471,0.5555555555555556,0.7272727272727273,0.6356417261637283,0.6363636363636364,16,0.001,0,0.5,8,resize_cube64_hu_m600_1500
3,TEST,0.6,0.6666666666666666,0.8333333333333334,0.38461538461538464,0.5661385170722979,0.6538461538461537,16,0.001,0,0.5,8,resize_cube64_hu_m600_1500
4,VALIDATION,0.4,0.5714285714285714,0.8888888888888888,0.0,0.0,0.5858585858585859,16,0.001,0,0.5,8,resize_cube64_hu_m600_1500
4,TEST,0.44,0.6111111111111112,0.9166666666666666,0.0,0.0,0.6666666666666666,16,0.001,0,0.5,8,resize_cube64_hu_m600_1500
5,VALIDATION,0.55,0.6896551724137931,1.0,0.1,0.31622776601683794,0.41000000000000003,16,0.001,0,0.5,8,resize_cube64_hu_m600_1500
5,TEST,0.44,0.6111111111111112,1.0,0.0,0.0,0.7857142857142858,16,0.001,0,0.5,8,resize_cube64_hu_m600_1500
MEAN,VALIDATION,0.55,0.6311971409253357,0.8444444444444443,0.2927272727272728,0.4025541399425717,0.5264444444444445,16,0.001,8
MEAN,TEST,0.488,0.6138368910782704,0.8666666666666666,0.15384615384615385,0.2569183666004067,0.6340659340659341,16,0.001,8
1,VALIDATION,0.65,0.72,1.0,0.36363636363636365,0.6030226891555273,0.5757575757575757,16,0.001,1e-05,0,8,resize_cube64_hu_m600_1500
1,TEST,0.52,0.6470588235294118,0.9166666666666666,0.15384615384615385,0.3755338080994054,0.5897435897435896,16,0.001,1e-05,0,8,resize_cube64_hu_m600_1500
2,VALIDATION,0.65,0.6666666666666666,0.7777777777777778,0.5454545454545454,0.6513389472789296,0.5959595959595959,16,0.001,1e-05,0,8,resize_cube64_hu_m600_1500
2,TEST,0.56,0.56,0.5833333333333334,0.5384615384615384,0.560448538317805,0.5769230769230769,16,0.001,1e-05,0,8,resize_cube64_hu_m600_1500
3,VALIDATION,0.7,0.7,0.7777777777777778,0.6363636363636364,0.7035264706814485,0.6969696969696969,16,0.001,1e-05,0,8,resize_cube64_hu_m600_1500
3,TEST,0.52,0.5384615384615384,0.5833333333333334,0.46153846153846156,0.5188745216627708,0.532051282051282,16,0.001,1e-05,0,8,resize_cube64_hu_m600_1500
4,VALIDATION,0.6,0.5,0.4444444444444444,0.7272727272727273,0.5685352436149611,0.4949494949494949,16,0.001,1e-05,0,8,resize_cube64_hu_m600_1500
4,TEST,0.72,0.6666666666666666,0.5833333333333334,0.8461538461538461,0.7025594235292439,0.7564102564102564,16,0.001,1e-05,0,8,resize_cube64_hu_m600_1500
5,VALIDATION,0.8,0.75,0.6,1.0,0.7745966692414834,0.8600000000000001,16,0.001,1e-05,0,8,resize_cube64_hu_m600_1500
5,TEST,0.72,0.5333333333333333,0.36363636363636365,1.0,0.6030226891555273,0.6753246753246752,16,0.001,1e-05,0,8,resize_cube64_hu_m600_1500
MEAN,VALIDATION,0.68,0.6673333333333333,0.72,0.6545454545454545,0.6602040039944701,0.6447272727272727,16,0.001,8
MEAN,TEST,0.608,0.58910407239819,0.6060606060606062,0.6,0.5520877961529506,0.626090576090576,16,0.001,8
1,VALIDATION,0.65,0.6666666666666666,0.7777777777777778,0.5454545454545454,0.6513389472789296,0.5555555555555556,16,0.001,1e-05,0.3,8,resize_cube64_hu_m600_1500
1,TEST,0.56,0.5925925925925926,0.6666666666666666,0.46153846153846156,0.5547001962252291,0.5641025641025641,16,0.001,1e-05,0.3,8,resize_cube64_hu_m600_1500
2,VALIDATION,0.55,0.6086956521739131,0.7777777777777778,0.36363636363636365,0.5318160234783105,0.43434343434343436,16,0.001,1e-05,0.3,8,resize_cube64_hu_m600_1500
2,TEST,0.52,0.5714285714285714,0.6666666666666666,0.38461538461538464,0.5063696835418333,0.49358974358974356,16,0.001,1e-05,0.3,8,resize_cube64_hu_m600_1500
3,VALIDATION,0.65,0.6956521739130435,0.8888888888888888,0.45454545454545453,0.6356417261637282,0.6161616161616161,16,0.001,1e-05,0.3,8,resize_cube64_hu_m600_1500
3,TEST,0.56,0.6451612903225806,0.8333333333333334,0.3076923076923077,0.5063696835418333,0.6089743589743589,16,0.001,1e-05,0.3,8,resize_cube64_hu_m600_1500
4,VALIDATION,0.5,0.5454545454545454,0.6666666666666666,0.36363636363636365,0.49236596391733095,0.5151515151515151,16,0.001,1e-05,0.3,8,resize_cube64_hu_m600_1500
4,TEST,0.48,0.5517241379310345,0.6666666666666666,0.3076923076923077,0.4529108136578383,0.5576923076923076,16,0.001,1e-05,0.3,8,resize_cube64_hu_m600_1500
5,VALIDATION,0.6,0.7142857142857143,1.0,0.2,0.4472135954999579,0.5800000000000001,16,0.001,1e-05,0.3,8,resize_cube64_hu_m600_1500
5,TEST,0.48,0.6060606060606061,0.9090909090909091,0.14285714285714285,0.3603749850782236,0.7337662337662337,16,0.001,1e-05,0.3,8,resize_cube64_hu_m600_1500
MEAN,VALIDATION,0.5900000000000001,0.6461509504987766,0.8222222222222222,0.3854545454545454,0.5516752512676514,0.5402424242424242,16,0.001,8
MEAN,TEST,0.52,0.593393439667077,0.7484848484848484,0.3208791208791209,0.4761450724089915,0.5916250416250415,16,0.001,8
1,VALIDATION,0.6,0.6666666666666666,0.8888888888888888,0.36363636363636365,0.5685352436149611,0.5757575757575758,16,0.001,1e-05,0.5,8,resize_cube64_hu_m600_1500
1,TEST,0.48,0.6285714285714286,0.9166666666666666,0.07692307692307693,0.2655425022718972,0.6025641025641025,16,0.001,1e-05,0.5,8,resize_cube64_hu_m600_1500
2,VALIDATION,0.55,0.6666666666666666,1.0,0.18181818181818182,0.4264014327112209,0.45454545454545453,16,0.001,1e-05,0.5,8,resize_cube64_hu_m600_1500
2,TEST,0.44,0.5333333333333333,0.6666666666666666,0.23076923076923078,0.3922322702763681,0.4358974358974359,16,0.001,1e-05,0.5,8,resize_cube64_hu_m600_1500
3,VALIDATION,0.55,0.0,0.0,1.0,0.0,0.6262626262626263,16,0.001,1e-05,0.5,8,resize_cube64_hu_m600_1500
3,TEST,0.52,0.0,0.0,1.0,0.0,0.6346153846153846,16,0.001,1e-05,0.5,8,resize_cube64_hu_m600_1500
4,VALIDATION,0.5,0.5454545454545454,0.6666666666666666,0.36363636363636365,0.49236596391733095,0.4545454545454545,16,0.001,1e-05,0.5,8,resize_cube64_hu_m600_1500
4,TEST,0.52,0.4,0.3333333333333333,0.6923076923076923,0.48038446141526137,0.5512820512820513,16,0.001,1e-05,0.5,8,resize_cube64_hu_m600_1500
5,VALIDATION,0.55,0.64,0.8,0.3,0.4898979485566356,0.44999999999999996,16,0.001,1e-05,0.5,8,resize_cube64_hu_m600_1500
5,TEST,0.72,0.72,0.8181818181818182,0.6428571428571429,0.7252406676228423,0.7272727272727273,16,0.001,1e-05,0.5,8,resize_cube64_hu_m600_1500
MEAN,VALIDATION,0.55,0.5037575757575757,0.671111111111111,0.4418181818181818,0.3954401177600297,0.5122222222222221,16,0.001,8
MEAN,TEST,0.5359999999999999,0.4563809523809523,0.546969696969697,0.5285714285714286,0.3726799803172738,0.5903263403263403,16,0.001,8
1,VALIDATION,0.5,0.5,0.5555555555555556,0.45454545454545453,0.502518907629606,0.5656565656565656,32,0.001,0,0,8,resize_cube64_hu_m600_1500
1,TEST,0.44,0.36363636363636365,0.3333333333333333,0.5384615384615384,0.4236592728681617,0.4230769230769231,32,0.001,0,0,8,resize_cube64_hu_m600_1500
2,VALIDATION,0.55,0.5714285714285714,0.6666666666666666,0.45454545454545453,0.5504818825631803,0.5151515151515151,32,0.001,0,0,8,resize_cube64_hu_m600_1500
2,TEST,0.64,0.6086956521739131,0.5833333333333334,0.6923076923076923,0.6354889093022426,0.7243589743589743,32,0.001,0,0,8,resize_cube64_hu_m600_1500
3,VALIDATION,0.8,0.7142857142857143,0.5555555555555556,1.0,0.7453559924999299,0.797979797979798,32,0.001,0,0,8,resize_cube64_hu_m600_1500
3,TEST,0.64,0.6086956521739131,0.5833333333333334,0.6923076923076923,0.6354889093022426,0.5,32,0.001,0,0,8,resize_cube64_hu_m600_1500
4,VALIDATION,0.55,0.5714285714285714,0.6666666666666666,0.45454545454545453,0.5504818825631803,0.6868686868686869,32,0.001,0,0,8,resize_cube64_hu_m600_1500
4,TEST,0.68,0.7142857142857143,0.8333333333333334,0.5384615384615384,0.6698641270570836,0.7051282051282051,32,0.001,0,0,8,resize_cube64_hu_m600_1500
5,VALIDATION,0.75,0.7619047619047619,0.8,0.7,0.7483314773547882,0.8200000000000001,32,0.001,0,0,8,resize_cube64_hu_m600_1500
5,TEST,0.64,0.5714285714285714,0.5454545454545454,0.7142857142857143,0.6241877839323592,0.6753246753246753,32,0.001,0,0,8,resize_cube64_hu_m600_1500
MEAN,VALIDATION,0.6300000000000001,0.6238095238095237,0.6488888888888888,0.6127272727272727,0.6194340285221369,0.6771313131313133,32,0.001,8
MEAN,TEST,0.6080000000000001,0.5733483907396952,0.5757575757575758,0.6351648351648352,0.5977378004924179,0.6055777555777555,32,0.001,8
1,VALIDATION,0.6,0.6363636363636364,0.7777777777777778,0.45454545454545453,0.5945883900105632,0.5656565656565656,32,0.001,0,0.3,8,resize_cube64_hu_m600_1500
1,TEST,0.6,0.7058823529411765,1.0,0.23076923076923078,0.4803844614152614,0.6410256410256411,32,0.001,0,0.3,8,resize_cube64_hu_m600_1500
2,VALIDATION,0.55,0.6086956521739131,0.7777777777777778,0.36363636363636365,0.5318160234783105,0.43434343434343436,32,0.001,0,0.3,8,resize_cube64_hu_m600_1500
2,TEST,0.56,0.5925925925925926,0.6666666666666666,0.46153846153846156,0.5547001962252291,0.47435897435897434,32,0.001,0,0.3,8,resize_cube64_hu_m600_1500
3,VALIDATION,0.55,0.6086956521739131,0.7777777777777778,0.36363636363636365,0.5318160234783105,0.6262626262626262,32,0.001,0,0.3,8,resize_cube64_hu_m600_1500
3,TEST,0.48,0.6060606060606061,0.8333333333333334,0.15384615384615385,0.3580574370197165,0.4807692307692308,32,0.001,0,0.3,8,resize_cube64_hu_m600_1500
4,VALIDATION,0.5,0.5,0.5555555555555556,0.45454545454545453,0.502518907629606,0.5050505050505051,32,0.001,0,0.3,8,resize_cube64_hu_m600_1500
4,TEST,0.52,0.5384615384615384,0.5833333333333334,0.46153846153846156,0.5188745216627708,0.608974358974359,32,0.001,0,0.3,8,resize_cube64_hu_m600_1500
5,VALIDATION,0.55,0.6896551724137931,1.0,0.1,0.31622776601683794,0.41999999999999993,32,0.001,0,0.3,8,resize_cube64_hu_m600_1500
5,TEST,0.56,0.6666666666666666,1.0,0.21428571428571427,0.4629100498862757,0.8116883116883117,32,0.001,0,0.3,8,resize_cube64_hu_m600_1500
MEAN,VALIDATION,0.55,0.6086820226250511,0.7777777777777779,0.3472727272727273,0.49539342212272564,0.5102626262626263,32,0.001,8
MEAN,TEST,0.544,0.621932751344516,0.8166666666666668,0.30439560439560437,0.47498533324185066,0.6033633033633035,32,0.001,8
1,VALIDATION,0.65,0.6666666666666666,0.7777777777777778,0.5454545454545454,0.6513389472789296,0.606060606060606,32,0.001,0,0.5,8,resize_cube64_hu_m600_1500
1,TEST,0.64,0.6896551724137931,0.8333333333333334,0.46153846153846156,0.6201736729460423,0.6153846153846153,32,0.001,0,0.5,8,resize_cube64_hu_m600_1500
2,VALIDATION,0.55,0.0,0.0,1.0,0.0,0.43434343434343436,32,0.001,0,0.5,8,resize_cube64_hu_m600_1500
2,TEST,0.52,0.0,0.0,1.0,0.0,0.4743589743589743,32,0.001,0,0.5,8,resize_cube64_hu_m600_1500
3,VALIDATION,0.65,0.6956521739130435,0.8888888888888888,0.45454545454545453,0.6356417261637282,0.6363636363636364,32,0.001,0,0.5,8,resize_cube64_hu_m600_1500
3,TEST,0.56,0.6451612903225806,0.8333333333333334,0.3076923076923077,0.5063696835418333,0.6602564102564102,32,0.001,0,0.5,8,resize_cube64_hu_m600_1500
4,VALIDATION,0.4,0.5384615384615384,0.7777777777777778,0.09090909090909091,0.26590801173915524,0.4242424242424242,32,0.001,0,0.5,8,resize_cube64_hu_m600_1500
4,TEST,0.48,0.6060606060606061,0.8333333333333334,0.15384615384615385,0.3580574370197165,0.6153846153846154,32,0.001,0,0.5,8,resize_cube64_hu_m600_1500
5,VALIDATION,0.5,0.0,0.0,1.0,0.0,0.42000000000000004,32,0.001,0,0.5,8,resize_cube64_hu_m600_1500
5,TEST,0.56,0.0,0.0,1.0,0.0,0.8311688311688311,32,0.001,0,0.5,8,resize_cube64_hu_m600_1500
MEAN,VALIDATION,0.55,0.38015607580824967,0.4888888888888888,0.6181818181818182,0.3105777370363626,0.5042020202020201,32,0.001,8
MEAN,TEST,0.552,0.3881754137593959,0.5,0.5846153846153846,0.2969201587015184,0.6393106893106892,32,0.001,8
1,VALIDATION,0.65,0.5882352941176471,0.5555555555555556,0.7272727272727273,0.6356417261637283,0.6262626262626262,32,0.001,1e-05,0,8,resize_cube64_hu_m600_1500
1,TEST,0.64,0.5263157894736842,0.4166666666666667,0.8461538461538461,0.5937710859953544,0.6217948717948718,32,0.001,1e-05,0,8,resize_cube64_hu_m600_1500
2,VALIDATION,0.55,0.5714285714285714,0.6666666666666666,0.45454545454545453,0.5504818825631803,0.5353535353535354,32,0.001,1e-05,0,8,resize_cube64_hu_m600_1500
2,TEST,0.56,0.6206896551724138,0.75,0.38461538461538464,0.5370861555295747,0.5833333333333333,32,0.001,1e-05,0,8,resize_cube64_hu_m600_1500
3,VALIDATION,0.75,0.6666666666666666,0.5555555555555556,0.9090909090909091,0.7106690545187014,0.6767676767676769,32,0.001,1e-05,0,8,resize_cube64_hu_m600_1500
3,TEST,0.56,0.56,0.5833333333333334,0.5384615384615384,0.560448538317805,0.5576923076923077,32,0.001,1e-05,0,8,resize_cube64_hu_m600_1500
4,VALIDATION,0.55,0.4,0.3333333333333333,0.7272727272727273,0.49236596391733095,0.4949494949494949,32,0.001,1e-05,0,8,resize_cube64_hu_m600_1500
4,TEST,0.76,0.6666666666666666,0.5,1.0,0.7071067811865476,0.6602564102564102,32,0.001,1e-05,0,8,resize_cube64_hu_m600_1500
5,VALIDATION,0.75,0.7368421052631579,0.7,0.8,0.7483314773547882,0.76,32,0.001,1e-05,0,8,resize_cube64_hu_m600_1500
5,TEST,0.6,0.375,0.2727272727272727,0.8571428571428571,0.48349377841522817,0.8051948051948052,32,0.001,1e-05,0,8,resize_cube64_hu_m600_1500
MEAN,VALIDATION,0.65,0.5926345274952085,0.5622222222222222,0.7236363636363636,0.6274980209035459,0.6186666666666667,32,0.001,8
MEAN,TEST,0.6240000000000001,0.549734422262553,0.5045454545454545,0.7252747252747253,0.576381267888902,0.6456543456543457,32,0.001,8
1,VALIDATION,0.65,0.6666666666666666,0.7777777777777778,0.5454545454545454,0.6513389472789296,0.6666666666666666,32,0.001,1e-05,0.3,8,resize_cube64_hu_m600_1500
1,TEST,0.56,0.6206896551724138,0.75,0.38461538461538464,0.5370861555295747,0.6153846153846154,32,0.001,1e-05,0.3,8,resize_cube64_hu_m600_1500
2,VALIDATION,0.6,0.6666666666666666,0.8888888888888888,0.36363636363636365,0.5685352436149611,0.48484848484848486,32,0.001,1e-05,0.3,8,resize_cube64_hu_m600_1500
2,TEST,0.4,0.4827586206896552,0.5833333333333334,0.23076923076923078,0.36689969285267143,0.4038461538461538,32,0.001,1e-05,0.3,8,resize_cube64_hu_m600_1500
3,VALIDATION,0.55,0.0,0.0,1.0,0.0,0.6060606060606061,32,0.001,1e-05,0.3,8,resize_cube64_hu_m600_1500
3,TEST,0.52,0.0,0.0,1.0,0.0,0.6346153846153846,32,0.001,1e-05,0.3,8,resize_cube64_hu_m600_1500
4,VALIDATION,0.45,0.56,0.7777777777777778,0.18181818181818182,0.37605071654517747,0.4545454545454545,32,0.001,1e-05,0.3,8,resize_cube64_hu_m600_1500
4,TEST,0.56,0.6206896551724138,0.75,0.38461538461538464,0.5370861555295747,0.5833333333333333,32,0.001,1e-05,0.3,8,resize_cube64_hu_m600_1500
5,VALIDATION,0.65,0.6666666666666666,0.7,0.6,0.648074069840786,0.6699999999999999,32,0.001,1e-05,0.3,8,resize_cube64_hu_m600_1500
5,TEST,0.36,0.38461538461538464,0.45454545454545453,0.2857142857142857,0.3603749850782236,0.34415584415584416,32,0.001,1e-05,0.3,8,resize_cube64_hu_m600_1500
MEAN,VALIDATION,0.58,0.512,0.6288888888888888,0.5381818181818182,0.4487997954559709,0.5764242424242424,32,0.001,8
MEAN,TEST,0.48,0.42175066312997345,0.5075757575757576,0.45714285714285713,0.3602893977980089,0.5162670662670663,32,0.001,8
1,VALIDATION,0.55,0.0,0.0,1.0,0.0,0.5858585858585859,32,0.001,1e-05,0.5,8,resize_cube64_hu_m600_1500
1,TEST,0.52,0.0,0.0,1.0,0.0,0.5705128205128205,32,0.001,1e-05,0.5,8,resize_cube64_hu_m600_1500
2,VALIDATION,0.55,0.0,0.0,1.0,0.0,0.4545454545454546,32,0.001,1e-05,0.5,8,resize_cube64_hu_m600_1500
2,TEST,0.52,0.0,0.0,1.0,0.0,0.4807692307692307,32,0.001,1e-05,0.5,8,resize_cube64_hu_m600_1500
3,VALIDATION,0.55,0.0,0.0,1.0,0.0,0.6262626262626262,32,0.001,1e-05,0.5,8,resize_cube64_hu_m600_1500
3,TEST,0.52,0.0,0.0,1.0,0.0,0.5833333333333334,32,0.001,1e-05,0.5,8,resize_cube64_hu_m600_1500
4,VALIDATION,0.5,0.5833333333333334,0.7777777777777778,0.2727272727272727,0.4605661864718383,0.4242424242424242,32,0.001,1e-05,0.5,8,resize_cube64_hu_m600_1500
4,TEST,0.52,0.6,0.75,0.3076923076923077,0.4803844614152614,0.5641025641025641,32,0.001,1e-05,0.5,8,resize_cube64_hu_m600_1500
5,VALIDATION,0.5,0.5,0.5,0.5,0.5,0.6000000000000001,32,0.001,1e-05,0.5,8,resize_cube64_hu_m600_1500
5,TEST,0.52,0.5384615384615384,0.6363636363636364,0.42857142857142855,0.5222329678670935,0.6233766233766234,32,0.001,1e-05,0.5,8,resize_cube64_hu_m600_1500
MEAN,VALIDATION,0.53,0.2166666666666667,0.25555555555555554,0.7545454545454545,0.19211323729436763,0.5381818181818182,32,0.001,8
MEAN,TEST,0.52,0.2276923076923077,0.2772727272727272,0.7472527472527472,0.20052348585647098,0.5644189144189145,32,0.001,8
1,VALIDATION,0.7,0.6666666666666666,0.6666666666666666,0.7272727272727273,0.6963106238227914,0.6565656565656566,4,0.001,0,0,8,resize_cube64_hu_m300_1400
1,TEST,0.56,0.42105263157894735,0.3333333333333333,0.7692307692307693,0.5063696835418333,0.4871794871794871,4,0.001,0,0,8,resize_cube64_hu_m300_1400
2,VALIDATION,0.7,0.6666666666666666,0.6666666666666666,0.7272727272727273,0.6963106238227914,0.6565656565656566,4,0.001,0,0,8,resize_cube64_hu_m300_1400
2,TEST,0.52,0.45454545454545453,0.4166666666666667,0.6153846153846154,0.5063696835418333,0.42307692307692313,4,0.001,0,0,8,resize_cube64_hu_m300_1400
3,VALIDATION,0.75,0.7368421052631579,0.7777777777777778,0.7272727272727273,0.7521014330903549,0.696969696969697,4,0.001,0,0,8,resize_cube64_hu_m300_1400
3,TEST,0.44,0.36363636363636365,0.3333333333333333,0.5384615384615384,0.4236592728681617,0.4935897435897436,4,0.001,0,0,8,resize_cube64_hu_m300_1400
4,VALIDATION,0.6,0.5555555555555556,0.5555555555555556,0.6363636363636364,0.5945883900105632,0.6161616161616161,4,0.001,0,0,8,resize_cube64_hu_m300_1400
4,TEST,0.68,0.6363636363636364,0.5833333333333334,0.7692307692307693,0.6698641270570838,0.7307692307692308,4,0.001,0,0,8,resize_cube64_hu_m300_1400
5,VALIDATION,0.65,0.72,0.9,0.4,0.6000000000000001,0.61,4,0.001,0,0,8,resize_cube64_hu_m300_1400
5,TEST,0.48,0.5185185185185185,0.6363636363636364,0.35714285714285715,0.4767312946227962,0.551948051948052,4,0.001,0,0,8,resize_cube64_hu_m300_1400
MEAN,VALIDATION,0.6799999999999999,0.6691461988304093,0.7133333333333334,0.6436363636363636,0.6678622141493002,0.6472525252525252,4,0.001,8
MEAN,TEST,0.536,0.4788233209285841,0.4606060606060606,0.6098901098901098,0.5165988123263416,0.5373126873126873,4,0.001,8
1,VALIDATION,0.7,0.75,1.0,0.45454545454545453,0.674199862463242,0.6868686868686869,4,0.001,0,0.3,8,resize_cube64_hu_m300_1400
1,TEST,0.56,0.6666666666666666,0.9166666666666666,0.23076923076923078,0.45993310550389993,0.5961538461538461,4,0.001,0,0.3,8,resize_cube64_hu_m300_1400
2,VALIDATION,0.7,0.6666666666666666,0.6666666666666666,0.7272727272727273,0.6963106238227914,0.6767676767676768,4,0.001,0,0.3,8,resize_cube64_hu_m300_1400
2,TEST,0.44,0.36363636363636365,0.3333333333333333,0.5384615384615384,0.4236592728681617,0.3782051282051282,4,0.001,0,0.3,8,resize_cube64_hu_m300_1400
3,VALIDATION,0.65,0.6666666666666666,0.7777777777777778,0.5454545454545454,0.6513389472789296,0.6767676767676767,4,0.001,0,0.3,8,resize_cube64_hu_m300_1400
3,TEST,0.56,0.6451612903225806,0.8333333333333334,0.3076923076923077,0.5063696835418333,0.5897435897435896,4,0.001,0,0.3,8,resize_cube64_hu_m300_1400
4,VALIDATION,0.55,0.5263157894736842,0.5555555555555556,0.5454545454545454,0.5504818825631803,0.5151515151515151,4,0.001,0,0.3,8,resize_cube64_hu_m300_1400
4,TEST,0.52,0.25,0.16666666666666666,0.8461538461538461,0.3755338080994054,0.6538461538461539,4,0.001,0,0.3,8,resize_cube64_hu_m300_1400
5,VALIDATION,0.55,0.4,0.3,0.8,0.4898979485566356,0.6,4,0.001,0,0.3,8,resize_cube64_hu_m300_1400
5,TEST,0.6,0.2857142857142857,0.18181818181818182,0.9285714285714286,0.4108907018066591,0.6883116883116882,4,0.001,0,0.3,8,resize_cube64_hu_m300_1400
MEAN,VALIDATION,0.6299999999999999,0.6019298245614034,0.6599999999999999,0.6145454545454545,0.6124458529369557,0.6311111111111112,4,0.001,8
MEAN,TEST,0.536,0.4422357212679793,0.48636363636363633,0.5703296703296703,0.435277314363992,0.5812520812520812,4,0.001,8
1,VALIDATION,0.6,0.6363636363636364,0.7777777777777778,0.45454545454545453,0.5945883900105632,0.4949494949494949,4,0.001,0,0.5,8,resize_cube64_hu_m300_1400
1,TEST,0.44,0.5625,0.75,0.15384615384615385,0.3396831102433787,0.5256410256410257,4,0.001,0,0.5,8,resize_cube64_hu_m300_1400
2,VALIDATION,0.65,0.5333333333333333,0.4444444444444444,0.8181818181818182,0.6030226891555273,0.7777777777777778,4,0.001,0,0.5,8,resize_cube64_hu_m300_1400
2,TEST,0.6,0.2857142857142857,0.16666666666666666,1.0,0.408248290463863,0.5576923076923077,4,0.001,0,0.5,8,resize_cube64_hu_m300_1400
3,VALIDATION,0.85,0.8421052631578947,0.8888888888888888,0.8181818181818182,0.8528028654224418,0.8484848484848484,4,0.001,0,0.5,8,resize_cube64_hu_m300_1400
3,TEST,0.44,0.5,0.5833333333333334,0.3076923076923077,0.42365927286816174,0.4615384615384615,4,0.001,0,0.5,8,resize_cube64_hu_m300_1400
4,VALIDATION,0.6,0.5,0.4444444444444444,0.7272727272727273,0.5685352436149611,0.5252525252525253,4,0.001,0,0.5,8,resize_cube64_hu_m300_1400
4,TEST,0.48,0.43478260869565216,0.4166666666666667,0.5384615384615384,0.47366546671567095,0.5192307692307693,4,0.001,0,0.5,8,resize_cube64_hu_m300_1400
5,VALIDATION,0.7,0.625,0.5,0.9,0.6708203932499369,0.74,4,0.001,0,0.5,8,resize_cube64_hu_m300_1400
5,TEST,0.76,0.6666666666666666,0.5454545454545454,0.9285714285714286,0.7116835718867666,0.7402597402597402,4,0.001,0,0.5,8,resize_cube64_hu_m300_1400
MEAN,VALIDATION,0.68,0.6273604465709729,0.611111111111111,0.7436363636363637,0.6579539162906861,0.6772929292929293,4,0.001,8
MEAN,TEST,0.5439999999999999,0.48993271221532086,0.4924242424242424,0.5857142857142857,0.47138794243556825,0.5608724608724609,4,0.001,8
1,VALIDATION,0.7,0.75,1.0,0.45454545454545453,0.674199862463242,0.5151515151515151,4,0.001,1e-05,0,8,resize_cube64_hu_m300_1400
1,TEST,0.64,0.6666666666666666,0.75,0.5384615384615384,0.6354889093022426,0.5961538461538461,4,0.001,1e-05,0,8,resize_cube64_hu_m300_1400
2,VALIDATION,0.55,0.5714285714285714,0.6666666666666666,0.45454545454545453,0.5504818825631803,0.5252525252525253,4,0.001,1e-05,0,8,resize_cube64_hu_m300_1400
2,TEST,0.48,0.38095238095238093,0.3333333333333333,0.6153846153846154,0.4529108136578383,0.5192307692307693,4,0.001,1e-05,0,8,resize_cube64_hu_m300_1400
3,VALIDATION,0.8,0.7777777777777778,0.7777777777777778,0.8181818181818182,0.7977240352174657,0.7272727272727272,4,0.001,1e-05,0,8,resize_cube64_hu_m300_1400
3,TEST,0.44,0.5,0.5833333333333334,0.3076923076923077,0.42365927286816174,0.41025641025641024,4,0.001,1e-05,0,8,resize_cube64_hu_m300_1400
4,VALIDATION,0.6,0.6,0.6666666666666666,0.5454545454545454,0.6030226891555273,0.5555555555555555,4,0.001,1e-05,0,8,resize_cube64_hu_m300_1400
4,TEST,0.6,0.5,0.4166666666666667,0.7692307692307693,0.5661385170722979,0.6538461538461539,4,0.001,1e-05,0,8,resize_cube64_hu_m300_1400
5,VALIDATION,0.75,0.7619047619047619,0.8,0.7,0.7483314773547882,0.8400000000000001,4,0.001,1e-05,0,8,resize_cube64_hu_m300_1400
5,TEST,0.64,0.64,0.7272727272727273,0.5714285714285714,0.6446583712203042,0.7207792207792207,4,0.001,1e-05,0,8,resize_cube64_hu_m300_1400
MEAN,VALIDATION,0.6799999999999999,0.6922222222222223,0.7822222222222222,0.5945454545454545,0.6747519893508407,0.6326464646464647,4,0.001,8
MEAN,TEST,0.56,0.5375238095238095,0.5621212121212121,0.5604395604395604,0.544571176824169,0.5800532800532799,4,0.001,8
1,VALIDATION,0.7,0.75,1.0,0.45454545454545453,0.674199862463242,0.7171717171717171,4,0.001,1e-05,0.3,8,resize_cube64_hu_m300_1400
1,TEST,0.6,0.6428571428571429,0.75,0.46153846153846156,0.5883484054145521,0.6730769230769231,4,0.001,1e-05,0.3,8,resize_cube64_hu_m300_1400
2,VALIDATION,0.6,0.6,0.6666666666666666,0.5454545454545454,0.6030226891555273,0.6363636363636364,4,0.001,1e-05,0.3,8,resize_cube64_hu_m300_1400
2,TEST,0.52,0.5,0.5,0.5384615384615384,0.5188745216627708,0.4871794871794871,4,0.001,1e-05,0.3,8,resize_cube64_hu_m300_1400
3,VALIDATION,0.65,0.5333333333333333,0.4444444444444444,0.8181818181818182,0.6030226891555273,0.48484848484848486,4,0.001,1e-05,0.3,8,resize_cube64_hu_m300_1400
3,TEST,0.4,0.11764705882352941,0.08333333333333333,0.6923076923076923,0.24019223070763068,0.4358974358974359,4,0.001,1e-05,0.3,8,resize_cube64_hu_m300_1400
4,VALIDATION,0.65,0.5882352941176471,0.5555555555555556,0.7272727272727273,0.6356417261637283,0.6868686868686869,4,0.001,1e-05,0.3,8,resize_cube64_hu_m300_1400
4,TEST,0.64,0.5714285714285714,0.5,0.7692307692307693,0.6201736729460423,0.6858974358974359,4,0.001,1e-05,0.3,8,resize_cube64_hu_m300_1400
5,VALIDATION,0.7,0.75,0.9,0.5,0.6708203932499369,0.8699999999999999,4,0.001,1e-05,0.3,8,resize_cube64_hu_m300_1400
5,TEST,0.72,0.6956521739130435,0.7272727272727273,0.7142857142857143,0.7207499701564473,0.7467532467532467,4,0.001,1e-05,0.3,8,resize_cube64_hu_m300_1400
MEAN,VALIDATION,0.6599999999999999,0.644313725490196,0.7133333333333332,0.6090909090909091,0.6373414720375924,0.679050505050505,4,0.001,8
MEAN,TEST,0.576,0.5055169894044574,0.5121212121212121,0.6351648351648352,0.5376677601774886,0.6057609057609057,4,0.001,8
1,VALIDATION,0.65,0.6666666666666666,0.7777777777777778,0.5454545454545454,0.6513389472789296,0.7171717171717171,4,0.001,1e-05,0.5,8,resize_cube64_hu_m300_1400
1,TEST,0.48,0.5806451612903226,0.75,0.23076923076923078,0.41602514716892186,0.46794871794871795,4,0.001,1e-05,0.5,8,resize_cube64_hu_m300_1400
2,VALIDATION,0.7,0.6666666666666666,0.6666666666666666,0.7272727272727273,0.6963106238227914,0.6969696969696969,4,0.001,1e-05,0.5,8,resize_cube64_hu_m300_1400
2,TEST,0.52,0.25,0.16666666666666666,0.8461538461538461,0.3755338080994054,0.3782051282051282,4,0.001,1e-05,0.5,8,resize_cube64_hu_m300_1400
3,VALIDATION,0.65,0.6956521739130435,0.8888888888888888,0.45454545454545453,0.6356417261637282,0.6868686868686869,4,0.001,1e-05,0.5,8,resize_cube64_hu_m300_1400
3,TEST,0.52,0.625,0.8333333333333334,0.23076923076923078,0.4385290096535146,0.532051282051282,4,0.001,1e-05,0.5,8,resize_cube64_hu_m300_1400
4,VALIDATION,0.5,0.5833333333333334,0.7777777777777778,0.2727272727272727,0.4605661864718383,0.42424242424242425,4,0.001,1e-05,0.5,8,resize_cube64_hu_m300_1400
4,TEST,0.56,0.6451612903225806,0.8333333333333334,0.3076923076923077,0.5063696835418333,0.6346153846153846,4,0.001,1e-05,0.5,8,resize_cube64_hu_m300_1400
5,VALIDATION,0.6,0.6923076923076923,0.9,0.3,0.5196152422706632,0.75,4,0.001,1e-05,0.5,8,resize_cube64_hu_m300_1400
5,TEST,0.8,0.8,0.9090909090909091,0.7142857142857143,0.8058229640253803,0.8376623376623377,4,0.001,1e-05,0.5,8,resize_cube64_hu_m300_1400
MEAN,VALIDATION,0.62,0.6609253065774805,0.8022222222222222,0.45999999999999996,0.5926945452015902,0.655050505050505,4,0.001,8
MEAN,TEST,0.576,0.5801612903225806,0.6984848484848485,0.46593406593406594,0.5084561224978111,0.5700965700965701,4,0.001,8
1,VALIDATION,0.5,0.4444444444444444,0.4444444444444444,0.5454545454545454,0.4923659639173309,0.5454545454545454,8,0.001,0,0,8,resize_cube64_hu_m300_1400
1,TEST,0.52,0.45454545454545453,0.4166666666666667,0.6153846153846154,0.5063696835418333,0.5576923076923077,8,0.001,0,0,8,resize_cube64_hu_m300_1400
2,VALIDATION,0.5,0.5454545454545454,0.6666666666666666,0.36363636363636365,0.49236596391733095,0.5757575757575757,8,0.001,0,0,8,resize_cube64_hu_m300_1400
2,TEST,0.64,0.5263157894736842,0.4166666666666667,0.8461538461538461,0.5937710859953544,0.6538461538461539,8,0.001,0,0,8,resize_cube64_hu_m300_1400
3,VALIDATION,0.75,0.7368421052631579,0.7777777777777778,0.7272727272727273,0.7521014330903549,0.7777777777777777,8,0.001,0,0,8,resize_cube64_hu_m300_1400
3,TEST,0.48,0.5185185185185185,0.5833333333333334,0.38461538461538464,0.47366546671567095,0.4871794871794871,8,0.001,0,0,8,resize_cube64_hu_m300_1400
4,VALIDATION,0.7,0.7,0.7777777777777778,0.6363636363636364,0.7035264706814485,0.6767676767676768,8,0.001,0,0,8,resize_cube64_hu_m300_1400
4,TEST,0.72,0.6956521739130435,0.6666666666666666,0.7692307692307693,0.7161148740394329,0.6730769230769231,8,0.001,0,0,8,resize_cube64_hu_m300_1400
5,VALIDATION,0.6,0.5,0.4,0.8,0.5656854249492381,0.6300000000000001,8,0.001,0,0,8,resize_cube64_hu_m300_1400
5,TEST,0.72,0.631578947368421,0.5454545454545454,0.8571428571428571,0.6837634587578276,0.7987012987012988,8,0.001,0,0,8,resize_cube64_hu_m300_1400
MEAN,VALIDATION,0.6100000000000001,0.5853482190324295,0.6133333333333333,0.6145454545454545,0.6012090513111408,0.6411515151515152,8,0.001,8
MEAN,TEST,0.616,0.5653221767638243,0.5257575757575758,0.6945054945054945,0.5947369138100239,0.6340992340992342,8,0.001,8
1,VALIDATION,0.75,0.7368421052631579,0.7777777777777778,0.7272727272727273,0.7521014330903549,0.7878787878787878,8,0.001,0,0.3,8,resize_cube64_hu_m300_1400
1,TEST,0.44,0.4166666666666667,0.4166666666666667,0.46153846153846156,0.4385290096535146,0.5128205128205128,8,0.001,0,0.3,8,resize_cube64_hu_m300_1400
2,VALIDATION,0.6,0.6,0.6666666666666666,0.5454545454545454,0.6030226891555273,0.5656565656565655,8,0.001,0,0.3,8,resize_cube64_hu_m300_1400
2,TEST,0.6,0.5833333333333334,0.5833333333333334,0.6153846153846154,0.5991446895152781,0.5384615384615385,8,0.001,0,0.3,8,resize_cube64_hu_m300_1400
3,VALIDATION,0.75,0.7368421052631579,0.7777777777777778,0.7272727272727273,0.7521014330903549,0.6969696969696969,8,0.001,0,0.3,8,resize_cube64_hu_m300_1400
3,TEST,0.56,0.6451612903225806,0.8333333333333334,0.3076923076923077,0.5063696835418333,0.5320512820512822,8,0.001,0,0.3,8,resize_cube64_hu_m300_1400
4,VALIDATION,0.65,0.6956521739130435,0.8888888888888888,0.45454545454545453,0.6356417261637282,0.7979797979797979,8,0.001,0,0.3,8,resize_cube64_hu_m300_1400
4,TEST,0.68,0.6666666666666666,0.6666666666666666,0.6923076923076923,0.6793662204867574,0.6538461538461539,8,0.001,0,0.3,8,resize_cube64_hu_m300_1400
5,VALIDATION,0.7,0.7,0.7,0.7,0.7,0.7400000000000001,8,0.001,0,0.3,8,resize_cube64_hu_m300_1400
5,TEST,0.44,0.46153846153846156,0.5454545454545454,0.35714285714285715,0.44136741475237473,0.44155844155844154,8,0.001,0,0.3,8,resize_cube64_hu_m300_1400
MEAN,VALIDATION,0.6900000000000001,0.6938672768878718,0.7622222222222221,0.6309090909090909,0.688573456299993,0.7176969696969697,8,0.001,8
MEAN,TEST,0.544,0.5546732837055417,0.6090909090909091,0.48681318681318686,0.5329554035899517,0.5357475857475857,8,0.001,8
1,VALIDATION,0.7,0.6666666666666666,0.6666666666666666,0.7272727272727273,0.6963106238227914,0.7171717171717171,8,0.001,0,0.5,8,resize_cube64_hu_m300_1400
1,TEST,0.48,0.43478260869565216,0.4166666666666667,0.5384615384615384,0.47366546671567095,0.6474358974358975,8,0.001,0,0.5,8,resize_cube64_hu_m300_1400
2,VALIDATION,0.55,0.5263157894736842,0.5555555555555556,0.5454545454545454,0.5504818825631803,0.5454545454545454,8,0.001,0,0.5,8,resize_cube64_hu_m300_1400
2,TEST,0.56,0.5217391304347826,0.5,0.6153846153846154,0.5547001962252291,0.5384615384615385,8,0.001,0,0.5,8,resize_cube64_hu_m300_1400
3,VALIDATION,0.75,0.7368421052631579,0.7777777777777778,0.7272727272727273,0.7521014330903549,0.7070707070707071,8,0.001,0,0.5,8,resize_cube64_hu_m300_1400
3,TEST,0.48,0.5517241379310345,0.6666666666666666,0.3076923076923077,0.4529108136578383,0.43589743589743585,8,0.001,0,0.5,8,resize_cube64_hu_m300_1400
4,VALIDATION,0.5,0.5833333333333334,0.7777777777777778,0.2727272727272727,0.4605661864718383,0.6363636363636364,8,0.001,0,0.5,8,resize_cube64_hu_m300_1400
4,TEST,0.52,0.6,0.75,0.3076923076923077,0.4803844614152614,0.6923076923076923,8,0.001,0,0.5,8,resize_cube64_hu_m300_1400
5,VALIDATION,0.6,0.7142857142857143,1.0,0.2,0.4472135954999579,0.47,8,0.001,0,0.5,8,resize_cube64_hu_m300_1400
5,TEST,0.64,0.7096774193548387,1.0,0.35714285714285715,0.5976143046671968,0.7857142857142857,8,0.001,0,0.5,8,resize_cube64_hu_m300_1400
MEAN,VALIDATION,0.62,0.6454887218045113,0.7555555555555555,0.4945454545454545,0.5813347442896246,0.6152121212121212,8,0.001,8
MEAN,TEST,0.536,0.5635846592832616,0.6666666666666667,0.42527472527472526,0.5118550485362394,0.61996336996337,8,0.001,8
1,VALIDATION,0.7,0.7272727272727273,0.8888888888888888,0.5454545454545454,0.6963106238227913,0.7575757575757576,8,0.001,1e-05,0,8,resize_cube64_hu_m300_1400
1,TEST,0.52,0.5714285714285714,0.6666666666666666,0.38461538461538464,0.5063696835418333,0.5512820512820513,8,0.001,1e-05,0,8,resize_cube64_hu_m300_1400
2,VALIDATION,0.7,0.7272727272727273,0.8888888888888888,0.5454545454545454,0.6963106238227913,0.7676767676767677,8,0.001,1e-05,0,8,resize_cube64_hu_m300_1400
2,TEST,0.4,0.4,0.4166666666666667,0.38461538461538464,0.40032038451271784,0.39102564102564097,8,0.001,1e-05,0,8,resize_cube64_hu_m300_1400
3,VALIDATION,0.75,0.7368421052631579,0.7777777777777778,0.7272727272727273,0.7521014330903549,0.7878787878787878,8,0.001,1e-05,0,8,resize_cube64_hu_m300_1400
3,TEST,0.48,0.5517241379310345,0.6666666666666666,0.3076923076923077,0.4529108136578383,0.532051282051282,8,0.001,1e-05,0,8,resize_cube64_hu_m300_1400
4,VALIDATION,0.65,0.631578947368421,0.6666666666666666,0.6363636363636364,0.6513389472789296,0.6868686868686869,8,0.001,1e-05,0,8,resize_cube64_hu_m300_1400
4,TEST,0.56,0.5217391304347826,0.5,0.6153846153846154,0.5547001962252291,0.5641025641025641,8,0.001,1e-05,0,8,resize_cube64_hu_m300_1400
5,VALIDATION,0.75,0.7368421052631579,0.7,0.8,0.7483314773547882,0.72,8,0.001,1e-05,0,8,resize_cube64_hu_m300_1400
5,TEST,0.6,0.375,0.2727272727272727,0.8571428571428571,0.48349377841522817,0.6363636363636364,8,0.001,1e-05,0,8,resize_cube64_hu_m300_1400
MEAN,VALIDATION,0.71,0.7119617224880384,0.7844444444444443,0.650909090909091,0.7088786210739311,0.744,8,0.001,8
MEAN,TEST,0.512,0.4839783679588777,0.5045454545454545,0.50989010989011,0.47955897127056935,0.5349650349650349,8,0.001,8
1,VALIDATION,0.7,0.75,1.0,0.45454545454545453,0.674199862463242,0.7070707070707071,8,0.001,1e-05,0.3,8,resize_cube64_hu_m300_1400
1,TEST,0.68,0.75,1.0,0.38461538461538464,0.6201736729460423,0.608974358974359,8,0.001,1e-05,0.3,8,resize_cube64_hu_m300_1400
2,VALIDATION,0.55,0.6086956521739131,0.7777777777777778,0.36363636363636365,0.5318160234783105,0.5353535353535354,8,0.001,1e-05,0.3,8,resize_cube64_hu_m300_1400
2,TEST,0.52,0.45454545454545453,0.4166666666666667,0.6153846153846154,0.5063696835418333,0.6153846153846154,8,0.001,1e-05,0.3,8,resize_cube64_hu_m300_1400
3,VALIDATION,0.7,0.7272727272727273,0.8888888888888888,0.5454545454545454,0.6963106238227913,0.707070707070707,8,0.001,1e-05,0.3,8,resize_cube64_hu_m300_1400
3,TEST,0.52,0.625,0.8333333333333334,0.23076923076923078,0.4385290096535146,0.5064102564102564,8,0.001,1e-05,0.3,8,resize_cube64_hu_m300_1400
4,VALIDATION,0.6,0.5,0.4444444444444444,0.7272727272727273,0.5685352436149611,0.505050505050505,8,0.001,1e-05,0.3,8,resize_cube64_hu_m300_1400
4,TEST,0.56,0.15384615384615385,0.08333333333333333,1.0,0.28867513459481287,0.5512820512820513,8,0.001,1e-05,0.3,8,resize_cube64_hu_m300_1400
5,VALIDATION,0.65,0.72,0.9,0.4,0.6000000000000001,0.65,8,0.001,1e-05,0.3,8,resize_cube64_hu_m300_1400
5,TEST,0.64,0.7096774193548387,1.0,0.35714285714285715,0.5976143046671968,0.7142857142857143,8,0.001,1e-05,0.3,8,resize_cube64_hu_m300_1400
MEAN,VALIDATION,0.6399999999999999,0.6611936758893281,0.8022222222222222,0.49818181818181817,0.614172350675861,0.6209090909090909,8,0.001,8
MEAN,TEST,0.5840000000000001,0.5386138055492895,0.6666666666666667,0.5175824175824176,0.49027236108067995,0.5992673992673992,8,0.001,8
1,VALIDATION,0.65,0.6956521739130435,0.8888888888888888,0.45454545454545453,0.6356417261637282,0.7272727272727272,8,0.001,1e-05,0.5,8,resize_cube64_hu_m300_1400
1,TEST,0.56,0.6666666666666666,0.9166666666666666,0.23076923076923078,0.45993310550389993,0.5576923076923077,8,0.001,1e-05,0.5,8,resize_cube64_hu_m300_1400
2,VALIDATION,0.55,0.4,0.3333333333333333,0.7272727272727273,0.49236596391733095,0.6060606060606061,8,0.001,1e-05,0.5,8,resize_cube64_hu_m300_1400
2,TEST,0.44,0.3,0.25,0.6153846153846154,0.3922322702763681,0.47435897435897434,8,0.001,1e-05,0.5,8,resize_cube64_hu_m300_1400
3,VALIDATION,0.7,0.7,0.7777777777777778,0.6363636363636364,0.7035264706814485,0.7171717171717171,8,0.001,1e-05,0.5,8,resize_cube64_hu_m300_1400
3,TEST,0.52,0.6,0.75,0.3076923076923077,0.4803844614152614,0.4551282051282051,8,0.001,1e-05,0.5,8,resize_cube64_hu_m300_1400
4,VALIDATION,0.6,0.6923076923076923,1.0,0.2727272727272727,0.5222329678670935,0.7070707070707071,8,0.001,1e-05,0.5,8,resize_cube64_hu_m300_1400
4,TEST,0.52,0.625,0.8333333333333334,0.23076923076923078,0.4385290096535146,0.7243589743589743,8,0.001,1e-05,0.5,8,resize_cube64_hu_m300_1400
5,VALIDATION,0.55,0.4,0.3,0.8,0.4898979485566356,0.4600000000000001,8,0.001,1e-05,0.5,8,resize_cube64_hu_m300_1400
5,TEST,0.68,0.5,0.36363636363636365,0.9285714285714286,0.5810872031479765,0.8506493506493507,8,0.001,1e-05,0.5,8,resize_cube64_hu_m300_1400
MEAN,VALIDATION,0.61,0.5775919732441471,0.6599999999999999,0.5781818181818181,0.5687330154372473,0.6435151515151515,8,0.001,8
MEAN,TEST,0.544,0.5383333333333333,0.6227272727272728,0.46263736263736266,0.47043320999940413,0.6124375624375624,8,0.001,8
1,VALIDATION,0.7,0.6666666666666666,0.6666666666666666,0.7272727272727273,0.6963106238227914,0.7474747474747475,16,0.001,0,0,8,resize_cube64_hu_m300_1400
1,TEST,0.56,0.5217391304347826,0.5,0.6153846153846154,0.5547001962252291,0.5256410256410255,16,0.001,0,0,8,resize_cube64_hu_m300_1400
2,VALIDATION,0.65,0.631578947368421,0.6666666666666666,0.6363636363636364,0.6513389472789296,0.595959595959596,16,0.001,0,0,8,resize_cube64_hu_m300_1400
2,TEST,0.56,0.5217391304347826,0.5,0.6153846153846154,0.5547001962252291,0.6025641025641025,16,0.001,0,0,8,resize_cube64_hu_m300_1400
3,VALIDATION,0.85,0.8421052631578947,0.8888888888888888,0.8181818181818182,0.8528028654224418,0.8787878787878788,16,0.001,0,0,8,resize_cube64_hu_m300_1400
3,TEST,0.56,0.6206896551724138,0.75,0.38461538461538464,0.5370861555295747,0.6474358974358974,16,0.001,0,0,8,resize_cube64_hu_m300_1400
4,VALIDATION,0.65,0.5882352941176471,0.5555555555555556,0.7272727272727273,0.6356417261637283,0.7272727272727273,16,0.001,0,0,8,resize_cube64_hu_m300_1400
4,TEST,0.56,0.35294117647058826,0.25,0.8461538461538461,0.45993310550389993,0.75,16,0.001,0,0,8,resize_cube64_hu_m300_1400
5,VALIDATION,0.65,0.5333333333333333,0.4,0.9,0.6000000000000001,0.65,16,0.001,0,0,8,resize_cube64_hu_m300_1400
5,TEST,0.6,0.2857142857142857,0.18181818181818182,0.9285714285714286,0.4108907018066591,0.6558441558441559,16,0.001,0,0,8,resize_cube64_hu_m300_1400
MEAN,VALIDATION,0.7,0.6523839009287926,0.6355555555555555,0.7618181818181818,0.6872188325375783,0.7198989898989899,16,0.001,8
MEAN,TEST,0.5680000000000001,0.4605646756453706,0.43636363636363634,0.6780219780219781,0.5034620710581185,0.6362970362970363,16,0.001,8
1,VALIDATION,0.7,0.75,1.0,0.45454545454545453,0.674199862463242,0.6363636363636364,16,0.001,0,0.3,8,resize_cube64_hu_m300_1400
1,TEST,0.64,0.7096774193548387,0.9166666666666666,0.38461538461538464,0.5937710859953544,0.5769230769230769,16,0.001,0,0.3,8,resize_cube64_hu_m300_1400
2,VALIDATION,0.65,0.5882352941176471,0.5555555555555556,0.7272727272727273,0.6356417261637283,0.6262626262626263,16,0.001,0,0.3,8,resize_cube64_hu_m300_1400
2,TEST,0.52,0.25,0.16666666666666666,0.8461538461538461,0.3755338080994054,0.673076923076923,16,0.001,0,0.3,8,resize_cube64_hu_m300_1400
3,VALIDATION,0.75,0.7368421052631579,0.7777777777777778,0.7272727272727273,0.7521014330903549,0.7171717171717171,16,0.001,0,0.3,8,resize_cube64_hu_m300_1400
3,TEST,0.6,0.6666666666666666,0.8333333333333334,0.38461538461538464,0.5661385170722979,0.5512820512820513,16,0.001,0,0.3,8,resize_cube64_hu_m300_1400
4,VALIDATION,0.6,0.6363636363636364,0.7777777777777778,0.45454545454545453,0.5945883900105632,0.6363636363636364,16,0.001,0,0.3,8,resize_cube64_hu_m300_1400
4,TEST,0.64,0.6086956521739131,0.5833333333333334,0.6923076923076923,0.6354889093022426,0.6730769230769231,16,0.001,0,0.3,8,resize_cube64_hu_m300_1400
5,VALIDATION,0.55,0.6666666666666666,0.9,0.2,0.42426406871192857,0.59,16,0.001,0,0.3,8,resize_cube64_hu_m300_1400
5,TEST,0.76,0.7857142857142857,1.0,0.5714285714285714,0.7559289460184544,0.8701298701298701,16,0.001,0,0.3,8,resize_cube64_hu_m300_1400
MEAN,VALIDATION,0.65,0.6756215404822216,0.8022222222222222,0.5127272727272728,0.6161590960879634,0.6412323232323232,16,0.001,8
MEAN,TEST,0.632,0.6041508047819408,0.7,0.5758241758241758,0.5853722532975508,0.6688977688977689,16,0.001,8
1,VALIDATION,0.5,0.6428571428571429,1.0,0.09090909090909091,0.30151134457776363,0.6464646464646464,16,0.001,0,0.5,8,resize_cube64_hu_m300_1400
1,TEST,0.48,0.6285714285714286,0.9166666666666666,0.07692307692307693,0.2655425022718972,0.5064102564102564,16,0.001,0,0.5,8,resize_cube64_hu_m300_1400
2,VALIDATION,0.5,0.6153846153846154,0.8888888888888888,0.18181818181818182,0.40201512610368484,0.4242424242424242,16,0.001,0,0.5,8,resize_cube64_hu_m300_1400
2,TEST,0.52,0.625,0.8333333333333334,0.23076923076923078,0.4385290096535146,0.4935897435897436,16,0.001,0,0.5,8,resize_cube64_hu_m300_1400
3,VALIDATION,0.7,0.7,0.7777777777777778,0.6363636363636364,0.7035264706814485,0.7171717171717171,16,0.001,0,0.5,8,resize_cube64_hu_m300_1400
3,TEST,0.56,0.6451612903225806,0.8333333333333334,0.3076923076923077,0.5063696835418333,0.532051282051282,16,0.001,0,0.5,8,resize_cube64_hu_m300_1400
4,VALIDATION,0.5,0.5833333333333334,0.7777777777777778,0.2727272727272727,0.4605661864718383,0.46464646464646464,16,0.001,0,0.5,8,resize_cube64_hu_m300_1400
4,TEST,0.52,0.6470588235294118,0.9166666666666666,0.15384615384615385,0.3755338080994054,0.6602564102564101,16,0.001,0,0.5,8,resize_cube64_hu_m300_1400
5,VALIDATION,0.55,0.6896551724137931,1.0,0.1,0.31622776601683794,0.44,16,0.001,0,0.5,8,resize_cube64_hu_m300_1400
5,TEST,0.48,0.6285714285714286,1.0,0.07142857142857142,0.2672612419124244,0.7597402597402598,16,0.001,0,0.5,8,resize_cube64_hu_m300_1400
MEAN,VALIDATION,0.55,0.6462460527977769,0.888888888888889,0.25636363636363635,0.43676937877031463,0.5385050505050504,16,0.001,8
MEAN,TEST,0.512,0.6348725941989699,0.9,0.16813186813186815,0.3706472490958149,0.5904095904095904,16,0.001,8
1,VALIDATION,0.7,0.625,0.5555555555555556,0.8181818181818182,0.6741998624632421,0.6969696969696969,16,0.001,1e-05,0,8,resize_cube64_hu_m300_1400
1,TEST,0.56,0.5217391304347826,0.5,0.6153846153846154,0.5547001962252291,0.5256410256410257,16,0.001,1e-05,0,8,resize_cube64_hu_m300_1400
2,VALIDATION,0.65,0.631578947368421,0.6666666666666666,0.6363636363636364,0.6513389472789296,0.6464646464646464,16,0.001,1e-05,0,8,resize_cube64_hu_m300_1400
2,TEST,0.56,0.42105263157894735,0.3333333333333333,0.7692307692307693,0.5063696835418333,0.5512820512820513,16,0.001,1e-05,0,8,resize_cube64_hu_m300_1400
3,VALIDATION,0.75,0.7619047619047619,0.8888888888888888,0.6363636363636364,0.7521014330903549,0.7979797979797979,16,0.001,1e-05,0,8,resize_cube64_hu_m300_1400
3,TEST,0.44,0.5333333333333333,0.6666666666666666,0.23076923076923078,0.3922322702763681,0.4871794871794872,16,0.001,1e-05,0,8,resize_cube64_hu_m300_1400
4,VALIDATION,0.65,0.72,1.0,0.36363636363636365,0.6030226891555273,0.6666666666666667,16,0.001,1e-05,0,8,resize_cube64_hu_m300_1400
4,TEST,0.52,0.625,0.8333333333333334,0.23076923076923078,0.4385290096535146,0.7243589743589743,16,0.001,1e-05,0,8,resize_cube64_hu_m300_1400
5,VALIDATION,0.75,0.7619047619047619,0.8,0.7,0.7483314773547882,0.73,16,0.001,1e-05,0,8,resize_cube64_hu_m300_1400
5,TEST,0.76,0.75,0.8181818181818182,0.7142857142857143,0.7644707871564383,0.7857142857142857,16,0.001,1e-05,0,8,resize_cube64_hu_m300_1400
MEAN,VALIDATION,0.7,0.700077694235589,0.7822222222222223,0.6309090909090909,0.6857988818685683,0.7076161616161616,16,0.001,8
MEAN,TEST,0.568,0.5702250190694127,0.6303030303030304,0.5120879120879122,0.5312603893706768,0.6148351648351649,16,0.001,8
1,VALIDATION,0.7,0.75,1.0,0.45454545454545453,0.674199862463242,0.7474747474747474,16,0.001,1e-05,0.3,8,resize_cube64_hu_m300_1400
1,TEST,0.56,0.6666666666666666,0.9166666666666666,0.23076923076923078,0.45993310550389993,0.532051282051282,16,0.001,1e-05,0.3,8,resize_cube64_hu_m300_1400
2,VALIDATION,0.65,0.631578947368421,0.6666666666666666,0.6363636363636364,0.6513389472789296,0.606060606060606,16,0.001,1e-05,0.3,8,resize_cube64_hu_m300_1400
2,TEST,0.52,0.25,0.16666666666666666,0.8461538461538461,0.3755338080994054,0.6153846153846154,16,0.001,1e-05,0.3,8,resize_cube64_hu_m300_1400
3,VALIDATION,0.7,0.7,0.7777777777777778,0.6363636363636364,0.7035264706814485,0.7878787878787878,16,0.001,1e-05,0.3,8,resize_cube64_hu_m300_1400
3,TEST,0.48,0.5517241379310345,0.6666666666666666,0.3076923076923077,0.4529108136578383,0.4871794871794871,16,0.001,1e-05,0.3,8,resize_cube64_hu_m300_1400
4,VALIDATION,0.55,0.6086956521739131,0.7777777777777778,0.36363636363636365,0.5318160234783105,0.6565656565656566,16,0.001,1e-05,0.3,8,resize_cube64_hu_m300_1400
4,TEST,0.68,0.7142857142857143,0.8333333333333334,0.5384615384615384,0.6698641270570836,0.7435897435897436,16,0.001,1e-05,0.3,8,resize_cube64_hu_m300_1400
5,VALIDATION,0.75,0.782608695652174,0.9,0.6,0.7348469228349535,0.74,16,0.001,1e-05,0.3,8,resize_cube64_hu_m300_1400
5,TEST,0.68,0.6923076923076923,0.8181818181818182,0.5714285714285714,0.6837634587578277,0.7142857142857143,16,0.001,1e-05,0.3,8,resize_cube64_hu_m300_1400
MEAN,VALIDATION,0.6699999999999999,0.6945766590389015,0.8244444444444443,0.5381818181818182,0.6591456453473767,0.7075959595959596,16,0.001,8
MEAN,TEST,0.5840000000000001,0.5749968422382216,0.6803030303030304,0.4989010989010989,0.528401062615211,0.6184981684981685,16,0.001,8
1,VALIDATION,0.7,0.75,1.0,0.45454545454545453,0.674199862463242,0.7171717171717171,16,0.001,1e-05,0.5,8,resize_cube64_hu_m300_1400
1,TEST,0.56,0.6666666666666666,0.9166666666666666,0.23076923076923078,0.45993310550389993,0.576923076923077,16,0.001,1e-05,0.5,8,resize_cube64_hu_m300_1400
2,VALIDATION,0.5,0.6153846153846154,0.8888888888888888,0.18181818181818182,0.40201512610368484,0.48484848484848486,16,0.001,1e-05,0.5,8,resize_cube64_hu_m300_1400
2,TEST,0.6,0.6875,0.9166666666666666,0.3076923076923077,0.5310850045437944,0.5192307692307692,16,0.001,1e-05,0.5,8,resize_cube64_hu_m300_1400
3,VALIDATION,0.7,0.6666666666666666,0.6666666666666666,0.7272727272727273,0.6963106238227914,0.7474747474747474,16,0.001,1e-05,0.5,8,resize_cube64_hu_m300_1400
3,TEST,0.44,0.5,0.5833333333333334,0.3076923076923077,0.42365927286816174,0.4230769230769231,16,0.001,1e-05,0.5,8,resize_cube64_hu_m300_1400
4,VALIDATION,0.5,0.5833333333333334,0.7777777777777778,0.2727272727272727,0.4605661864718383,0.43434343434343436,16,0.001,1e-05,0.5,8,resize_cube64_hu_m300_1400
4,TEST,0.68,0.6666666666666666,0.6666666666666666,0.6923076923076923,0.6793662204867574,0.6153846153846154,16,0.001,1e-05,0.5,8,resize_cube64_hu_m300_1400
5,VALIDATION,0.45,0.42105263157894735,0.4,0.5,0.4472135954999579,0.56,16,0.001,1e-05,0.5,8,resize_cube64_hu_m300_1400
5,TEST,0.64,0.6086956521739131,0.6363636363636364,0.6428571428571429,0.6396021490668313,0.7857142857142857,16,0.001,1e-05,0.5,8,resize_cube64_hu_m300_1400
MEAN,VALIDATION,0.5700000000000001,0.6072874493927125,0.7466666666666666,0.42727272727272736,0.5360610788723028,0.5887676767676767,16,0.001,8
MEAN,TEST,0.5840000000000001,0.6259057971014492,0.7439393939393939,0.4362637362637363,0.5467291504938889,0.5840659340659341,16,0.001,8
1,VALIDATION,0.6,0.42857142857142855,0.3333333333333333,0.8181818181818182,0.5222329678670935,0.606060606060606,32,0.001,0,0,8,resize_cube64_hu_m300_1400
1,TEST,0.48,0.38095238095238093,0.3333333333333333,0.6153846153846154,0.4529108136578383,0.4935897435897436,32,0.001,0,0,8,resize_cube64_hu_m300_1400
2,VALIDATION,0.75,0.7619047619047619,0.8888888888888888,0.6363636363636364,0.7521014330903549,0.7474747474747474,32,0.001,0,0,8,resize_cube64_hu_m300_1400
2,TEST,0.48,0.5185185185185185,0.5833333333333334,0.38461538461538464,0.47366546671567095,0.4679487179487179,32,0.001,0,0,8,resize_cube64_hu_m300_1400
3,VALIDATION,0.8,0.75,0.6666666666666666,0.9090909090909091,0.7784989441615229,0.7676767676767676,32,0.001,0,0,8,resize_cube64_hu_m300_1400
3,TEST,0.52,0.4,0.3333333333333333,0.6923076923076923,0.48038446141526137,0.5192307692307693,32,0.001,0,0,8,resize_cube64_hu_m300_1400
4,VALIDATION,0.7,0.7,0.7777777777777778,0.6363636363636364,0.7035264706814485,0.7070707070707071,32,0.001,0,0,8,resize_cube64_hu_m300_1400
4,TEST,0.6,0.6153846153846154,0.6666666666666666,0.5384615384615384,0.599144689515278,0.6987179487179488,32,0.001,0,0,8,resize_cube64_hu_m300_1400
5,VALIDATION,0.7,0.625,0.5,0.9,0.6708203932499369,0.77,32,0.001,0,0,8,resize_cube64_hu_m300_1400
5,TEST,0.68,0.5555555555555556,0.45454545454545453,0.8571428571428571,0.6241877839323592,0.6428571428571428,32,0.001,0,0,8,resize_cube64_hu_m300_1400
MEAN,VALIDATION,0.7100000000000002,0.6530952380952381,0.6333333333333333,0.78,0.6854360418100713,0.7196565656565657,32,0.001,8
MEAN,TEST,0.552,0.49408221408221403,0.47424242424242424,0.6175824175824176,0.5260586430472816,0.5644688644688645,32,0.001,8
1,VALIDATION,0.7,0.6666666666666666,0.6666666666666666,0.7272727272727273,0.6963106238227914,0.7373737373737373,32,0.001,0,0.3,8,resize_cube64_hu_m300_1400
1,TEST,0.48,0.38095238095238093,0.3333333333333333,0.6153846153846154,0.4529108136578383,0.5961538461538461,32,0.001,0,0.3,8,resize_cube64_hu_m300_1400
2,VALIDATION,0.55,0.0,0.0,1.0,0.0,0.4242424242424242,32,0.001,0,0.3,8,resize_cube64_hu_m300_1400
2,TEST,0.52,0.0,0.0,1.0,0.0,0.5320512820512819,32,0.001,0,0.3,8,resize_cube64_hu_m300_1400
3,VALIDATION,0.8,0.8,0.8888888888888888,0.7272727272727273,0.8040302522073697,0.8484848484848485,32,0.001,0,0.3,8,resize_cube64_hu_m300_1400
3,TEST,0.48,0.5806451612903226,0.75,0.23076923076923078,0.41602514716892186,0.5128205128205128,32,0.001,0,0.3,8,resize_cube64_hu_m300_1400
4,VALIDATION,0.55,0.6086956521739131,0.7777777777777778,0.36363636363636365,0.5318160234783105,0.6161616161616161,32,0.001,0,0.3,8,resize_cube64_hu_m300_1400
4,TEST,0.6,0.6666666666666666,0.8333333333333334,0.38461538461538464,0.5661385170722979,0.717948717948718,32,0.001,0,0.3,8,resize_cube64_hu_m300_1400
5,VALIDATION,0.6,0.7142857142857143,1.0,0.2,0.4472135954999579,0.56,32,0.001,0,0.3,8,resize_cube64_hu_m300_1400
5,TEST,0.52,0.6470588235294118,1.0,0.14285714285714285,0.3779644730092272,0.8051948051948052,32,0.001,0,0.3,8,resize_cube64_hu_m300_1400
MEAN,VALIDATION,0.6399999999999999,0.5579296066252588,0.6666666666666666,0.6036363636363637,0.49587409900168594,0.6372525252525253,32,0.001,8
MEAN,TEST,0.52,0.45506460648775643,0.5833333333333333,0.4747252747252747,0.362607790181657,0.6328338328338329,32,0.001,8
1,VALIDATION,0.55,0.0,0.0,1.0,0.0,0.6161616161616161,32,0.001,0,0.5,8,resize_cube64_hu_m300_1400
1,TEST,0.52,0.0,0.0,1.0,0.0,0.75,32,0.001,0,0.5,8,resize_cube64_hu_m300_1400
2,VALIDATION,0.45,0.6206896551724138,1.0,0.0,0.0,0.4242424242424242,32,0.001,0,0.5,8,resize_cube64_hu_m300_1400
2,TEST,0.48,0.6486486486486487,1.0,0.0,0.0,0.5897435897435896,32,0.001,0,0.5,8,resize_cube64_hu_m300_1400
3,VALIDATION,0.6,0.3333333333333333,0.2222222222222222,0.9090909090909091,0.4494665749754947,0.6262626262626262,32,0.001,0,0.5,8,resize_cube64_hu_m300_1400
3,TEST,0.52,0.45454545454545453,0.4166666666666667,0.6153846153846154,0.5063696835418333,0.5384615384615384,32,0.001,0,0.5,8,resize_cube64_hu_m300_1400
4,VALIDATION,0.5,0.5833333333333334,0.7777777777777778,0.2727272727272727,0.4605661864718383,0.5353535353535354,32,0.001,0,0.5,8,resize_cube64_hu_m300_1400
4,TEST,0.56,0.6451612903225806,0.8333333333333334,0.3076923076923077,0.5063696835418333,0.6858974358974358,32,0.001,0,0.5,8,resize_cube64_hu_m300_1400
5,VALIDATION,0.45,0.6206896551724138,0.9,0.0,0.0,0.38,32,0.001,0,0.5,8,resize_cube64_hu_m300_1400
5,TEST,0.56,0.6666666666666666,1.0,0.21428571428571427,0.4629100498862757,0.8246753246753247,32,0.001,0,0.5,8,resize_cube64_hu_m300_1400
MEAN,VALIDATION,0.51,0.43160919540229886,0.58,0.43636363636363634,0.18200655228946658,0.5164040404040404,32,0.001,8
MEAN,TEST,0.528,0.48300441203667005,0.65,0.42747252747252745,0.2951298833939885,0.6777555777555777,32,0.001,8
1,VALIDATION,0.6,0.6,0.6666666666666666,0.5454545454545454,0.6030226891555273,0.5656565656565655,32,0.001,1e-05,0,8,resize_cube64_hu_m300_1400
1,TEST,0.52,0.45454545454545453,0.4166666666666667,0.6153846153846154,0.5063696835418333,0.608974358974359,32,0.001,1e-05,0,8,resize_cube64_hu_m300_1400
2,VALIDATION,0.6,0.42857142857142855,0.3333333333333333,0.8181818181818182,0.5222329678670935,0.6060606060606061,32,0.001,1e-05,0,8,resize_cube64_hu_m300_1400
2,TEST,0.48,0.13333333333333333,0.08333333333333333,0.8461538461538461,0.2655425022718972,0.41666666666666663,32,0.001,1e-05,0,8,resize_cube64_hu_m300_1400
3,VALIDATION,0.65,0.6666666666666666,0.7777777777777778,0.5454545454545454,0.6513389472789296,0.7070707070707071,32,0.001,1e-05,0,8,resize_cube64_hu_m300_1400
3,TEST,0.52,0.625,0.8333333333333334,0.23076923076923078,0.4385290096535146,0.5192307692307692,32,0.001,1e-05,0,8,resize_cube64_hu_m300_1400
4,VALIDATION,0.6,0.5555555555555556,0.5555555555555556,0.6363636363636364,0.5945883900105632,0.5959595959595959,32,0.001,1e-05,0,8,resize_cube64_hu_m300_1400
4,TEST,0.76,0.6666666666666666,0.5,1.0,0.7071067811865476,0.8205128205128205,32,0.001,1e-05,0,8,resize_cube64_hu_m300_1400
5,VALIDATION,0.6,0.5,0.4,0.8,0.5656854249492381,0.65,32,0.001,1e-05,0,8,resize_cube64_hu_m300_1400
5,TEST,0.6,0.4444444444444444,0.36363636363636365,0.7857142857142857,0.5345224838248488,0.44155844155844154,32,0.001,1e-05,0,8,resize_cube64_hu_m300_1400
MEAN,VALIDATION,0.6100000000000001,0.5501587301587302,0.5466666666666666,0.6690909090909092,0.5873736838522704,0.6249494949494949,32,0.001,8
MEAN,TEST,0.5760000000000001,0.4647979797979797,0.43939393939393945,0.6956043956043956,0.4904140920957284,0.5613886113886113,32,0.001,8
1,VALIDATION,0.7,0.7272727272727273,0.8888888888888888,0.5454545454545454,0.6963106238227913,0.7272727272727273,32,0.001,1e-05,0.3,8,resize_cube64_hu_m300_1400
1,TEST,0.44,0.4166666666666667,0.4166666666666667,0.46153846153846156,0.4385290096535146,0.5769230769230769,32,0.001,1e-05,0.3,8,resize_cube64_hu_m300_1400
2,VALIDATION,0.55,0.6666666666666666,1.0,0.18181818181818182,0.4264014327112209,0.48484848484848486,32,0.001,1e-05,0.3,8,resize_cube64_hu_m300_1400
2,TEST,0.56,0.6666666666666666,0.9166666666666666,0.23076923076923078,0.45993310550389993,0.4358974358974359,32,0.001,1e-05,0.3,8,resize_cube64_hu_m300_1400
3,VALIDATION,0.55,0.64,0.8888888888888888,0.2727272727272727,0.4923659639173309,0.6767676767676767,32,0.001,1e-05,0.3,8,resize_cube64_hu_m300_1400
3,TEST,0.52,0.6470588235294118,0.9166666666666666,0.15384615384615385,0.3755338080994054,0.5256410256410255,32,0.001,1e-05,0.3,8,resize_cube64_hu_m300_1400
4,VALIDATION,0.55,0.5263157894736842,0.5555555555555556,0.5454545454545454,0.5504818825631803,0.4343434343434343,32,0.001,1e-05,0.3,8,resize_cube64_hu_m300_1400
4,TEST,0.6,0.4444444444444444,0.3333333333333333,0.8461538461538461,0.5310850045437944,0.6153846153846153,32,0.001,1e-05,0.3,8,resize_cube64_hu_m300_1400
5,VALIDATION,0.55,0.6666666666666666,0.9,0.2,0.42426406871192857,0.73,32,0.001,1e-05,0.3,8,resize_cube64_hu_m300_1400
5,TEST,0.76,0.7857142857142857,1.0,0.5714285714285714,0.7559289460184544,0.8571428571428571,32,0.001,1e-05,0.3,8,resize_cube64_hu_m300_1400
MEAN,VALIDATION,0.5800000000000001,0.645384370015949,0.8466666666666667,0.34909090909090906,0.5179647943452903,0.6106464646464647,32,0.001,8
MEAN,TEST,0.576,0.5921101774042951,0.7166666666666667,0.45274725274725275,0.5122019747638138,0.6021978021978022,32,0.001,8
1,VALIDATION,0.7,0.75,1.0,0.45454545454545453,0.674199862463242,0.6868686868686869,32,0.001,1e-05,0.5,8,resize_cube64_hu_m300_1400
1,TEST,0.6,0.6875,0.9166666666666666,0.3076923076923077,0.5310850045437944,0.5897435897435896,32,0.001,1e-05,0.5,8,resize_cube64_hu_m300_1400
2,VALIDATION,0.5,0.5833333333333334,0.7777777777777778,0.2727272727272727,0.4605661864718383,0.40404040404040403,32,0.001,1e-05,0.5,8,resize_cube64_hu_m300_1400
2,TEST,0.48,0.5806451612903226,0.75,0.23076923076923078,0.41602514716892186,0.46153846153846156,32,0.001,1e-05,0.5,8,resize_cube64_hu_m300_1400
3,VALIDATION,0.55,0.5263157894736842,0.5555555555555556,0.5454545454545454,0.5504818825631803,0.5555555555555556,32,0.001,1e-05,0.5,8,resize_cube64_hu_m300_1400
3,TEST,0.6,0.6666666666666666,0.8333333333333334,0.38461538461538464,0.5661385170722979,0.5705128205128205,32,0.001,1e-05,0.5,8,resize_cube64_hu_m300_1400
4,VALIDATION,0.5,0.5454545454545454,0.6666666666666666,0.36363636363636365,0.49236596391733095,0.5151515151515151,32,0.001,1e-05,0.5,8,resize_cube64_hu_m300_1400
4,TEST,0.6,0.4444444444444444,0.3333333333333333,0.8461538461538461,0.5310850045437944,0.7051282051282053,32,0.001,1e-05,0.5,8,resize_cube64_hu_m300_1400
5,VALIDATION,0.5,0.6666666666666666,1.0,0.0,0.0,0.48,32,0.001,1e-05,0.5,8,resize_cube64_hu_m300_1400
5,TEST,0.44,0.6111111111111112,1.0,0.0,0.0,0.7922077922077921,32,0.001,1e-05,0.5,8,resize_cube64_hu_m300_1400
MEAN,VALIDATION,0.55,0.6143540669856459,0.7999999999999999,0.32727272727272727,0.4355227790831183,0.5283232323232323,32,0.001,8
MEAN,TEST,0.544,0.598073476702509,0.7666666666666667,0.3538461538461538,0.40886673466576173,0.6238261738261738,32,0.001,8
1,VALIDATION,0.6,0.6,0.6666666666666666,0.5454545454545454,0.6030226891555273,0.5454545454545454,4,0.001,0,0,8,resize_cube128_hu_m600_1500
1,TEST,0.48,0.38095238095238093,0.3333333333333333,0.6153846153846154,0.4529108136578383,0.3846153846153846,4,0.001,0,0,8,resize_cube128_hu_m600_1500
2,VALIDATION,0.5,0.5833333333333334,0.7777777777777778,0.2727272727272727,0.4605661864718383,0.45454545454545453,4,0.001,0,0,8,resize_cube128_hu_m600_1500
2,TEST,0.56,0.5925925925925926,0.6666666666666666,0.46153846153846156,0.5547001962252291,0.4871794871794872,4,0.001,0,0,8,resize_cube128_hu_m600_1500
3,VALIDATION,0.75,0.7058823529411765,0.6666666666666666,0.8181818181818182,0.7385489458759964,0.6969696969696969,4,0.001,0,0,8,resize_cube128_hu_m600_1500
3,TEST,0.44,0.4166666666666667,0.4166666666666667,0.46153846153846156,0.4385290096535146,0.4615384615384615,4,0.001,0,0,8,resize_cube128_hu_m600_1500
4,VALIDATION,0.6,0.6,0.6666666666666666,0.5454545454545454,0.6030226891555273,0.5858585858585859,4,0.001,0,0,8,resize_cube128_hu_m600_1500
4,TEST,0.6,0.6666666666666666,0.8333333333333334,0.38461538461538464,0.5661385170722979,0.6025641025641025,4,0.001,0,0,8,resize_cube128_hu_m600_1500
5,VALIDATION,0.6,0.6363636363636364,0.7,0.5,0.5916079783099616,0.51,4,0.001,0,0,8,resize_cube128_hu_m600_1500
5,TEST,0.44,0.4166666666666667,0.45454545454545453,0.42857142857142855,0.44136741475237473,0.4415584415584416,4,0.001,0,0,8,resize_cube128_hu_m600_1500
MEAN,VALIDATION,0.6100000000000001,0.6251158645276292,0.6955555555555556,0.5363636363636364,0.5993536977937701,0.5585656565656565,4,0.001,8
MEAN,TEST,0.504,0.4947089947089947,0.5409090909090909,0.4703296703296703,0.490729190272251,0.4754911754911754,4,0.001,8
1,VALIDATION,0.65,0.6666666666666666,0.7777777777777778,0.5454545454545454,0.6513389472789296,0.6565656565656566,4,0.001,0,0.3,8,resize_cube128_hu_m600_1500
1,TEST,0.64,0.6666666666666666,0.75,0.5384615384615384,0.6354889093022426,0.5833333333333333,4,0.001,0,0.3,8,resize_cube128_hu_m600_1500
2,VALIDATION,0.6,0.6666666666666666,0.8888888888888888,0.36363636363636365,0.5685352436149611,0.46464646464646464,4,0.001,0,0.3,8,resize_cube128_hu_m600_1500
2,TEST,0.4,0.4827586206896552,0.5833333333333334,0.23076923076923078,0.36689969285267143,0.42948717948717946,4,0.001,0,0.3,8,resize_cube128_hu_m600_1500
3,VALIDATION,0.65,0.5882352941176471,0.5555555555555556,0.7272727272727273,0.6356417261637283,0.6363636363636364,4,0.001,0,0.3,8,resize_cube128_hu_m600_1500
3,TEST,0.6,0.6666666666666666,0.8333333333333334,0.38461538461538464,0.5661385170722979,0.6025641025641026,4,0.001,0,0.3,8,resize_cube128_hu_m600_1500
4,VALIDATION,0.55,0.6086956521739131,0.7777777777777778,0.36363636363636365,0.5318160234783105,0.5454545454545454,4,0.001,0,0.3,8,resize_cube128_hu_m600_1500
4,TEST,0.52,0.625,0.8333333333333334,0.23076923076923078,0.4385290096535146,0.6346153846153846,4,0.001,0,0.3,8,resize_cube128_hu_m600_1500
5,VALIDATION,0.55,0.5714285714285714,0.6,0.5,0.5477225575051661,0.56,4,0.001,0,0.3,8,resize_cube128_hu_m600_1500
5,TEST,0.8,0.782608695652174,0.8181818181818182,0.7857142857142857,0.8017837257372732,0.8311688311688312,4,0.001,0,0.3,8,resize_cube128_hu_m600_1500
MEAN,VALIDATION,0.6,0.6203385702106929,0.72,0.5,0.5870108996082191,0.5726060606060606,4,0.001,8
MEAN,TEST,0.592,0.6447401299350324,0.7636363636363638,0.434065934065934,0.5617679709236,0.6162337662337662,4,0.001,8
1,VALIDATION,0.65,0.6666666666666666,0.7777777777777778,0.5454545454545454,0.6513389472789296,0.6161616161616161,4,0.001,0,0.5,8,resize_cube128_hu_m600_1500
1,TEST,0.56,0.6206896551724138,0.75,0.38461538461538464,0.5370861555295747,0.5705128205128205,4,0.001,0,0.5,8,resize_cube128_hu_m600_1500
2,VALIDATION,0.55,0.6086956521739131,0.7777777777777778,0.36363636363636365,0.5318160234783105,0.4747474747474747,4,0.001,0,0.5,8,resize_cube128_hu_m600_1500
2,TEST,0.48,0.5185185185185185,0.5833333333333334,0.38461538461538464,0.47366546671567095,0.4487179487179487,4,0.001,0,0.5,8,resize_cube128_hu_m600_1500
3,VALIDATION,0.75,0.7619047619047619,0.8888888888888888,0.6363636363636364,0.7521014330903549,0.6969696969696969,4,0.001,0,0.5,8,resize_cube128_hu_m600_1500
3,TEST,0.52,0.625,0.8333333333333334,0.23076923076923078,0.4385290096535146,0.4935897435897436,4,0.001,0,0.5,8,resize_cube128_hu_m600_1500
4,VALIDATION,0.6,0.5555555555555556,0.5555555555555556,0.6363636363636364,0.5945883900105632,0.5151515151515151,4,0.001,0,0.5,8,resize_cube128_hu_m600_1500
4,TEST,0.52,0.25,0.16666666666666666,0.8461538461538461,0.3755338080994054,0.6538461538461537,4,0.001,0,0.5,8,resize_cube128_hu_m600_1500
5,VALIDATION,0.65,0.6956521739130435,0.8,0.5,0.6324555320336759,0.53,4,0.001,0,0.5,8,resize_cube128_hu_m600_1500
5,TEST,0.72,0.72,0.8181818181818182,0.6428571428571429,0.7252406676228423,0.7012987012987013,4,0.001,0,0.5,8,resize_cube128_hu_m600_1500
MEAN,VALIDATION,0.64,0.6576949620427881,0.76,0.5363636363636364,0.6324600651783668,0.5666060606060606,4,0.001,8
MEAN,TEST,0.5599999999999999,0.5468416347381865,0.6303030303030304,0.4978021978021978,0.5100110215242016,0.5735930735930735,4,0.001,8
1,VALIDATION,0.55,0.64,0.8888888888888888,0.2727272727272727,0.4923659639173309,0.6666666666666667,4,0.001,1e-05,0,8,resize_cube128_hu_m600_1500
1,TEST,0.44,0.5,0.5833333333333334,0.3076923076923077,0.42365927286816174,0.45512820512820507,4,0.001,1e-05,0,8,resize_cube128_hu_m600_1500
2,VALIDATION,0.6,0.5,0.4444444444444444,0.7272727272727273,0.5685352436149611,0.5555555555555556,4,0.001,1e-05,0,8,resize_cube128_hu_m600_1500
2,TEST,0.44,0.3,0.25,0.6153846153846154,0.3922322702763681,0.6153846153846154,4,0.001,1e-05,0,8,resize_cube128_hu_m600_1500
3,VALIDATION,0.75,0.6666666666666666,0.5555555555555556,0.9090909090909091,0.7106690545187014,0.7373737373737373,4,0.001,1e-05,0,8,resize_cube128_hu_m600_1500
3,TEST,0.44,0.2222222222222222,0.16666666666666666,0.6923076923076923,0.3396831102433787,0.3782051282051282,4,0.001,1e-05,0,8,resize_cube128_hu_m600_1500
4,VALIDATION,0.65,0.5882352941176471,0.5555555555555556,0.7272727272727273,0.6356417261637283,0.5757575757575757,4,0.001,1e-05,0,8,resize_cube128_hu_m600_1500
4,TEST,0.6,0.5454545454545454,0.5,0.6923076923076923,0.5883484054145521,0.6282051282051282,4,0.001,1e-05,0,8,resize_cube128_hu_m600_1500
5,VALIDATION,0.65,0.6666666666666666,0.7,0.6,0.648074069840786,0.6799999999999999,4,0.001,1e-05,0,8,resize_cube128_hu_m600_1500
5,TEST,0.84,0.8181818181818182,0.8181818181818182,0.8571428571428571,0.8374357893586238,0.8376623376623376,4,0.001,1e-05,0,8,resize_cube128_hu_m600_1500
MEAN,VALIDATION,0.6399999999999999,0.612313725490196,0.6288888888888889,0.6472727272727273,0.6110572116111015,0.643070707070707,4,0.001,8
MEAN,TEST,0.5519999999999999,0.4771717171717172,0.4636363636363637,0.6329670329670329,0.516271769632217,0.5829170829170829,4,0.001,8
1,VALIDATION,0.65,0.6666666666666666,0.7777777777777778,0.5454545454545454,0.6513389472789296,0.5656565656565656,4,0.001,1e-05,0.3,8,resize_cube128_hu_m600_1500
1,TEST,0.56,0.6206896551724138,0.75,0.38461538461538464,0.5370861555295747,0.5961538461538461,4,0.001,1e-05,0.3,8,resize_cube128_hu_m600_1500
2,VALIDATION,0.5,0.5454545454545454,0.6666666666666666,0.36363636363636365,0.49236596391733095,0.45454545454545453,4,0.001,1e-05,0.3,8,resize_cube128_hu_m600_1500
2,TEST,0.48,0.5185185185185185,0.5833333333333334,0.38461538461538464,0.47366546671567095,0.4358974358974359,4,0.001,1e-05,0.3,8,resize_cube128_hu_m600_1500
3,VALIDATION,0.7,0.7272727272727273,0.8888888888888888,0.5454545454545454,0.6963106238227913,0.6262626262626262,4,0.001,1e-05,0.3,8,resize_cube128_hu_m600_1500
3,TEST,0.56,0.6666666666666666,0.9166666666666666,0.23076923076923078,0.45993310550389993,0.532051282051282,4,0.001,1e-05,0.3,8,resize_cube128_hu_m600_1500
4,VALIDATION,0.55,0.6086956521739131,0.7777777777777778,0.36363636363636365,0.5318160234783105,0.494949494949495,4,0.001,1e-05,0.3,8,resize_cube128_hu_m600_1500
4,TEST,0.72,0.6666666666666666,0.5833333333333334,0.8461538461538461,0.7025594235292439,0.6794871794871794,4,0.001,1e-05,0.3,8,resize_cube128_hu_m600_1500
5,VALIDATION,0.6,0.6666666666666666,0.8,0.4,0.5656854249492381,0.53,4,0.001,1e-05,0.3,8,resize_cube128_hu_m600_1500
5,TEST,0.72,0.72,0.8181818181818182,0.6428571428571429,0.7252406676228423,0.7597402597402597,4,0.001,1e-05,0.3,8,resize_cube128_hu_m600_1500
MEAN,VALIDATION,0.6,0.6429512516469038,0.7822222222222222,0.44363636363636366,0.5875033966893202,0.5342828282828282,4,0.001,8
MEAN,TEST,0.608,0.6385083014048532,0.7303030303030303,0.4978021978021978,0.5796969637802464,0.6006660006660006,4,0.001,8
1,VALIDATION,0.65,0.6666666666666666,0.7777777777777778,0.5454545454545454,0.6513389472789296,0.6464646464646464,4,0.001,1e-05,0.5,8,resize_cube128_hu_m600_1500
1,TEST,0.6,0.6428571428571429,0.75,0.46153846153846156,0.5883484054145521,0.5705128205128205,4,0.001,1e-05,0.5,8,resize_cube128_hu_m600_1500
2,VALIDATION,0.55,0.6086956521739131,0.7777777777777778,0.36363636363636365,0.5318160234783105,0.4444444444444444,4,0.001,1e-05,0.5,8,resize_cube128_hu_m600_1500
2,TEST,0.48,0.5185185185185185,0.5833333333333334,0.38461538461538464,0.47366546671567095,0.4230769230769231,4,0.001,1e-05,0.5,8,resize_cube128_hu_m600_1500
3,VALIDATION,0.65,0.6956521739130435,0.8888888888888888,0.45454545454545453,0.6356417261637282,0.6464646464646464,4,0.001,1e-05,0.5,8,resize_cube128_hu_m600_1500
3,TEST,0.56,0.6451612903225806,0.8333333333333334,0.3076923076923077,0.5063696835418333,0.5384615384615384,4,0.001,1e-05,0.5,8,resize_cube128_hu_m600_1500
4,VALIDATION,0.55,0.5263157894736842,0.5555555555555556,0.5454545454545454,0.5504818825631803,0.5050505050505051,4,0.001,1e-05,0.5,8,resize_cube128_hu_m600_1500
4,TEST,0.52,0.25,0.16666666666666666,0.8461538461538461,0.3755338080994054,0.6538461538461537,4,0.001,1e-05,0.5,8,resize_cube128_hu_m600_1500
5,VALIDATION,0.6,0.42857142857142855,0.3,0.9,0.5196152422706632,0.47,4,0.001,1e-05,0.5,8,resize_cube128_hu_m600_1500
5,TEST,0.6,0.2857142857142857,0.18181818181818182,0.9285714285714286,0.4108907018066591,0.7532467532467533,4,0.001,1e-05,0.5,8,resize_cube128_hu_m600_1500
MEAN,VALIDATION,0.6000000000000001,0.5851803421597471,0.6599999999999999,0.5618181818181818,0.5777787643509622,0.5424848484848483,4,0.001,8
MEAN,TEST,0.552,0.4684502474825055,0.503030303030303,0.5857142857142857,0.4709616131156242,0.5878288378288378,4,0.001,8
1,VALIDATION,0.55,0.5714285714285714,0.6666666666666666,0.45454545454545453,0.5504818825631803,0.4545454545454546,8,0.001,0,0,8,resize_cube128_hu_m600_1500
1,TEST,0.56,0.5217391304347826,0.5,0.6153846153846154,0.5547001962252291,0.532051282051282,8,0.001,0,0,8,resize_cube128_hu_m600_1500
2,VALIDATION,0.6,0.3333333333333333,0.2222222222222222,0.9090909090909091,0.4494665749754947,0.5858585858585859,8,0.001,0,0,8,resize_cube128_hu_m600_1500
2,TEST,0.56,0.15384615384615385,0.08333333333333333,1.0,0.28867513459481287,0.5512820512820513,8,0.001,0,0,8,resize_cube128_hu_m600_1500
3,VALIDATION,0.75,0.7368421052631579,0.7777777777777778,0.7272727272727273,0.7521014330903549,0.7373737373737372,8,0.001,0,0,8,resize_cube128_hu_m600_1500
3,TEST,0.44,0.3,0.25,0.6153846153846154,0.3922322702763681,0.4230769230769231,8,0.001,0,0,8,resize_cube128_hu_m600_1500
4,VALIDATION,0.6,0.6,0.6666666666666666,0.5454545454545454,0.6030226891555273,0.5858585858585859,8,0.001,0,0,8,resize_cube128_hu_m600_1500
4,TEST,0.6,0.6428571428571429,0.75,0.46153846153846156,0.5883484054145521,0.6410256410256411,8,0.001,0,0,8,resize_cube128_hu_m600_1500
5,VALIDATION,0.65,0.6956521739130435,0.8,0.5,0.6324555320336759,0.66,8,0.001,0,0,8,resize_cube128_hu_m600_1500
5,TEST,0.6,0.6666666666666666,0.9090909090909091,0.35714285714285715,0.5698028822981898,0.6363636363636364,8,0.001,0,0,8,resize_cube128_hu_m600_1500
MEAN,VALIDATION,0.63,0.5874512367876212,0.6266666666666666,0.6272727272727272,0.5975056223636466,0.6047272727272727,8,0.001,8
MEAN,TEST,0.552,0.4570218187609492,0.49848484848484853,0.6098901098901099,0.4787517777618304,0.5567599067599068,8,0.001,8
1,VALIDATION,0.65,0.6666666666666666,0.7777777777777778,0.5454545454545454,0.6513389472789296,0.5555555555555556,8,0.001,0,0.3,8,resize_cube128_hu_m600_1500
1,TEST,0.6,0.6428571428571429,0.75,0.46153846153846156,0.5883484054145521,0.6666666666666666,8,0.001,0,0.3,8,resize_cube128_hu_m600_1500
2,VALIDATION,0.6,0.6666666666666666,0.8888888888888888,0.36363636363636365,0.5685352436149611,0.45454545454545453,8,0.001,0,0.3,8,resize_cube128_hu_m600_1500
2,TEST,0.4,0.4827586206896552,0.5833333333333334,0.23076923076923078,0.36689969285267143,0.4358974358974359,8,0.001,0,0.3,8,resize_cube128_hu_m600_1500
3,VALIDATION,0.55,0.47058823529411764,0.4444444444444444,0.6363636363636364,0.5318160234783105,0.606060606060606,8,0.001,0,0.3,8,resize_cube128_hu_m600_1500
3,TEST,0.6,0.6666666666666666,0.8333333333333334,0.38461538461538464,0.5661385170722979,0.5256410256410257,8,0.001,0,0.3,8,resize_cube128_hu_m600_1500
4,VALIDATION,0.55,0.6086956521739131,0.7777777777777778,0.36363636363636365,0.5318160234783105,0.5656565656565656,8,0.001,0,0.3,8,resize_cube128_hu_m600_1500
4,TEST,0.44,0.36363636363636365,0.3333333333333333,0.5384615384615384,0.4236592728681617,0.5064102564102564,8,0.001,0,0.3,8,resize_cube128_hu_m600_1500
5,VALIDATION,0.6,0.6363636363636364,0.7,0.5,0.5916079783099616,0.51,8,0.001,0,0.3,8,resize_cube128_hu_m600_1500
5,TEST,0.68,0.6923076923076923,0.8181818181818182,0.5714285714285714,0.6837634587578277,0.7012987012987013,8,0.001,0,0.3,8,resize_cube128_hu_m600_1500
MEAN,VALIDATION,0.5900000000000001,0.609796171433,0.7177777777777777,0.4818181818181818,0.5750228432320947,0.5383636363636363,8,0.001,8
MEAN,TEST,0.544,0.5696452972315041,0.6636363636363638,0.4373626373626374,0.5257618693931022,0.5671828171828172,8,0.001,8
1,VALIDATION,0.5,0.6428571428571429,1.0,0.09090909090909091,0.30151134457776363,0.696969696969697,8,0.001,0,0.5,8,resize_cube128_hu_m600_1500
1,TEST,0.48,0.6285714285714286,0.9166666666666666,0.07692307692307693,0.2655425022718972,0.6025641025641026,8,0.001,0,0.5,8,resize_cube128_hu_m600_1500
2,VALIDATION,0.55,0.6086956521739131,0.7777777777777778,0.36363636363636365,0.5318160234783105,0.4646464646464646,8,0.001,0,0.5,8,resize_cube128_hu_m600_1500
2,TEST,0.48,0.5185185185185185,0.5833333333333334,0.38461538461538464,0.47366546671567095,0.44871794871794873,8,0.001,0,0.5,8,resize_cube128_hu_m600_1500
3,VALIDATION,0.65,0.6956521739130435,0.8888888888888888,0.45454545454545453,0.6356417261637282,0.6363636363636364,8,0.001,0,0.5,8,resize_cube128_hu_m600_1500
3,TEST,0.52,0.625,0.8333333333333334,0.23076923076923078,0.4385290096535146,0.5833333333333334,8,0.001,0,0.5,8,resize_cube128_hu_m600_1500
4,VALIDATION,0.5,0.5833333333333334,0.7777777777777778,0.2727272727272727,0.4605661864718383,0.4747474747474747,8,0.001,0,0.5,8,resize_cube128_hu_m600_1500
4,TEST,0.48,0.6060606060606061,0.8333333333333334,0.15384615384615385,0.3580574370197165,0.6153846153846154,8,0.001,0,0.5,8,resize_cube128_hu_m600_1500
5,VALIDATION,0.6,0.6666666666666666,0.8,0.4,0.5656854249492381,0.52,8,0.001,0,0.5,8,resize_cube128_hu_m600_1500
5,TEST,0.72,0.72,0.8181818181818182,0.6428571428571429,0.7252406676228423,0.7402597402597403,8,0.001,0,0.5,8,resize_cube128_hu_m600_1500
MEAN,VALIDATION,0.56,0.6394409937888199,0.8488888888888889,0.3163636363636364,0.4990441411281757,0.5585454545454545,8,0.001,8
MEAN,TEST,0.5359999999999999,0.6196301106301106,0.7969696969696971,0.2978021978021978,0.4522070166567283,0.5980519480519481,8,0.001,8
1,VALIDATION,0.6,0.6,0.6666666666666666,0.5454545454545454,0.6030226891555273,0.595959595959596,8,0.001,1e-05,0,8,resize_cube128_hu_m600_1500
1,TEST,0.6,0.6428571428571429,0.75,0.46153846153846156,0.5883484054145521,0.6282051282051282,8,0.001,1e-05,0,8,resize_cube128_hu_m600_1500
2,VALIDATION,0.5,0.4444444444444444,0.4444444444444444,0.5454545454545454,0.4923659639173309,0.47474747474747475,8,0.001,1e-05,0,8,resize_cube128_hu_m600_1500
2,TEST,0.48,0.43478260869565216,0.4166666666666667,0.5384615384615384,0.47366546671567095,0.4807692307692307,8,0.001,1e-05,0,8,resize_cube128_hu_m600_1500
3,VALIDATION,0.75,0.7368421052631579,0.7777777777777778,0.7272727272727273,0.7521014330903549,0.797979797979798,8,0.001,1e-05,0,8,resize_cube128_hu_m600_1500
3,TEST,0.44,0.5,0.5833333333333334,0.3076923076923077,0.42365927286816174,0.46794871794871795,8,0.001,1e-05,0,8,resize_cube128_hu_m600_1500
4,VALIDATION,0.6,0.6,0.6666666666666666,0.5454545454545454,0.6030226891555273,0.6262626262626262,8,0.001,1e-05,0,8,resize_cube128_hu_m600_1500
4,TEST,0.68,0.7142857142857143,0.8333333333333334,0.5384615384615384,0.6698641270570836,0.6858974358974359,8,0.001,1e-05,0,8,resize_cube128_hu_m600_1500
5,VALIDATION,0.7,0.75,0.9,0.5,0.6708203932499369,0.6799999999999999,8,0.001,1e-05,0,8,resize_cube128_hu_m600_1500
5,TEST,0.6,0.5833333333333334,0.6363636363636364,0.5714285714285714,0.6030226891555273,0.551948051948052,8,0.001,1e-05,0,8,resize_cube128_hu_m600_1500
MEAN,VALIDATION,0.6300000000000001,0.6262573099415205,0.691111111111111,0.5727272727272726,0.6242666337137355,0.6349898989898989,8,0.001,8
MEAN,TEST,0.56,0.5750517598343686,0.6439393939393939,0.4835164835164836,0.551711992242199,0.562953712953713,8,0.001,8
1,VALIDATION,0.65,0.6666666666666666,0.7777777777777778,0.5454545454545454,0.6513389472789296,0.5656565656565656,8,0.001,1e-05,0.3,8,resize_cube128_hu_m600_1500
1,TEST,0.6,0.6428571428571429,0.75,0.46153846153846156,0.5883484054145521,0.641025641025641,8,0.001,1e-05,0.3,8,resize_cube128_hu_m600_1500
2,VALIDATION,0.6,0.6666666666666666,0.8888888888888888,0.36363636363636365,0.5685352436149611,0.4747474747474747,8,0.001,1e-05,0.3,8,resize_cube128_hu_m600_1500
2,TEST,0.44,0.5,0.5833333333333334,0.3076923076923077,0.42365927286816174,0.46153846153846156,8,0.001,1e-05,0.3,8,resize_cube128_hu_m600_1500
3,VALIDATION,0.65,0.6956521739130435,0.8888888888888888,0.45454545454545453,0.6356417261637282,0.5858585858585859,8,0.001,1e-05,0.3,8,resize_cube128_hu_m600_1500
3,TEST,0.56,0.6451612903225806,0.8333333333333334,0.3076923076923077,0.5063696835418333,0.5064102564102564,8,0.001,1e-05,0.3,8,resize_cube128_hu_m600_1500
4,VALIDATION,0.55,0.6086956521739131,0.7777777777777778,0.36363636363636365,0.5318160234783105,0.5353535353535354,8,0.001,1e-05,0.3,8,resize_cube128_hu_m600_1500
4,TEST,0.76,0.7272727272727273,0.6666666666666666,0.8461538461538461,0.7510676161988108,0.6858974358974359,8,0.001,1e-05,0.3,8,resize_cube128_hu_m600_1500
5,VALIDATION,0.55,0.5714285714285714,0.6,0.5,0.5477225575051661,0.42999999999999994,8,0.001,1e-05,0.3,8,resize_cube128_hu_m600_1500
5,TEST,0.76,0.7692307692307693,0.9090909090909091,0.6428571428571429,0.7644707871564383,0.7012987012987013,8,0.001,1e-05,0.3,8,resize_cube128_hu_m600_1500
MEAN,VALIDATION,0.6,0.6418219461697723,0.7866666666666666,0.44545454545454544,0.5870108996082191,0.5183232323232323,8,0.001,8
MEAN,TEST,0.624,0.656904385936644,0.7484848484848485,0.5131868131868133,0.6067831530359593,0.5992340992340992,8,0.001,8
1,VALIDATION,0.65,0.6956521739130435,0.8888888888888888,0.45454545454545453,0.6356417261637282,0.595959595959596,8,0.001,1e-05,0.5,8,resize_cube128_hu_m600_1500
1,TEST,0.6,0.6875,0.9166666666666666,0.3076923076923077,0.5310850045437944,0.5833333333333333,8,0.001,1e-05,0.5,8,resize_cube128_hu_m600_1500
2,VALIDATION,0.55,0.6086956521739131,0.7777777777777778,0.36363636363636365,0.5318160234783105,0.46464646464646464,8,0.001,1e-05,0.5,8,resize_cube128_hu_m600_1500
2,TEST,0.48,0.5185185185185185,0.5833333333333334,0.38461538461538464,0.47366546671567095,0.44871794871794873,8,0.001,1e-05,0.5,8,resize_cube128_hu_m600_1500
3,VALIDATION,0.65,0.5882352941176471,0.5555555555555556,0.7272727272727273,0.6356417261637283,0.6363636363636364,8,0.001,1e-05,0.5,8,resize_cube128_hu_m600_1500
3,TEST,0.6,0.6666666666666666,0.8333333333333334,0.38461538461538464,0.5661385170722979,0.5961538461538461,8,0.001,1e-05,0.5,8,resize_cube128_hu_m600_1500
4,VALIDATION,0.5,0.5833333333333334,0.7777777777777778,0.2727272727272727,0.4605661864718383,0.45454545454545453,8,0.001,1e-05,0.5,8,resize_cube128_hu_m600_1500
4,TEST,0.48,0.6060606060606061,0.8333333333333334,0.15384615384615385,0.3580574370197165,0.6346153846153846,8,0.001,1e-05,0.5,8,resize_cube128_hu_m600_1500
5,VALIDATION,0.5,0.5454545454545454,0.6,0.4,0.4898979485566356,0.48,8,0.001,1e-05,0.5,8,resize_cube128_hu_m600_1500
5,TEST,0.8,0.782608695652174,0.8181818181818182,0.7857142857142857,0.8017837257372732,0.7857142857142858,8,0.001,1e-05,0.5,8,resize_cube128_hu_m600_1500
MEAN,VALIDATION,0.5700000000000001,0.6042741997984965,0.72,0.44363636363636366,0.5507127221668482,0.5263030303030303,8,0.001,8
MEAN,TEST,0.592,0.652270897379593,0.7969696969696971,0.4032967032967033,0.5461460302177505,0.6097069597069597,8,0.001,8
1,VALIDATION,0.65,0.6956521739130435,0.8888888888888888,0.45454545454545453,0.6356417261637282,0.5656565656565656,16,0.001,0,0,8,resize_cube128_hu_m600_1500
1,TEST,0.44,0.5625,0.75,0.15384615384615385,0.3396831102433787,0.5192307692307692,16,0.001,0,0,8,resize_cube128_hu_m600_1500
2,VALIDATION,0.5,0.375,0.3333333333333333,0.6363636363636364,0.4605661864718383,0.48484848484848486,16,0.001,0,0,8,resize_cube128_hu_m600_1500
2,TEST,0.4,0.21052631578947367,0.16666666666666666,0.6153846153846154,0.32025630761017426,0.3205128205128205,16,0.001,0,0,8,resize_cube128_hu_m600_1500
3,VALIDATION,0.65,0.5333333333333333,0.4444444444444444,0.8181818181818182,0.6030226891555273,0.6363636363636365,16,0.001,0,0,8,resize_cube128_hu_m600_1500
3,TEST,0.44,0.3,0.25,0.6153846153846154,0.3922322702763681,0.3846153846153846,16,0.001,0,0,8,resize_cube128_hu_m600_1500
4,VALIDATION,0.6,0.5,0.4444444444444444,0.7272727272727273,0.5685352436149611,0.4646464646464646,16,0.001,0,0,8,resize_cube128_hu_m600_1500
4,TEST,0.68,0.6,0.5,0.8461538461538461,0.6504436355879909,0.6346153846153846,16,0.001,0,0,8,resize_cube128_hu_m600_1500
5,VALIDATION,0.6,0.6363636363636364,0.7,0.5,0.5916079783099616,0.61,16,0.001,0,0,8,resize_cube128_hu_m600_1500
5,TEST,0.72,0.631578947368421,0.5454545454545454,0.8571428571428571,0.6837634587578276,0.7597402597402598,16,0.001,0,0,8,resize_cube128_hu_m600_1500
MEAN,VALIDATION,0.6,0.5480698287220026,0.5622222222222222,0.6272727272727273,0.5718747647432033,0.5523030303030303,16,0.001,8
MEAN,TEST,0.5359999999999999,0.460921052631579,0.4424242424242424,0.6175824175824176,0.47727575649514786,0.5237429237429237,16,0.001,8
1,VALIDATION,0.65,0.6666666666666666,0.7777777777777778,0.5454545454545454,0.6513389472789296,0.6060606060606061,16,0.001,0,0.3,8,resize_cube128_hu_m600_1500
1,TEST,0.6,0.6428571428571429,0.75,0.46153846153846156,0.5883484054145521,0.5705128205128205,16,0.001,0,0.3,8,resize_cube128_hu_m600_1500
2,VALIDATION,0.55,0.6086956521739131,0.7777777777777778,0.36363636363636365,0.5318160234783105,0.4747474747474747,16,0.001,0,0.3,8,resize_cube128_hu_m600_1500
2,TEST,0.44,0.5,0.5833333333333334,0.3076923076923077,0.42365927286816174,0.4358974358974359,16,0.001,0,0.3,8,resize_cube128_hu_m600_1500
3,VALIDATION,0.7,0.75,1.0,0.45454545454545453,0.674199862463242,0.7373737373737373,16,0.001,0,0.3,8,resize_cube128_hu_m600_1500
3,TEST,0.6,0.6875,0.9166666666666666,0.3076923076923077,0.5310850045437944,0.5833333333333333,16,0.001,0,0.3,8,resize_cube128_hu_m600_1500
4,VALIDATION,0.55,0.5263157894736842,0.5555555555555556,0.5454545454545454,0.5504818825631803,0.5656565656565656,16,0.001,0,0.3,8,resize_cube128_hu_m600_1500
4,TEST,0.52,0.25,0.16666666666666666,0.8461538461538461,0.3755338080994054,0.6666666666666665,16,0.001,0,0.3,8,resize_cube128_hu_m600_1500
5,VALIDATION,0.55,0.64,0.8,0.3,0.4898979485566356,0.51,16,0.001,0,0.3,8,resize_cube128_hu_m600_1500
5,TEST,0.6,0.6428571428571429,0.8181818181818182,0.42857142857142855,0.592156525463792,0.7402597402597403,16,0.001,0,0.3,8,resize_cube128_hu_m600_1500
MEAN,VALIDATION,0.6,0.6383356216628527,0.7822222222222222,0.4418181818181818,0.5795469328680596,0.5787676767676768,16,0.001,8
MEAN,TEST,0.552,0.5446428571428571,0.646969696969697,0.4703296703296703,0.5021566032779412,0.5993339993339993,16,0.001,8
1,VALIDATION,0.65,0.6956521739130435,0.8888888888888888,0.45454545454545453,0.6356417261637282,0.5858585858585859,16,0.001,0,0.5,8,resize_cube128_hu_m600_1500
1,TEST,0.52,0.625,0.8333333333333334,0.23076923076923078,0.4385290096535146,0.608974358974359,16,0.001,0,0.5,8,resize_cube128_hu_m600_1500
2,VALIDATION,0.6,0.6666666666666666,0.8888888888888888,0.36363636363636365,0.5685352436149611,0.45454545454545453,16,0.001,0,0.5,8,resize_cube128_hu_m600_1500
2,TEST,0.48,0.5185185185185185,0.5833333333333334,0.38461538461538464,0.47366546671567095,0.4423076923076923,16,0.001,0,0.5,8,resize_cube128_hu_m600_1500
3,VALIDATION,0.7,0.7272727272727273,0.8888888888888888,0.5454545454545454,0.6963106238227913,0.6262626262626263,16,0.001,0,0.5,8,resize_cube128_hu_m600_1500
3,TEST,0.6,0.6875,0.9166666666666666,0.3076923076923077,0.5310850045437944,0.5833333333333333,16,0.001,0,0.5,8,resize_cube128_hu_m600_1500
4,VALIDATION,0.55,0.5714285714285714,0.6666666666666666,0.45454545454545453,0.5504818825631803,0.4949494949494949,16,0.001,0,0.5,8,resize_cube128_hu_m600_1500
4,TEST,0.56,0.35294117647058826,0.25,0.8461538461538461,0.45993310550389993,0.6602564102564104,16,0.001,0,0.5,8,resize_cube128_hu_m600_1500
5,VALIDATION,0.6,0.6666666666666666,0.8,0.4,0.5656854249492381,0.61,16,0.001,0,0.5,8,resize_cube128_hu_m600_1500
5,TEST,0.72,0.72,0.8181818181818182,0.6428571428571429,0.7252406676228423,0.8636363636363638,16,0.001,0,0.5,8,resize_cube128_hu_m600_1500
MEAN,VALIDATION,0.62,0.665537361189535,0.8266666666666665,0.44363636363636366,0.6033309802227798,0.5543232323232323,16,0.001,8
MEAN,TEST,0.576,0.5807919389978213,0.6803030303030304,0.48241758241758237,0.5256906508079445,0.6317016317016317,16,0.001,8
1,VALIDATION,0.8,0.8,0.8888888888888888,0.7272727272727273,0.8040302522073697,0.9494949494949494,16,0.001,1e-05,0,8,resize_cube128_hu_m600_1500
1,TEST,0.48,0.5185185185185185,0.5833333333333334,0.38461538461538464,0.47366546671567095,0.4230769230769231,16,0.001,1e-05,0,8,resize_cube128_hu_m600_1500
2,VALIDATION,0.55,0.47058823529411764,0.4444444444444444,0.6363636363636364,0.5318160234783105,0.5656565656565656,16,0.001,1e-05,0,8,resize_cube128_hu_m600_1500
2,TEST,0.4,0.21052631578947367,0.16666666666666666,0.6153846153846154,0.32025630761017426,0.4935897435897436,16,0.001,1e-05,0,8,resize_cube128_hu_m600_1500
3,VALIDATION,0.75,0.6666666666666666,0.5555555555555556,0.9090909090909091,0.7106690545187014,0.7474747474747475,16,0.001,1e-05,0,8,resize_cube128_hu_m600_1500
3,TEST,0.36,0.38461538461538464,0.4166666666666667,0.3076923076923077,0.3580574370197165,0.326923076923077,16,0.001,1e-05,0,8,resize_cube128_hu_m600_1500
4,VALIDATION,0.65,0.5333333333333333,0.4444444444444444,0.8181818181818182,0.6030226891555273,0.4848484848484848,16,0.001,1e-05,0,8,resize_cube128_hu_m600_1500
4,TEST,0.6,0.5454545454545454,0.5,0.6923076923076923,0.5883484054145521,0.6410256410256411,16,0.001,1e-05,0,8,resize_cube128_hu_m600_1500
5,VALIDATION,0.6,0.42857142857142855,0.3,0.9,0.5196152422706632,0.52,16,0.001,1e-05,0,8,resize_cube128_hu_m600_1500
5,TEST,0.72,0.5333333333333333,0.36363636363636365,1.0,0.6030226891555273,0.8441558441558441,16,0.001,1e-05,0,8,resize_cube128_hu_m600_1500
MEAN,VALIDATION,0.67,0.5798319327731092,0.5266666666666666,0.7981818181818182,0.6338306523261144,0.6534949494949495,16,0.001,8
MEAN,TEST,0.5119999999999999,0.43848961954225113,0.40606060606060607,0.6,0.46867006118312826,0.5457542457542457,16,0.001,8
1,VALIDATION,0.65,0.6666666666666666,0.7777777777777778,0.5454545454545454,0.6513389472789296,0.606060606060606,16,0.001,1e-05,0.3,8,resize_cube128_hu_m600_1500
1,TEST,0.64,0.6896551724137931,0.8333333333333334,0.46153846153846156,0.6201736729460423,0.596153846153846,16,0.001,1e-05,0.3,8,resize_cube128_hu_m600_1500
2,VALIDATION,0.55,0.6666666666666666,1.0,0.18181818181818182,0.4264014327112209,0.46464646464646464,16,0.001,1e-05,0.3,8,resize_cube128_hu_m600_1500
2,TEST,0.44,0.5333333333333333,0.6666666666666666,0.23076923076923078,0.3922322702763681,0.4358974358974359,16,0.001,1e-05,0.3,8,resize_cube128_hu_m600_1500
3,VALIDATION,0.65,0.6666666666666666,0.7777777777777778,0.5454545454545454,0.6513389472789296,0.6161616161616161,16,0.001,1e-05,0.3,8,resize_cube128_hu_m600_1500
3,TEST,0.6,0.6875,0.9166666666666666,0.3076923076923077,0.5310850045437944,0.6346153846153846,16,0.001,1e-05,0.3,8,resize_cube128_hu_m600_1500
4,VALIDATION,0.55,0.6086956521739131,0.7777777777777778,0.36363636363636365,0.5318160234783105,0.5151515151515151,16,0.001,1e-05,0.3,8,resize_cube128_hu_m600_1500
4,TEST,0.52,0.45454545454545453,0.4166666666666667,0.6153846153846154,0.5063696835418333,0.46153846153846145,16,0.001,1e-05,0.3,8,resize_cube128_hu_m600_1500
5,VALIDATION,0.55,0.6086956521739131,0.7,0.4,0.529150262212918,0.48,16,0.001,1e-05,0.3,8,resize_cube128_hu_m600_1500
5,TEST,0.76,0.75,0.8181818181818182,0.7142857142857143,0.7644707871564383,0.7727272727272727,16,0.001,1e-05,0.3,8,resize_cube128_hu_m600_1500
MEAN,VALIDATION,0.5900000000000001,0.6434782608695653,0.8066666666666666,0.40727272727272723,0.5580091225920617,0.5364040404040403,16,0.001,8
MEAN,TEST,0.592,0.6230067920585162,0.7303030303030302,0.46593406593406594,0.5628662836928953,0.58018648018648,16,0.001,8
1,VALIDATION,0.65,0.6666666666666666,0.7777777777777778,0.5454545454545454,0.6513389472789296,0.5959595959595959,16,0.001,1e-05,0.5,8,resize_cube128_hu_m600_1500
1,TEST,0.56,0.6451612903225806,0.8333333333333334,0.3076923076923077,0.5063696835418333,0.6025641025641025,16,0.001,1e-05,0.5,8,resize_cube128_hu_m600_1500
2,VALIDATION,0.55,0.6086956521739131,0.7777777777777778,0.36363636363636365,0.5318160234783105,0.45454545454545453,16,0.001,1e-05,0.5,8,resize_cube128_hu_m600_1500
2,TEST,0.48,0.5185185185185185,0.5833333333333334,0.38461538461538464,0.47366546671567095,0.46794871794871795,16,0.001,1e-05,0.5,8,resize_cube128_hu_m600_1500
3,VALIDATION,0.65,0.6956521739130435,0.8888888888888888,0.45454545454545453,0.6356417261637282,0.6262626262626262,16,0.001,1e-05,0.5,8,resize_cube128_hu_m600_1500
3,TEST,0.52,0.625,0.8333333333333334,0.23076923076923078,0.4385290096535146,0.532051282051282,16,0.001,1e-05,0.5,8,resize_cube128_hu_m600_1500
4,VALIDATION,0.55,0.5263157894736842,0.5555555555555556,0.5454545454545454,0.5504818825631803,0.4444444444444444,16,0.001,1e-05,0.5,8,resize_cube128_hu_m600_1500
4,TEST,0.52,0.25,0.16666666666666666,0.8461538461538461,0.3755338080994054,0.641025641025641,16,0.001,1e-05,0.5,8,resize_cube128_hu_m600_1500
5,VALIDATION,0.55,0.64,0.8,0.3,0.4898979485566356,0.48,16,0.001,1e-05,0.5,8,resize_cube128_hu_m600_1500
5,TEST,0.72,0.72,0.8181818181818182,0.6428571428571429,0.7252406676228423,0.7337662337662338,16,0.001,1e-05,0.5,8,resize_cube128_hu_m600_1500
MEAN,VALIDATION,0.5900000000000001,0.6274660564454615,0.76,0.4418181818181818,0.5718353056081568,0.5202424242424242,16,0.001,8
MEAN,TEST,0.5599999999999999,0.5517359617682198,0.646969696969697,0.48241758241758237,0.5038677271266533,0.5954711954711955,16,0.001,8
1,VALIDATION,0.65,0.6666666666666666,0.7777777777777778,0.5454545454545454,0.6513389472789296,0.6666666666666666,32,0.001,0,0,8,resize_cube128_hu_m600_1500
1,TEST,0.68,0.6666666666666666,0.6666666666666666,0.6923076923076923,0.6793662204867574,0.6153846153846154,32,0.001,0,0,8,resize_cube128_hu_m600_1500
2,VALIDATION,0.5,0.5,0.5555555555555556,0.45454545454545453,0.502518907629606,0.42424242424242425,32,0.001,0,0,8,resize_cube128_hu_m600_1500
2,TEST,0.48,0.38095238095238093,0.3333333333333333,0.6153846153846154,0.4529108136578383,0.4423076923076923,32,0.001,0,0,8,resize_cube128_hu_m600_1500
3,VALIDATION,0.65,0.6666666666666666,0.7777777777777778,0.5454545454545454,0.6513389472789296,0.7676767676767676,32,0.001,0,0,8,resize_cube128_hu_m600_1500
3,TEST,0.44,0.46153846153846156,0.5,0.38461538461538464,0.4385290096535146,0.4807692307692307,32,0.001,0,0,8,resize_cube128_hu_m600_1500
4,VALIDATION,0.6,0.6363636363636364,0.7777777777777778,0.45454545454545453,0.5945883900105632,0.4949494949494949,32,0.001,0,0,8,resize_cube128_hu_m600_1500
4,TEST,0.68,0.6,0.5,0.8461538461538461,0.6504436355879909,0.6987179487179488,32,0.001,0,0,8,resize_cube128_hu_m600_1500
5,VALIDATION,0.65,0.6666666666666666,0.7,0.6,0.648074069840786,0.5800000000000001,32,0.001,0,0,8,resize_cube128_hu_m600_1500
5,TEST,0.6,0.6428571428571429,0.8181818181818182,0.42857142857142855,0.592156525463792,0.5649350649350651,32,0.001,0,0,8,resize_cube128_hu_m600_1500
MEAN,VALIDATION,0.61,0.6272727272727272,0.7177777777777777,0.52,0.6095718524077629,0.5867070707070707,32,0.001,8
MEAN,TEST,0.5760000000000001,0.5504029304029304,0.5636363636363637,0.5934065934065933,0.5626812409699787,0.5604229104229105,32,0.001,8
1,VALIDATION,0.75,0.782608695652174,1.0,0.5454545454545454,0.7385489458759964,0.7373737373737373,32,0.001,0,0.3,8,resize_cube128_hu_m600_1500
1,TEST,0.56,0.6857142857142857,1.0,0.15384615384615385,0.3922322702763681,0.5897435897435898,32,0.001,0,0.3,8,resize_cube128_hu_m600_1500
2,VALIDATION,0.6,0.6666666666666666,0.8888888888888888,0.36363636363636365,0.5685352436149611,0.4646464646464646,32,0.001,0,0.3,8,resize_cube128_hu_m600_1500
2,TEST,0.44,0.5,0.5833333333333334,0.3076923076923077,0.42365927286816174,0.4807692307692308,32,0.001,0,0.3,8,resize_cube128_hu_m600_1500
3,VALIDATION,0.65,0.6956521739130435,0.8888888888888888,0.45454545454545453,0.6356417261637282,0.6565656565656566,32,0.001,0,0.3,8,resize_cube128_hu_m600_1500
3,TEST,0.48,0.6060606060606061,0.8333333333333334,0.15384615384615385,0.3580574370197165,0.48717948717948717,32,0.001,0,0.3,8,resize_cube128_hu_m600_1500
4,VALIDATION,0.55,0.6086956521739131,0.7777777777777778,0.36363636363636365,0.5318160234783105,0.5252525252525253,32,0.001,0,0.3,8,resize_cube128_hu_m600_1500
4,TEST,0.6,0.6153846153846154,0.6666666666666666,0.5384615384615384,0.599144689515278,0.6666666666666666,32,0.001,0,0.3,8,resize_cube128_hu_m600_1500
5,VALIDATION,0.7,0.7,0.7,0.7,0.7,0.5900000000000001,32,0.001,0,0.3,8,resize_cube128_hu_m600_1500
5,TEST,0.84,0.8181818181818182,0.8181818181818182,0.8571428571428571,0.8374357893586238,0.8636363636363635,32,0.001,0,0.3,8,resize_cube128_hu_m600_1500
MEAN,VALIDATION,0.65,0.6907246376811594,0.8511111111111112,0.48545454545454536,0.6349083878265992,0.5947676767676768,32,0.001,8
MEAN,TEST,0.584,0.6450682650682651,0.7803030303030304,0.4021978021978022,0.5221058918076297,0.6175990675990676,32,0.001,8
1,VALIDATION,0.5,0.6428571428571429,1.0,0.09090909090909091,0.30151134457776363,0.6565656565656566,32,0.001,0,0.5,8,resize_cube128_hu_m600_1500
1,TEST,0.48,0.6285714285714286,0.9166666666666666,0.07692307692307693,0.2655425022718972,0.5705128205128205,32,0.001,0,0.5,8,resize_cube128_hu_m600_1500
2,VALIDATION,0.55,0.6086956521739131,0.7777777777777778,0.36363636363636365,0.5318160234783105,0.45454545454545453,32,0.001,0,0.5,8,resize_cube128_hu_m600_1500
2,TEST,0.4,0.4827586206896552,0.5833333333333334,0.23076923076923078,0.36689969285267143,0.4487179487179487,32,0.001,0,0.5,8,resize_cube128_hu_m600_1500
3,VALIDATION,0.65,0.6956521739130435,0.8888888888888888,0.45454545454545453,0.6356417261637282,0.6161616161616161,32,0.001,0,0.5,8,resize_cube128_hu_m600_1500
3,TEST,0.52,0.625,0.8333333333333334,0.23076923076923078,0.4385290096535146,0.5384615384615384,32,0.001,0,0.5,8,resize_cube128_hu_m600_1500
4,VALIDATION,0.5,0.5833333333333334,0.7777777777777778,0.2727272727272727,0.4605661864718383,0.5151515151515151,32,0.001,0,0.5,8,resize_cube128_hu_m600_1500
4,TEST,0.6,0.6666666666666666,0.8333333333333334,0.38461538461538464,0.5661385170722979,0.6538461538461537,32,0.001,0,0.5,8,resize_cube128_hu_m600_1500
5,VALIDATION,0.55,0.5714285714285714,0.6,0.5,0.5477225575051661,0.54,32,0.001,0,0.5,8,resize_cube128_hu_m600_1500
5,TEST,0.8,0.782608695652174,0.8181818181818182,0.7857142857142857,0.8017837257372732,0.8636363636363636,32,0.001,0,0.5,8,resize_cube128_hu_m600_1500
MEAN,VALIDATION,0.55,0.6203933747412009,0.8088888888888889,0.33636363636363636,0.49545156763936127,0.5564848484848485,32,0.001,8
MEAN,TEST,0.5599999999999999,0.6371210823159849,0.7969696969696971,0.34175824175824177,0.48777868951753084,0.615034965034965,32,0.001,8
1,VALIDATION,0.7,0.7272727272727273,0.8888888888888888,0.5454545454545454,0.6963106238227913,0.6363636363636362,32,0.001,1e-05,0,8,resize_cube128_hu_m600_1500
1,TEST,0.56,0.47619047619047616,0.4166666666666667,0.6923076923076923,0.5370861555295747,0.4230769230769231,32,0.001,1e-05,0,8,resize_cube128_hu_m600_1500
2,VALIDATION,0.6,0.6,0.6666666666666666,0.5454545454545454,0.6030226891555273,0.5454545454545454,32,0.001,1e-05,0,8,resize_cube128_hu_m600_1500
2,TEST,0.44,0.36363636363636365,0.3333333333333333,0.5384615384615384,0.4236592728681617,0.5256410256410257,32,0.001,1e-05,0,8,resize_cube128_hu_m600_1500
3,VALIDATION,0.6,0.6,0.6666666666666666,0.5454545454545454,0.6030226891555273,0.6161616161616161,32,0.001,1e-05,0,8,resize_cube128_hu_m600_1500
3,TEST,0.4,0.4,0.4166666666666667,0.38461538461538464,0.40032038451271784,0.3717948717948718,32,0.001,1e-05,0,8,resize_cube128_hu_m600_1500
4,VALIDATION,0.6,0.5555555555555556,0.5555555555555556,0.6363636363636364,0.5945883900105632,0.5252525252525253,32,0.001,1e-05,0,8,resize_cube128_hu_m600_1500
4,TEST,0.64,0.64,0.6666666666666666,0.6153846153846154,0.6405126152203485,0.673076923076923,32,0.001,1e-05,0,8,resize_cube128_hu_m600_1500
5,VALIDATION,0.6,0.6,0.6,0.6,0.6,0.5499999999999999,32,0.001,1e-05,0,8,resize_cube128_hu_m600_1500
5,TEST,0.84,0.8,0.7272727272727273,0.9285714285714286,0.8217814036133182,0.883116883116883,32,0.001,1e-05,0,8,resize_cube128_hu_m600_1500
MEAN,VALIDATION,0.62,0.6165656565656567,0.6755555555555556,0.5745454545454545,0.6193888784288818,0.5746464646464646,32,0.001,8
MEAN,TEST,0.576,0.5359653679653681,0.5121212121212121,0.631868131868132,0.5646719663488241,0.5753413253413253,32,0.001,8
1,VALIDATION,0.7,0.75,1.0,0.45454545454545453,0.674199862463242,0.7070707070707071,32,0.001,1e-05,0.3,8,resize_cube128_hu_m600_1500
1,TEST,0.52,0.6470588235294118,0.9166666666666666,0.15384615384615385,0.3755338080994054,0.5769230769230769,32,0.001,1e-05,0.3,8,resize_cube128_hu_m600_1500
2,VALIDATION,0.5,0.5454545454545454,0.6666666666666666,0.36363636363636365,0.49236596391733095,0.4949494949494949,32,0.001,1e-05,0.3,8,resize_cube128_hu_m600_1500
2,TEST,0.44,0.5,0.5833333333333334,0.3076923076923077,0.42365927286816174,0.4166666666666667,32,0.001,1e-05,0.3,8,resize_cube128_hu_m600_1500
3,VALIDATION,0.65,0.6666666666666666,0.7777777777777778,0.5454545454545454,0.6513389472789296,0.6565656565656566,32,0.001,1e-05,0.3,8,resize_cube128_hu_m600_1500
3,TEST,0.56,0.6451612903225806,0.8333333333333334,0.3076923076923077,0.5063696835418333,0.5192307692307693,32,0.001,1e-05,0.3,8,resize_cube128_hu_m600_1500
4,VALIDATION,0.5,0.5,0.5555555555555556,0.45454545454545453,0.502518907629606,0.49494949494949503,32,0.001,1e-05,0.3,8,resize_cube128_hu_m600_1500
4,TEST,0.6,0.4444444444444444,0.3333333333333333,0.8461538461538461,0.5310850045437944,0.6153846153846154,32,0.001,1e-05,0.3,8,resize_cube128_hu_m600_1500
5,VALIDATION,0.5,0.4444444444444444,0.4,0.6,0.4898979485566356,0.55,32,0.001,1e-05,0.3,8,resize_cube128_hu_m600_1500
5,TEST,0.76,0.7272727272727273,0.7272727272727273,0.7857142857142857,0.7559289460184544,0.7597402597402598,32,0.001,1e-05,0.3,8,resize_cube128_hu_m600_1500
MEAN,VALIDATION,0.5700000000000001,0.5813131313131313,0.6799999999999999,0.4836363636363636,0.5620643259691488,0.5807070707070707,32,0.001,8
MEAN,TEST,0.576,0.5927874571138328,0.6787878787878789,0.4802197802197802,0.5185153430143299,0.5775890775890776,32,0.001,8
1,VALIDATION,0.65,0.6956521739130435,0.8888888888888888,0.45454545454545453,0.6356417261637282,0.6666666666666667,32,0.001,1e-05,0.5,8,resize_cube128_hu_m600_1500
1,TEST,0.48,0.6060606060606061,0.8333333333333334,0.15384615384615385,0.3580574370197165,0.5384615384615384,32,0.001,1e-05,0.5,8,resize_cube128_hu_m600_1500
2,VALIDATION,0.6,0.6666666666666666,0.8888888888888888,0.36363636363636365,0.5685352436149611,0.4646464646464646,32,0.001,1e-05,0.5,8,resize_cube128_hu_m600_1500
2,TEST,0.48,0.5185185185185185,0.5833333333333334,0.38461538461538464,0.47366546671567095,0.4423076923076923,32,0.001,1e-05,0.5,8,resize_cube128_hu_m600_1500
3,VALIDATION,0.55,0.18181818181818182,0.1111111111111111,0.9090909090909091,0.3178208630818641,0.5858585858585859,32,0.001,1e-05,0.5,8,resize_cube128_hu_m600_1500
3,TEST,0.44,0.2222222222222222,0.16666666666666666,0.6923076923076923,0.3396831102433787,0.5,32,0.001,1e-05,0.5,8,resize_cube128_hu_m600_1500
4,VALIDATION,0.5,0.5833333333333334,0.7777777777777778,0.2727272727272727,0.4605661864718383,0.46464646464646464,32,0.001,1e-05,0.5,8,resize_cube128_hu_m600_1500
4,TEST,0.48,0.6060606060606061,0.8333333333333334,0.15384615384615385,0.3580574370197165,0.6217948717948718,32,0.001,1e-05,0.5,8,resize_cube128_hu_m600_1500
5,VALIDATION,0.55,0.4,0.3,0.8,0.4898979485566356,0.48000000000000004,32,0.001,1e-05,0.5,8,resize_cube128_hu_m600_1500
5,TEST,0.68,0.6,0.5454545454545454,0.7857142857142857,0.6546536707079771,0.7012987012987014,32,0.001,1e-05,0.5,8,resize_cube128_hu_m600_1500
MEAN,VALIDATION,0.57,0.505494071146245,0.5933333333333333,0.5599999999999999,0.49449239357780544,0.5323636363636364,32,0.001,8
MEAN,TEST,0.512,0.5105723905723906,0.5924242424242425,0.434065934065934,0.43682342434129195,0.5607725607725608,32,0.001,8
1,VALIDATION,0.8,0.7777777777777778,0.7777777777777778,0.8181818181818182,0.7977240352174657,0.7676767676767676,4,0.001,0,0,8,resize_cube128_hu_m300_1400
1,TEST,0.48,0.43478260869565216,0.4166666666666667,0.5384615384615384,0.47366546671567095,0.532051282051282,4,0.001,0,0,8,resize_cube128_hu_m300_1400
2,VALIDATION,0.55,0.5263157894736842,0.5555555555555556,0.5454545454545454,0.5504818825631803,0.4848484848484848,4,0.001,0,0,8,resize_cube128_hu_m300_1400
2,TEST,0.4,0.4,0.4166666666666667,0.38461538461538464,0.40032038451271784,0.4551282051282051,4,0.001,0,0,8,resize_cube128_hu_m300_1400
3,VALIDATION,0.65,0.631578947368421,0.6666666666666666,0.6363636363636364,0.6513389472789296,0.6262626262626262,4,0.001,0,0,8,resize_cube128_hu_m300_1400
3,TEST,0.44,0.46153846153846156,0.5,0.38461538461538464,0.4385290096535146,0.4487179487179487,4,0.001,0,0,8,resize_cube128_hu_m300_1400
4,VALIDATION,0.8,0.75,0.6666666666666666,0.9090909090909091,0.7784989441615229,0.7777777777777778,4,0.001,0,0,8,resize_cube128_hu_m300_1400
4,TEST,0.6,0.5,0.4166666666666667,0.7692307692307693,0.5661385170722979,0.5897435897435896,4,0.001,0,0,8,resize_cube128_hu_m300_1400
5,VALIDATION,0.65,0.5333333333333333,0.4,0.9,0.6000000000000001,0.51,4,0.001,0,0,8,resize_cube128_hu_m300_1400
5,TEST,0.72,0.6666666666666666,0.6363636363636364,0.7857142857142857,0.7071067811865476,0.6948051948051948,4,0.001,0,0,8,resize_cube128_hu_m300_1400
MEAN,VALIDATION,0.69,0.6438011695906433,0.6133333333333333,0.7618181818181818,0.6756087618442197,0.6333131313131313,4,0.001,8
MEAN,TEST,0.5279999999999999,0.4925975473801561,0.47727272727272735,0.5725274725274725,0.5171520318281497,0.5440892440892441,4,0.001,8
1,VALIDATION,0.8,0.8,0.8888888888888888,0.7272727272727273,0.8040302522073697,0.7979797979797979,4,0.001,0,0.3,8,resize_cube128_hu_m300_1400
1,TEST,0.52,0.5,0.5,0.5384615384615384,0.5188745216627708,0.4935897435897435,4,0.001,0,0.3,8,resize_cube128_hu_m300_1400
2,VALIDATION,0.5,0.5,0.5555555555555556,0.45454545454545453,0.502518907629606,0.5252525252525253,4,0.001,0,0.3,8,resize_cube128_hu_m300_1400
2,TEST,0.4,0.21052631578947367,0.16666666666666666,0.6153846153846154,0.32025630761017426,0.5512820512820513,4,0.001,0,0.3,8,resize_cube128_hu_m300_1400
3,VALIDATION,0.75,0.7368421052631579,0.7777777777777778,0.7272727272727273,0.7521014330903549,0.6464646464646465,4,0.001,0,0.3,8,resize_cube128_hu_m300_1400
3,TEST,0.52,0.5384615384615384,0.5833333333333334,0.46153846153846156,0.5188745216627708,0.5384615384615385,4,0.001,0,0.3,8,resize_cube128_hu_m300_1400
4,VALIDATION,0.65,0.631578947368421,0.6666666666666666,0.6363636363636364,0.6513389472789296,0.5757575757575757,4,0.001,0,0.3,8,resize_cube128_hu_m300_1400
4,TEST,0.68,0.6666666666666666,0.6666666666666666,0.6923076923076923,0.6793662204867574,0.75,4,0.001,0,0.3,8,resize_cube128_hu_m300_1400
5,VALIDATION,0.75,0.7619047619047619,0.8,0.7,0.7483314773547882,0.6200000000000001,4,0.001,0,0.3,8,resize_cube128_hu_m300_1400
5,TEST,0.76,0.7692307692307693,0.9090909090909091,0.6428571428571429,0.7644707871564383,0.9155844155844155,4,0.001,0,0.3,8,resize_cube128_hu_m300_1400
MEAN,VALIDATION,0.69,0.686065162907268,0.7377777777777779,0.649090909090909,0.6916642035122097,0.6330909090909091,4,0.001,8
MEAN,TEST,0.576,0.5369770580296895,0.5651515151515152,0.59010989010989,0.5603684717157823,0.6497835497835498,4,0.001,8
1,VALIDATION,0.8,0.8,0.8888888888888888,0.7272727272727273,0.8040302522073697,0.7777777777777778,4,0.001,0,0.5,8,resize_cube128_hu_m300_1400
1,TEST,0.6,0.5833333333333334,0.5833333333333334,0.6153846153846154,0.5991446895152781,0.5897435897435898,4,0.001,0,0.5,8,resize_cube128_hu_m300_1400
2,VALIDATION,0.55,0.5714285714285714,0.6666666666666666,0.45454545454545453,0.5504818825631803,0.5454545454545454,4,0.001,0,0.5,8,resize_cube128_hu_m300_1400
2,TEST,0.36,0.2,0.16666666666666666,0.5384615384615384,0.299572344757639,0.5128205128205128,4,0.001,0,0.5,8,resize_cube128_hu_m300_1400
3,VALIDATION,0.8,0.7777777777777778,0.7777777777777778,0.8181818181818182,0.7977240352174657,0.6666666666666666,4,0.001,0,0.5,8,resize_cube128_hu_m300_1400
3,TEST,0.44,0.4166666666666667,0.4166666666666667,0.46153846153846156,0.4385290096535146,0.48717948717948717,4,0.001,0,0.5,8,resize_cube128_hu_m300_1400
4,VALIDATION,0.65,0.631578947368421,0.6666666666666666,0.6363636363636364,0.6513389472789296,0.6161616161616161,4,0.001,0,0.5,8,resize_cube128_hu_m300_1400
4,TEST,0.64,0.64,0.6666666666666666,0.6153846153846154,0.6405126152203485,0.7115384615384616,4,0.001,0,0.5,8,resize_cube128_hu_m300_1400
5,VALIDATION,0.65,0.631578947368421,0.6,0.7,0.648074069840786,0.6,4,0.001,0,0.5,8,resize_cube128_hu_m300_1400
5,TEST,0.8,0.7619047619047619,0.7272727272727273,0.8571428571428571,0.7895420339517227,0.8896103896103895,4,0.001,0,0.5,8,resize_cube128_hu_m300_1400
MEAN,VALIDATION,0.6900000000000001,0.6824728487886382,0.72,0.6672727272727272,0.6903298374215463,0.6412121212121211,4,0.001,8
MEAN,TEST,0.568,0.5203809523809524,0.5121212121212121,0.6175824175824176,0.5534601386197007,0.6381784881784882,4,0.001,8
1,VALIDATION,0.55,0.5263157894736842,0.5555555555555556,0.5454545454545454,0.5504818825631803,0.595959595959596,4,0.001,1e-05,0,8,resize_cube128_hu_m300_1400
1,TEST,0.48,0.43478260869565216,0.4166666666666667,0.5384615384615384,0.47366546671567095,0.5961538461538461,4,0.001,1e-05,0,8,resize_cube128_hu_m300_1400
2,VALIDATION,0.6,0.5555555555555556,0.5555555555555556,0.6363636363636364,0.5945883900105632,0.5858585858585859,4,0.001,1e-05,0,8,resize_cube128_hu_m300_1400
2,TEST,0.48,0.38095238095238093,0.3333333333333333,0.6153846153846154,0.4529108136578383,0.6153846153846153,4,0.001,1e-05,0,8,resize_cube128_hu_m300_1400
3,VALIDATION,0.75,0.7058823529411765,0.6666666666666666,0.8181818181818182,0.7385489458759964,0.696969696969697,4,0.001,1e-05,0,8,resize_cube128_hu_m300_1400
3,TEST,0.52,0.5384615384615384,0.5833333333333334,0.46153846153846156,0.5188745216627708,0.5,4,0.001,1e-05,0,8,resize_cube128_hu_m300_1400
4,VALIDATION,0.55,0.6086956521739131,0.7777777777777778,0.36363636363636365,0.5318160234783105,0.6262626262626263,4,0.001,1e-05,0,8,resize_cube128_hu_m300_1400
4,TEST,0.6,0.6875,0.9166666666666666,0.3076923076923077,0.5310850045437944,0.7435897435897436,4,0.001,1e-05,0,8,resize_cube128_hu_m300_1400
5,VALIDATION,0.65,0.72,0.9,0.4,0.6000000000000001,0.54,4,0.001,1e-05,0,8,resize_cube128_hu_m300_1400
5,TEST,0.76,0.7692307692307693,0.9090909090909091,0.6428571428571429,0.7644707871564383,0.8506493506493505,4,0.001,1e-05,0,8,resize_cube128_hu_m300_1400
MEAN,VALIDATION,0.62,0.6232898700288659,0.691111111111111,0.5527272727272727,0.6030870483856101,0.609010101010101,4,0.001,8
MEAN,TEST,0.568,0.5621854594680682,0.6318181818181818,0.5131868131868133,0.5482013187473026,0.6611555111555112,4,0.001,8
1,VALIDATION,0.8,0.8,0.8888888888888888,0.7272727272727273,0.8040302522073697,0.7777777777777777,4,0.001,1e-05,0.3,8,resize_cube128_hu_m300_1400
1,TEST,0.56,0.47619047619047616,0.4166666666666667,0.6923076923076923,0.5370861555295747,0.5384615384615384,4,0.001,1e-05,0.3,8,resize_cube128_hu_m300_1400
2,VALIDATION,0.65,0.5882352941176471,0.5555555555555556,0.7272727272727273,0.6356417261637283,0.5959595959595959,4,0.001,1e-05,0.3,8,resize_cube128_hu_m300_1400
2,TEST,0.52,0.25,0.16666666666666666,0.8461538461538461,0.3755338080994054,0.3846153846153846,4,0.001,1e-05,0.3,8,resize_cube128_hu_m300_1400
3,VALIDATION,0.75,0.7368421052631579,0.7777777777777778,0.7272727272727273,0.7521014330903549,0.6464646464646465,4,0.001,1e-05,0.3,8,resize_cube128_hu_m300_1400
3,TEST,0.52,0.5714285714285714,0.6666666666666666,0.38461538461538464,0.5063696835418333,0.42948717948717946,4,0.001,1e-05,0.3,8,resize_cube128_hu_m300_1400
4,VALIDATION,0.65,0.6666666666666666,0.7777777777777778,0.5454545454545454,0.6513389472789296,0.6161616161616161,4,0.001,1e-05,0.3,8,resize_cube128_hu_m300_1400
4,TEST,0.64,0.6896551724137931,0.8333333333333334,0.46153846153846156,0.6201736729460423,0.7051282051282051,4,0.001,1e-05,0.3,8,resize_cube128_hu_m300_1400
5,VALIDATION,0.6,0.3333333333333333,0.2,1.0,0.4472135954999579,0.54,4,0.001,1e-05,0.3,8,resize_cube128_hu_m300_1400
5,TEST,0.56,0.0,0.0,1.0,0.0,0.7337662337662337,4,0.001,1e-05,0.3,8,resize_cube128_hu_m300_1400
MEAN,VALIDATION,0.6900000000000001,0.625015479876161,0.64,0.7454545454545454,0.658065190848068,0.6352727272727273,4,0.001,8
MEAN,TEST,0.56,0.3974548440065681,0.4166666666666667,0.676923076923077,0.4078326640233712,0.5582917082917083,4,0.001,8
1,VALIDATION,0.8,0.8,0.8888888888888888,0.7272727272727273,0.8040302522073697,0.7777777777777777,4,0.001,1e-05,0.5,8,resize_cube128_hu_m300_1400
1,TEST,0.52,0.45454545454545453,0.4166666666666667,0.6153846153846154,0.5063696835418333,0.6346153846153846,4,0.001,1e-05,0.5,8,resize_cube128_hu_m300_1400
2,VALIDATION,0.5,0.5454545454545454,0.6666666666666666,0.36363636363636365,0.49236596391733095,0.5757575757575757,4,0.001,1e-05,0.5,8,resize_cube128_hu_m300_1400
2,TEST,0.4,0.2857142857142857,0.25,0.5384615384615384,0.3668996928526714,0.5448717948717948,4,0.001,1e-05,0.5,8,resize_cube128_hu_m300_1400
3,VALIDATION,0.75,0.7368421052631579,0.7777777777777778,0.7272727272727273,0.7521014330903549,0.6565656565656566,4,0.001,1e-05,0.5,8,resize_cube128_hu_m300_1400
3,TEST,0.56,0.6451612903225806,0.8333333333333334,0.3076923076923077,0.5063696835418333,0.49358974358974356,4,0.001,1e-05,0.5,8,resize_cube128_hu_m300_1400
4,VALIDATION,0.65,0.631578947368421,0.6666666666666666,0.6363636363636364,0.6513389472789296,0.5252525252525253,4,0.001,1e-05,0.5,8,resize_cube128_hu_m300_1400
4,TEST,0.64,0.64,0.6666666666666666,0.6153846153846154,0.6405126152203485,0.7051282051282052,4,0.001,1e-05,0.5,8,resize_cube128_hu_m300_1400
5,VALIDATION,0.7,0.7,0.7,0.7,0.7,0.61,4,0.001,1e-05,0.5,8,resize_cube128_hu_m300_1400
5,TEST,0.84,0.8181818181818182,0.8181818181818182,0.8571428571428571,0.8374357893586238,0.922077922077922,4,0.001,1e-05,0.5,8,resize_cube128_hu_m300_1400
MEAN,VALIDATION,0.6799999999999999,0.6827751196172249,0.7399999999999999,0.6309090909090909,0.6799673192987971,0.6290707070707071,4,0.001,8
MEAN,TEST,0.592,0.5687205697528278,0.5969696969696969,0.5868131868131867,0.5715174929030622,0.66005661005661,4,0.001,8
1,VALIDATION,0.65,0.6666666666666666,0.7777777777777778,0.5454545454545454,0.6513389472789296,0.6464646464646464,8,0.001,0,0,8,resize_cube128_hu_m300_1400
1,TEST,0.48,0.43478260869565216,0.4166666666666667,0.5384615384615384,0.47366546671567095,0.48717948717948717,8,0.001,0,0,8,resize_cube128_hu_m300_1400
2,VALIDATION,0.55,0.64,0.8888888888888888,0.2727272727272727,0.4923659639173309,0.42424242424242425,8,0.001,0,0,8,resize_cube128_hu_m300_1400
2,TEST,0.44,0.46153846153846156,0.5,0.38461538461538464,0.4385290096535146,0.41025641025641024,8,0.001,0,0,8,resize_cube128_hu_m300_1400
3,VALIDATION,0.75,0.7368421052631579,0.7777777777777778,0.7272727272727273,0.7521014330903549,0.6969696969696969,8,0.001,0,0,8,resize_cube128_hu_m300_1400
3,TEST,0.56,0.6451612903225806,0.8333333333333334,0.3076923076923077,0.5063696835418333,0.5192307692307693,8,0.001,0,0,8,resize_cube128_hu_m300_1400
4,VALIDATION,0.6,0.6363636363636364,0.7777777777777778,0.45454545454545453,0.5945883900105632,0.5555555555555556,8,0.001,0,0,8,resize_cube128_hu_m300_1400
4,TEST,0.76,0.7,0.5833333333333334,0.9230769230769231,0.7337993857053429,0.7115384615384616,8,0.001,0,0,8,resize_cube128_hu_m300_1400
5,VALIDATION,0.7,0.75,0.9,0.5,0.6708203932499369,0.64,8,0.001,0,0,8,resize_cube128_hu_m300_1400
5,TEST,0.64,0.6896551724137931,0.9090909090909091,0.42857142857142855,0.6241877839323592,0.7792207792207793,8,0.001,0,0,8,resize_cube128_hu_m300_1400
MEAN,VALIDATION,0.65,0.6859744816586921,0.8244444444444443,0.5,0.6322430255094231,0.5926464646464648,8,0.001,8
MEAN,TEST,0.5760000000000001,0.5862275065940975,0.6484848484848486,0.5164835164835165,0.5553102659097442,0.5814851814851816,8,0.001,8
1,VALIDATION,0.8,0.8,0.8888888888888888,0.7272727272727273,0.8040302522073697,0.8080808080808081,8,0.001,0,0.3,8,resize_cube128_hu_m300_1400
1,TEST,0.6,0.5454545454545454,0.5,0.6923076923076923,0.5883484054145521,0.5256410256410257,8,0.001,0,0.3,8,resize_cube128_hu_m300_1400
2,VALIDATION,0.5,0.5454545454545454,0.6666666666666666,0.36363636363636365,0.49236596391733095,0.4545454545454546,8,0.001,0,0.3,8,resize_cube128_hu_m300_1400
2,TEST,0.48,0.48,0.5,0.46153846153846156,0.4803844614152614,0.4487179487179487,8,0.001,0,0.3,8,resize_cube128_hu_m300_1400
3,VALIDATION,0.8,0.8181818181818182,1.0,0.6363636363636364,0.7977240352174656,0.8282828282828283,8,0.001,0,0.3,8,resize_cube128_hu_m300_1400
3,TEST,0.48,0.6285714285714286,0.9166666666666666,0.07692307692307693,0.2655425022718972,0.5256410256410257,8,0.001,0,0.3,8,resize_cube128_hu_m300_1400
4,VALIDATION,0.6,0.6,0.6666666666666666,0.5454545454545454,0.6030226891555273,0.505050505050505,8,0.001,0,0.3,8,resize_cube128_hu_m300_1400
4,TEST,0.64,0.6666666666666666,0.75,0.5384615384615384,0.6354889093022426,0.7628205128205128,8,0.001,0,0.3,8,resize_cube128_hu_m300_1400
5,VALIDATION,0.7,0.7,0.7,0.7,0.7,0.69,8,0.001,0,0.3,8,resize_cube128_hu_m300_1400
5,TEST,0.8,0.8,0.9090909090909091,0.7142857142857143,0.8058229640253803,0.9285714285714286,8,0.001,0,0.3,8,resize_cube128_hu_m300_1400
MEAN,VALIDATION,0.68,0.6927272727272727,0.7844444444444443,0.5945454545454545,0.6794285880995388,0.6571919191919192,8,0.001,8
MEAN,TEST,0.6,0.6241385281385281,0.7151515151515151,0.4967032967032967,0.5551174484858667,0.6382783882783883,8,0.001,8
1,VALIDATION,0.75,0.7619047619047619,0.8888888888888888,0.6363636363636364,0.7521014330903549,0.7676767676767676,8,0.001,0,0.5,8,resize_cube128_hu_m300_1400
1,TEST,0.56,0.56,0.5833333333333334,0.5384615384615384,0.560448538317805,0.5961538461538461,8,0.001,0,0.5,8,resize_cube128_hu_m300_1400
2,VALIDATION,0.5,0.5833333333333334,0.7777777777777778,0.2727272727272727,0.4605661864718383,0.5151515151515151,8,0.001,0,0.5,8,resize_cube128_hu_m300_1400
2,TEST,0.48,0.5185185185185185,0.5833333333333334,0.38461538461538464,0.47366546671567095,0.5,8,0.001,0,0.5,8,resize_cube128_hu_m300_1400
3,VALIDATION,0.75,0.7368421052631579,0.7777777777777778,0.7272727272727273,0.7521014330903549,0.6868686868686869,8,0.001,0,0.5,8,resize_cube128_hu_m300_1400
3,TEST,0.48,0.48,0.5,0.46153846153846156,0.4803844614152614,0.4487179487179487,8,0.001,0,0.5,8,resize_cube128_hu_m300_1400
4,VALIDATION,0.6,0.6363636363636364,0.7777777777777778,0.45454545454545453,0.5945883900105632,0.6363636363636364,8,0.001,0,0.5,8,resize_cube128_hu_m300_1400
4,TEST,0.68,0.7142857142857143,0.8333333333333334,0.5384615384615384,0.6698641270570836,0.6987179487179487,8,0.001,0,0.5,8,resize_cube128_hu_m300_1400
5,VALIDATION,0.55,0.5714285714285714,0.6,0.5,0.5477225575051661,0.49,8,0.001,0,0.5,8,resize_cube128_hu_m300_1400
5,TEST,0.8,0.782608695652174,0.8181818181818182,0.7857142857142857,0.8017837257372732,0.8116883116883117,8,0.001,0,0.5,8,resize_cube128_hu_m300_1400
MEAN,VALIDATION,0.6300000000000001,0.6579744816586922,0.7644444444444444,0.5181818181818182,0.6214160000336555,0.6192121212121211,8,0.001,8
MEAN,TEST,0.6,0.6110825856912814,0.6636363636363637,0.5417582417582417,0.5972292638486189,0.6110556110556111,8,0.001,8
1,VALIDATION,0.7,0.625,0.5555555555555556,0.8181818181818182,0.6741998624632421,0.6767676767676768,8,0.001,1e-05,0,8,resize_cube128_hu_m300_1400
1,TEST,0.56,0.35294117647058826,0.25,0.8461538461538461,0.45993310550389993,0.5256410256410257,8,0.001,1e-05,0,8,resize_cube128_hu_m300_1400
2,VALIDATION,0.55,0.5263157894736842,0.5555555555555556,0.5454545454545454,0.5504818825631803,0.5252525252525253,8,0.001,1e-05,0,8,resize_cube128_hu_m300_1400
2,TEST,0.44,0.36363636363636365,0.3333333333333333,0.5384615384615384,0.4236592728681617,0.4358974358974359,8,0.001,1e-05,0,8,resize_cube128_hu_m300_1400
3,VALIDATION,0.8,0.8,0.8888888888888888,0.7272727272727273,0.8040302522073697,0.8484848484848485,8,0.001,1e-05,0,8,resize_cube128_hu_m300_1400
3,TEST,0.56,0.6206896551724138,0.75,0.38461538461538464,0.5370861555295747,0.532051282051282,8,0.001,1e-05,0,8,resize_cube128_hu_m300_1400
4,VALIDATION,0.7,0.7,0.7777777777777778,0.6363636363636364,0.7035264706814485,0.6868686868686869,8,0.001,1e-05,0,8,resize_cube128_hu_m300_1400
4,TEST,0.6,0.6153846153846154,0.6666666666666666,0.5384615384615384,0.599144689515278,0.6474358974358974,8,0.001,1e-05,0,8,resize_cube128_hu_m300_1400
5,VALIDATION,0.7,0.7272727272727273,0.8,0.6,0.6928203230275509,0.7,8,0.001,1e-05,0,8,resize_cube128_hu_m300_1400
5,TEST,0.6,0.6428571428571429,0.8181818181818182,0.42857142857142855,0.592156525463792,0.6558441558441559,8,0.001,1e-05,0,8,resize_cube128_hu_m300_1400
MEAN,VALIDATION,0.6900000000000001,0.6757177033492823,0.7155555555555555,0.6654545454545454,0.6850117581885582,0.6874747474747475,8,0.001,8
MEAN,TEST,0.552,0.5191017907042248,0.5636363636363637,0.5472527472527472,0.5223959497761413,0.5593739593739594,8,0.001,8
1,VALIDATION,0.8,0.8,0.8888888888888888,0.7272727272727273,0.8040302522073697,0.797979797979798,8,0.001,1e-05,0.3,8,resize_cube128_hu_m300_1400
1,TEST,0.6,0.5833333333333334,0.5833333333333334,0.6153846153846154,0.5991446895152781,0.5448717948717948,8,0.001,1e-05,0.3,8,resize_cube128_hu_m300_1400
2,VALIDATION,0.5,0.5833333333333334,0.7777777777777778,0.2727272727272727,0.4605661864718383,0.5656565656565655,8,0.001,1e-05,0.3,8,resize_cube128_hu_m300_1400
2,TEST,0.6,0.5833333333333334,0.5833333333333334,0.6153846153846154,0.5991446895152781,0.596153846153846,8,0.001,1e-05,0.3,8,resize_cube128_hu_m300_1400
3,VALIDATION,0.75,0.7368421052631579,0.7777777777777778,0.7272727272727273,0.7521014330903549,0.6565656565656566,8,0.001,1e-05,0.3,8,resize_cube128_hu_m300_1400
3,TEST,0.48,0.5185185185185185,0.5833333333333334,0.38461538461538464,0.47366546671567095,0.46794871794871795,8,0.001,1e-05,0.3,8,resize_cube128_hu_m300_1400
4,VALIDATION,0.6,0.6666666666666666,0.8888888888888888,0.36363636363636365,0.5685352436149611,0.6464646464646464,8,0.001,1e-05,0.3,8,resize_cube128_hu_m300_1400
4,TEST,0.56,0.6666666666666666,0.9166666666666666,0.23076923076923078,0.45993310550389993,0.673076923076923,8,0.001,1e-05,0.3,8,resize_cube128_hu_m300_1400
5,VALIDATION,0.6,0.5,0.4,0.8,0.5656854249492381,0.5700000000000001,8,0.001,1e-05,0.3,8,resize_cube128_hu_m300_1400
5,TEST,0.72,0.631578947368421,0.5454545454545454,0.8571428571428571,0.6837634587578276,0.8376623376623377,8,0.001,1e-05,0.3,8,resize_cube128_hu_m300_1400
MEAN,VALIDATION,0.65,0.6573684210526316,0.7466666666666666,0.5781818181818181,0.6301837080667524,0.6473333333333333,8,0.001,8
MEAN,TEST,0.592,0.5966861598440545,0.6424242424242423,0.5406593406593407,0.5631302820015909,0.6239427239427239,8,0.001,8
1,VALIDATION,0.7,0.7272727272727273,0.8888888888888888,0.5454545454545454,0.6963106238227913,0.808080808080808,8,0.001,1e-05,0.5,8,resize_cube128_hu_m300_1400
1,TEST,0.52,0.5384615384615384,0.5833333333333334,0.46153846153846156,0.5188745216627708,0.5961538461538461,8,0.001,1e-05,0.5,8,resize_cube128_hu_m300_1400
2,VALIDATION,0.5,0.6153846153846154,0.8888888888888888,0.18181818181818182,0.40201512610368484,0.5252525252525253,8,0.001,1e-05,0.5,8,resize_cube128_hu_m300_1400
2,TEST,0.56,0.6451612903225806,0.8333333333333334,0.3076923076923077,0.5063696835418333,0.5256410256410257,8,0.001,1e-05,0.5,8,resize_cube128_hu_m300_1400
3,VALIDATION,0.75,0.7368421052631579,0.7777777777777778,0.7272727272727273,0.7521014330903549,0.6363636363636364,8,0.001,1e-05,0.5,8,resize_cube128_hu_m300_1400
3,TEST,0.6,0.6666666666666666,0.8333333333333334,0.38461538461538464,0.5661385170722979,0.5064102564102564,8,0.001,1e-05,0.5,8,resize_cube128_hu_m300_1400
4,VALIDATION,0.55,0.6086956521739131,0.7777777777777778,0.36363636363636365,0.5318160234783105,0.6060606060606061,8,0.001,1e-05,0.5,8,resize_cube128_hu_m300_1400
4,TEST,0.52,0.625,0.8333333333333334,0.23076923076923078,0.4385290096535146,0.7051282051282051,8,0.001,1e-05,0.5,8,resize_cube128_hu_m300_1400
5,VALIDATION,0.65,0.7407407407407407,1.0,0.3,0.5477225575051661,0.78,8,0.001,1e-05,0.5,8,resize_cube128_hu_m300_1400
5,TEST,0.68,0.7142857142857143,0.9090909090909091,0.5,0.674199862463242,0.9090909090909091,8,0.001,1e-05,0.5,8,resize_cube128_hu_m300_1400
MEAN,VALIDATION,0.63,0.6857871681670309,0.8666666666666666,0.42363636363636364,0.5859931528000615,0.671151515151515,8,0.001,8
MEAN,TEST,0.5760000000000001,0.6379150419473001,0.7984848484848486,0.37692307692307697,0.5408223188787318,0.6484848484848484,8,0.001,8
1,VALIDATION,0.6,0.5555555555555556,0.5555555555555556,0.6363636363636364,0.5945883900105632,0.4747474747474748,16,0.001,0,0,8,resize_cube128_hu_m300_1400
1,TEST,0.32,0.41379310344827586,0.5,0.15384615384615385,0.2773500981126146,0.3846153846153846,16,0.001,0,0,8,resize_cube128_hu_m300_1400
2,VALIDATION,0.55,0.6086956521739131,0.7777777777777778,0.36363636363636365,0.5318160234783105,0.4444444444444444,16,0.001,0,0,8,resize_cube128_hu_m300_1400
2,TEST,0.64,0.6666666666666666,0.75,0.5384615384615384,0.6354889093022426,0.5641025641025641,16,0.001,0,0,8,resize_cube128_hu_m300_1400
3,VALIDATION,0.75,0.7619047619047619,0.8888888888888888,0.6363636363636364,0.7521014330903549,0.8080808080808081,16,0.001,0,0,8,resize_cube128_hu_m300_1400
3,TEST,0.52,0.5,0.5,0.5384615384615384,0.5188745216627708,0.423076923076923,16,0.001,0,0,8,resize_cube128_hu_m300_1400
4,VALIDATION,0.7,0.625,0.5555555555555556,0.8181818181818182,0.6741998624632421,0.6363636363636364,16,0.001,0,0,8,resize_cube128_hu_m300_1400
4,TEST,0.6,0.5454545454545454,0.5,0.6923076923076923,0.5883484054145521,0.6153846153846154,16,0.001,0,0,8,resize_cube128_hu_m300_1400
5,VALIDATION,0.8,0.8,0.8,0.8,0.8,0.8400000000000001,16,0.001,0,0,8,resize_cube128_hu_m300_1400
5,TEST,0.68,0.6,0.5454545454545454,0.7857142857142857,0.6546536707079771,0.6363636363636365,16,0.001,0,0,8,resize_cube128_hu_m300_1400
MEAN,VALIDATION,0.6799999999999999,0.670231193926846,0.7155555555555555,0.650909090909091,0.6705411418084941,0.6407272727272728,16,0.001,8
MEAN,TEST,0.552,0.5451828631138975,0.5590909090909091,0.5417582417582418,0.5349431210400315,0.5247086247086248,16,0.001,8
1,VALIDATION,0.75,0.782608695652174,1.0,0.5454545454545454,0.7385489458759964,0.797979797979798,16,0.001,0,0.3,8,resize_cube128_hu_m300_1400
1,TEST,0.52,0.5384615384615384,0.5833333333333334,0.46153846153846156,0.5188745216627708,0.5641025641025641,16,0.001,0,0.3,8,resize_cube128_hu_m300_1400
2,VALIDATION,0.55,0.64,0.8888888888888888,0.2727272727272727,0.4923659639173309,0.6565656565656566,16,0.001,0,0.3,8,resize_cube128_hu_m300_1400
2,TEST,0.6,0.5833333333333334,0.5833333333333334,0.6153846153846154,0.5991446895152781,0.5833333333333333,16,0.001,0,0.3,8,resize_cube128_hu_m300_1400
3,VALIDATION,0.75,0.7368421052631579,0.7777777777777778,0.7272727272727273,0.7521014330903549,0.6868686868686869,16,0.001,0,0.3,8,resize_cube128_hu_m300_1400
3,TEST,0.52,0.5714285714285714,0.6666666666666666,0.38461538461538464,0.5063696835418333,0.47435897435897434,16,0.001,0,0.3,8,resize_cube128_hu_m300_1400
4,VALIDATION,0.65,0.6666666666666666,0.7777777777777778,0.5454545454545454,0.6513389472789296,0.5656565656565657,16,0.001,0,0.3,8,resize_cube128_hu_m300_1400
4,TEST,0.64,0.6666666666666666,0.75,0.5384615384615384,0.6354889093022426,0.7307692307692308,16,0.001,0,0.3,8,resize_cube128_hu_m300_1400
5,VALIDATION,0.7,0.6666666666666666,0.6,0.8,0.6928203230275509,0.8400000000000001,16,0.001,0,0.3,8,resize_cube128_hu_m300_1400
5,TEST,0.84,0.7777777777777778,0.6363636363636364,1.0,0.7977240352174656,0.9090909090909091,16,0.001,0,0.3,8,resize_cube128_hu_m300_1400
MEAN,VALIDATION,0.6799999999999999,0.698556826849733,0.8088888888888889,0.5781818181818181,0.6654351226380324,0.7094141414141415,16,0.001,8
MEAN,TEST,0.624,0.6275335775335775,0.6439393939393939,0.6,0.6115203678479181,0.6523310023310024,16,0.001,8
1,VALIDATION,0.7,0.75,1.0,0.45454545454545453,0.674199862463242,0.696969696969697,16,0.001,0,0.5,8,resize_cube128_hu_m300_1400
1,TEST,0.56,0.6666666666666666,0.9166666666666666,0.23076923076923078,0.45993310550389993,0.5576923076923077,16,0.001,0,0.5,8,resize_cube128_hu_m300_1400
2,VALIDATION,0.5,0.6153846153846154,0.8888888888888888,0.18181818181818182,0.40201512610368484,0.5353535353535354,16,0.001,0,0.5,8,resize_cube128_hu_m300_1400
2,TEST,0.56,0.6451612903225806,0.8333333333333334,0.3076923076923077,0.5063696835418333,0.532051282051282,16,0.001,0,0.5,8,resize_cube128_hu_m300_1400
3,VALIDATION,0.7,0.7,0.7777777777777778,0.6363636363636364,0.7035264706814485,0.6565656565656566,16,0.001,0,0.5,8,resize_cube128_hu_m300_1400
3,TEST,0.56,0.6451612903225806,0.8333333333333334,0.3076923076923077,0.5063696835418333,0.48717948717948717,16,0.001,0,0.5,8,resize_cube128_hu_m300_1400
4,VALIDATION,0.55,0.6086956521739131,0.7777777777777778,0.36363636363636365,0.5318160234783105,0.6464646464646464,16,0.001,0,0.5,8,resize_cube128_hu_m300_1400
4,TEST,0.52,0.625,0.8333333333333334,0.23076923076923078,0.4385290096535146,0.6794871794871795,16,0.001,0,0.5,8,resize_cube128_hu_m300_1400
5,VALIDATION,0.7,0.7,0.7,0.7,0.7,0.69,16,0.001,0,0.5,8,resize_cube128_hu_m300_1400
5,TEST,0.84,0.8181818181818182,0.8181818181818182,0.8571428571428571,0.8374357893586238,0.8766233766233766,16,0.001,0,0.5,8,resize_cube128_hu_m300_1400
MEAN,VALIDATION,0.6300000000000001,0.6748160535117057,0.8288888888888888,0.4672727272727272,0.6023114965453372,0.6450707070707071,16,0.001,8
MEAN,TEST,0.608,0.6800342130987292,0.846969696969697,0.3868131868131869,0.549727454319941,0.6266067266067266,16,0.001,8
1,VALIDATION,0.6,0.6,0.6666666666666666,0.5454545454545454,0.6030226891555273,0.6161616161616161,16,0.001,1e-05,0,8,resize_cube128_hu_m300_1400
1,TEST,0.4,0.34782608695652173,0.3333333333333333,0.46153846153846156,0.3922322702763681,0.48717948717948717,16,0.001,1e-05,0,8,resize_cube128_hu_m300_1400
2,VALIDATION,0.6,0.42857142857142855,0.3333333333333333,0.8181818181818182,0.5222329678670935,0.5151515151515151,16,0.001,1e-05,0,8,resize_cube128_hu_m300_1400
2,TEST,0.52,0.3333333333333333,0.25,0.7692307692307693,0.4385290096535146,0.5833333333333333,16,0.001,1e-05,0,8,resize_cube128_hu_m300_1400
3,VALIDATION,0.75,0.7619047619047619,0.8888888888888888,0.6363636363636364,0.7521014330903549,0.7575757575757576,16,0.001,1e-05,0,8,resize_cube128_hu_m300_1400
3,TEST,0.52,0.5714285714285714,0.6666666666666666,0.38461538461538464,0.5063696835418333,0.4551282051282051,16,0.001,1e-05,0,8,resize_cube128_hu_m300_1400
4,VALIDATION,0.7,0.7,0.7777777777777778,0.6363636363636364,0.7035264706814485,0.6565656565656566,16,0.001,1e-05,0,8,resize_cube128_hu_m300_1400
4,TEST,0.76,0.6666666666666666,0.5,1.0,0.7071067811865476,0.8461538461538463,16,0.001,1e-05,0,8,resize_cube128_hu_m300_1400
5,VALIDATION,0.65,0.5882352941176471,0.5,0.8,0.6324555320336759,0.63,16,0.001,1e-05,0,8,resize_cube128_hu_m300_1400
5,TEST,0.6,0.4444444444444444,0.36363636363636365,0.7857142857142857,0.5345224838248488,0.6298701298701299,16,0.001,1e-05,0,8,resize_cube128_hu_m300_1400
MEAN,VALIDATION,0.6599999999999999,0.6157422969187676,0.6333333333333333,0.6872727272727273,0.64266781856562,0.635090909090909,16,0.001,8
MEAN,TEST,0.56,0.47273982056590746,0.42272727272727273,0.6802197802197802,0.5157520456966225,0.6003330003330003,16,0.001,8
1,VALIDATION,0.75,0.7619047619047619,0.8888888888888888,0.6363636363636364,0.7521014330903549,0.7979797979797979,16,0.001,1e-05,0.3,8,resize_cube128_hu_m300_1400
1,TEST,0.64,0.64,0.6666666666666666,0.6153846153846154,0.6405126152203485,0.5897435897435896,16,0.001,1e-05,0.3,8,resize_cube128_hu_m300_1400
2,VALIDATION,0.5,0.5833333333333334,0.7777777777777778,0.2727272727272727,0.4605661864718383,0.5353535353535354,16,0.001,1e-05,0.3,8,resize_cube128_hu_m300_1400
2,TEST,0.4,0.4444444444444444,0.5,0.3076923076923077,0.3922322702763681,0.41025641025641024,16,0.001,1e-05,0.3,8,resize_cube128_hu_m300_1400
3,VALIDATION,0.75,0.7368421052631579,0.7777777777777778,0.7272727272727273,0.7521014330903549,0.6666666666666666,16,0.001,1e-05,0.3,8,resize_cube128_hu_m300_1400
3,TEST,0.52,0.5714285714285714,0.6666666666666666,0.38461538461538464,0.5063696835418333,0.5,16,0.001,1e-05,0.3,8,resize_cube128_hu_m300_1400
4,VALIDATION,0.55,0.6086956521739131,0.7777777777777778,0.36363636363636365,0.5318160234783105,0.6262626262626262,16,0.001,1e-05,0.3,8,resize_cube128_hu_m300_1400
4,TEST,0.64,0.6666666666666666,0.75,0.5384615384615384,0.6354889093022426,0.6987179487179487,16,0.001,1e-05,0.3,8,resize_cube128_hu_m300_1400
5,VALIDATION,0.65,0.631578947368421,0.6,0.7,0.648074069840786,0.6000000000000001,16,0.001,1e-05,0.3,8,resize_cube128_hu_m300_1400
5,TEST,0.84,0.8181818181818182,0.8181818181818182,0.8571428571428571,0.8374357893586238,0.8766233766233766,16,0.001,1e-05,0.3,8,resize_cube128_hu_m300_1400
MEAN,VALIDATION,0.6399999999999999,0.6644709600087175,0.7644444444444444,0.54,0.6289318291943289,0.6452525252525253,16,0.001,8
MEAN,TEST,0.608,0.6281443001443001,0.6803030303030303,0.5406593406593407,0.6024078535398832,0.6150682650682651,16,0.001,8
1,VALIDATION,0.7,0.75,1.0,0.45454545454545453,0.674199862463242,0.7575757575757576,16,0.001,1e-05,0.5,8,resize_cube128_hu_m300_1400
1,TEST,0.64,0.7096774193548387,0.9166666666666666,0.38461538461538464,0.5937710859953544,0.5961538461538461,16,0.001,1e-05,0.5,8,resize_cube128_hu_m300_1400
2,VALIDATION,0.55,0.6666666666666666,1.0,0.18181818181818182,0.4264014327112209,0.5858585858585859,16,0.001,1e-05,0.5,8,resize_cube128_hu_m300_1400
2,TEST,0.6,0.7058823529411765,1.0,0.23076923076923078,0.4803844614152614,0.6025641025641025,16,0.001,1e-05,0.5,8,resize_cube128_hu_m300_1400
3,VALIDATION,0.5,0.5833333333333334,0.7777777777777778,0.2727272727272727,0.4605661864718383,0.6363636363636364,16,0.001,1e-05,0.5,8,resize_cube128_hu_m300_1400
3,TEST,0.48,0.6060606060606061,0.8333333333333334,0.15384615384615385,0.3580574370197165,0.46794871794871795,16,0.001,1e-05,0.5,8,resize_cube128_hu_m300_1400
4,VALIDATION,0.55,0.6086956521739131,0.7777777777777778,0.36363636363636365,0.5318160234783105,0.6363636363636364,16,0.001,1e-05,0.5,8,resize_cube128_hu_m300_1400
4,TEST,0.68,0.7142857142857143,0.8333333333333334,0.5384615384615384,0.6698641270570836,0.7115384615384615,16,0.001,1e-05,0.5,8,resize_cube128_hu_m300_1400
5,VALIDATION,0.6,0.6,0.6,0.6,0.6,0.5599999999999999,16,0.001,1e-05,0.5,8,resize_cube128_hu_m300_1400
5,TEST,0.8,0.782608695652174,0.8181818181818182,0.7857142857142857,0.8017837257372732,0.8376623376623377,16,0.001,1e-05,0.5,8,resize_cube128_hu_m300_1400
MEAN,VALIDATION,0.58,0.6417391304347826,0.831111111111111,0.3745454545454545,0.5385967010249224,0.6352323232323231,16,0.001,8
MEAN,TEST,0.64,0.7037029576589019,0.8803030303030303,0.4186813186813187,0.5807721674449379,0.643173493173493,16,0.001,8
1,VALIDATION,0.6,0.6923076923076923,1.0,0.2727272727272727,0.5222329678670935,0.5555555555555556,32,0.001,0,0,8,resize_cube128_hu_m300_1400
1,TEST,0.44,0.5,0.5833333333333334,0.3076923076923077,0.42365927286816174,0.3205128205128205,32,0.001,0,0,8,resize_cube128_hu_m300_1400
2,VALIDATION,0.65,0.631578947368421,0.6666666666666666,0.6363636363636364,0.6513389472789296,0.6060606060606061,32,0.001,0,0,8,resize_cube128_hu_m300_1400
2,TEST,0.56,0.35294117647058826,0.25,0.8461538461538461,0.45993310550389993,0.641025641025641,32,0.001,0,0,8,resize_cube128_hu_m300_1400
3,VALIDATION,0.85,0.8,0.6666666666666666,1.0,0.816496580927726,0.898989898989899,32,0.001,0,0,8,resize_cube128_hu_m300_1400
3,TEST,0.48,0.38095238095238093,0.3333333333333333,0.6153846153846154,0.4529108136578383,0.5064102564102564,32,0.001,0,0,8,resize_cube128_hu_m300_1400
4,VALIDATION,0.6,0.6,0.6666666666666666,0.5454545454545454,0.6030226891555273,0.7474747474747474,32,0.001,0,0,8,resize_cube128_hu_m300_1400
4,TEST,0.72,0.72,0.75,0.6923076923076923,0.7205766921228921,0.8076923076923077,32,0.001,0,0,8,resize_cube128_hu_m300_1400
5,VALIDATION,0.85,0.8571428571428571,0.9,0.8,0.8485281374238571,0.8200000000000001,32,0.001,0,0,8,resize_cube128_hu_m300_1400
5,TEST,0.48,0.48,0.5454545454545454,0.42857142857142855,0.48349377841522817,0.4610389610389611,32,0.001,0,0,8,resize_cube128_hu_m300_1400
MEAN,VALIDATION,0.7100000000000001,0.7162058993637942,0.7799999999999999,0.650909090909091,0.6883238645306268,0.7256161616161616,32,0.001,8
MEAN,TEST,0.536,0.4867787114845939,0.4924242424242424,0.578021978021978,0.5081147325136041,0.5473359973359974,32,0.001,8
1,VALIDATION,0.7,0.7272727272727273,0.8888888888888888,0.5454545454545454,0.6963106238227913,0.7474747474747474,32,0.001,0,0.3,8,resize_cube128_hu_m300_1400
1,TEST,0.48,0.48,0.5,0.46153846153846156,0.4803844614152614,0.5897435897435898,32,0.001,0,0.3,8,resize_cube128_hu_m300_1400
2,VALIDATION,0.55,0.6666666666666666,1.0,0.18181818181818182,0.4264014327112209,0.5353535353535354,32,0.001,0,0.3,8,resize_cube128_hu_m300_1400
2,TEST,0.56,0.6666666666666666,0.9166666666666666,0.23076923076923078,0.45993310550389993,0.5,32,0.001,0,0.3,8,resize_cube128_hu_m300_1400
3,VALIDATION,0.8,0.8,0.8888888888888888,0.7272727272727273,0.8040302522073697,0.8282828282828283,32,0.001,0,0.3,8,resize_cube128_hu_m300_1400
3,TEST,0.4,0.4827586206896552,0.5833333333333334,0.23076923076923078,0.36689969285267143,0.46794871794871795,32,0.001,0,0.3,8,resize_cube128_hu_m300_1400
4,VALIDATION,0.65,0.631578947368421,0.6666666666666666,0.6363636363636364,0.6513389472789296,0.6161616161616161,32,0.001,0,0.3,8,resize_cube128_hu_m300_1400
4,TEST,0.64,0.64,0.6666666666666666,0.6153846153846154,0.6405126152203485,0.7371794871794871,32,0.001,0,0.3,8,resize_cube128_hu_m300_1400
5,VALIDATION,0.6,0.7142857142857143,1.0,0.2,0.4472135954999579,0.63,32,0.001,0,0.3,8,resize_cube128_hu_m300_1400
5,TEST,0.68,0.7333333333333333,1.0,0.42857142857142855,0.6546536707079771,0.8441558441558441,32,0.001,0,0.3,8,resize_cube128_hu_m300_1400
MEAN,VALIDATION,0.6599999999999999,0.707960811118706,0.888888888888889,0.4581818181818182,0.6050589703040539,0.6714545454545455,32,0.001,8
MEAN,TEST,0.552,0.600551724137931,0.7333333333333333,0.39340659340659345,0.5204767091400317,0.6278055278055279,32,0.001,8
1,VALIDATION,0.75,0.782608695652174,1.0,0.5454545454545454,0.7385489458759964,0.7777777777777777,32,0.001,0,0.5,8,resize_cube128_hu_m300_1400
1,TEST,0.6,0.6428571428571429,0.75,0.46153846153846156,0.5883484054145521,0.5641025641025641,32,0.001,0,0.5,8,resize_cube128_hu_m300_1400
2,VALIDATION,0.4,0.5714285714285714,0.8888888888888888,0.0,0.0,0.4444444444444445,32,0.001,0,0.5,8,resize_cube128_hu_m300_1400
2,TEST,0.4,0.5714285714285714,0.8333333333333334,0.0,0.0,0.2948717948717948,32,0.001,0,0.5,8,resize_cube128_hu_m300_1400
3,VALIDATION,0.75,0.7368421052631579,0.7777777777777778,0.7272727272727273,0.7521014330903549,0.6767676767676767,32,0.001,0,0.5,8,resize_cube128_hu_m300_1400
3,TEST,0.52,0.6,0.75,0.3076923076923077,0.4803844614152614,0.49358974358974356,32,0.001,0,0.5,8,resize_cube128_hu_m300_1400
4,VALIDATION,0.55,0.6086956521739131,0.7777777777777778,0.36363636363636365,0.5318160234783105,0.6161616161616161,32,0.001,0,0.5,8,resize_cube128_hu_m300_1400
4,TEST,0.68,0.7142857142857143,0.8333333333333334,0.5384615384615384,0.6698641270570836,0.7115384615384615,32,0.001,0,0.5,8,resize_cube128_hu_m300_1400
5,VALIDATION,0.6,0.7142857142857143,1.0,0.2,0.4472135954999579,0.5399999999999999,32,0.001,0,0.5,8,resize_cube128_hu_m300_1400
5,TEST,0.68,0.7333333333333333,1.0,0.42857142857142855,0.6546536707079771,0.8181818181818182,32,0.001,0,0.5,8,resize_cube128_hu_m300_1400
MEAN,VALIDATION,0.6100000000000001,0.6827721477607062,0.888888888888889,0.36727272727272725,0.4939359995889239,0.6110303030303029,32,0.001,8
MEAN,TEST,0.5760000000000001,0.6523809523809525,0.8333333333333334,0.34725274725274724,0.47865013291897485,0.5764568764568765,32,0.001,8
1,VALIDATION,0.5,0.5,0.5555555555555556,0.45454545454545453,0.502518907629606,0.5959595959595959,32,0.001,1e-05,0,8,resize_cube128_hu_m300_1400
1,TEST,0.6,0.5833333333333334,0.5833333333333334,0.6153846153846154,0.5991446895152781,0.6282051282051282,32,0.001,1e-05,0,8,resize_cube128_hu_m300_1400
2,VALIDATION,0.55,0.4,0.3333333333333333,0.7272727272727273,0.49236596391733095,0.5151515151515151,32,0.001,1e-05,0,8,resize_cube128_hu_m300_1400
2,TEST,0.56,0.35294117647058826,0.25,0.8461538461538461,0.45993310550389993,0.5128205128205128,32,0.001,1e-05,0,8,resize_cube128_hu_m300_1400
3,VALIDATION,0.85,0.8571428571428571,1.0,0.7272727272727273,0.8528028654224418,0.8383838383838383,32,0.001,1e-05,0,8,resize_cube128_hu_m300_1400
3,TEST,0.44,0.5333333333333333,0.6666666666666666,0.23076923076923078,0.3922322702763681,0.41666666666666663,32,0.001,1e-05,0,8,resize_cube128_hu_m300_1400
4,VALIDATION,0.6,0.5555555555555556,0.5555555555555556,0.6363636363636364,0.5945883900105632,0.5151515151515151,32,0.001,1e-05,0,8,resize_cube128_hu_m300_1400
4,TEST,0.64,0.4,0.25,1.0,0.5,0.7820512820512822,32,0.001,1e-05,0,8,resize_cube128_hu_m300_1400
5,VALIDATION,0.65,0.6956521739130435,0.8,0.5,0.6324555320336759,0.76,32,0.001,1e-05,0,8,resize_cube128_hu_m300_1400
5,TEST,0.76,0.75,0.8181818181818182,0.7142857142857143,0.7644707871564383,0.8961038961038961,32,0.001,1e-05,0,8,resize_cube128_hu_m300_1400
MEAN,VALIDATION,0.63,0.6016701173222911,0.6488888888888888,0.6090909090909091,0.6149463318027235,0.6449292929292929,32,0.001,8
MEAN,TEST,0.6,0.523921568627451,0.5136363636363637,0.6813186813186813,0.5431561704903969,0.6471694971694971,32,0.001,8
1,VALIDATION,0.75,0.7368421052631579,0.7777777777777778,0.7272727272727273,0.7521014330903549,0.7878787878787878,32,0.001,1e-05,0.3,8,resize_cube128_hu_m300_1400
1,TEST,0.52,0.45454545454545453,0.4166666666666667,0.6153846153846154,0.5063696835418333,0.5833333333333334,32,0.001,1e-05,0.3,8,resize_cube128_hu_m300_1400
2,VALIDATION,0.5,0.5833333333333334,0.7777777777777778,0.2727272727272727,0.4605661864718383,0.5757575757575757,32,0.001,1e-05,0.3,8,resize_cube128_hu_m300_1400
2,TEST,0.56,0.5217391304347826,0.5,0.6153846153846154,0.5547001962252291,0.5897435897435896,32,0.001,1e-05,0.3,8,resize_cube128_hu_m300_1400
3,VALIDATION,0.75,0.7619047619047619,0.8888888888888888,0.6363636363636364,0.7521014330903549,0.7171717171717171,32,0.001,1e-05,0.3,8,resize_cube128_hu_m300_1400
3,TEST,0.4,0.4827586206896552,0.5833333333333334,0.23076923076923078,0.36689969285267143,0.423076923076923,32,0.001,1e-05,0.3,8,resize_cube128_hu_m300_1400
4,VALIDATION,0.65,0.5333333333333333,0.4444444444444444,0.8181818181818182,0.6030226891555273,0.5858585858585859,32,0.001,1e-05,0.3,8,resize_cube128_hu_m300_1400
4,TEST,0.56,0.26666666666666666,0.16666666666666666,0.9230769230769231,0.3922322702763681,0.7243589743589743,32,0.001,1e-05,0.3,8,resize_cube128_hu_m300_1400
5,VALIDATION,0.75,0.7619047619047619,0.8,0.7,0.7483314773547882,0.6399999999999999,32,0.001,1e-05,0.3,8,resize_cube128_hu_m300_1400
5,TEST,0.84,0.8181818181818182,0.8181818181818182,0.8571428571428571,0.8374357893586238,0.9415584415584415,32,0.001,1e-05,0.3,8,resize_cube128_hu_m300_1400
MEAN,VALIDATION,0.6799999999999999,0.6754636591478697,0.7377777777777779,0.6309090909090909,0.6632246438325726,0.6613333333333331,32,0.001,8
MEAN,TEST,0.576,0.5087783381036755,0.49696969696969695,0.6483516483516485,0.5315275264509451,0.6524142524142523,32,0.001,8
1,VALIDATION,0.55,0.6666666666666666,1.0,0.18181818181818182,0.4264014327112209,0.7878787878787878,32,0.001,1e-05,0.5,8,resize_cube128_hu_m300_1400
1,TEST,0.48,0.6285714285714286,0.9166666666666666,0.07692307692307693,0.2655425022718972,0.5961538461538461,32,0.001,1e-05,0.5,8,resize_cube128_hu_m300_1400
2,VALIDATION,0.55,0.0,0.0,1.0,0.0,0.4444444444444444,32,0.001,1e-05,0.5,8,resize_cube128_hu_m300_1400
2,TEST,0.52,0.0,0.0,1.0,0.0,0.5705128205128205,32,0.001,1e-05,0.5,8,resize_cube128_hu_m300_1400
3,VALIDATION,0.7,0.7,0.7777777777777778,0.6363636363636364,0.7035264706814485,0.6868686868686869,32,0.001,1e-05,0.5,8,resize_cube128_hu_m300_1400
3,TEST,0.48,0.5806451612903226,0.75,0.23076923076923078,0.41602514716892186,0.4871794871794871,32,0.001,1e-05,0.5,8,resize_cube128_hu_m300_1400
4,VALIDATION,0.55,0.6086956521739131,0.7777777777777778,0.36363636363636365,0.5318160234783105,0.6262626262626263,32,0.001,1e-05,0.5,8,resize_cube128_hu_m300_1400
4,TEST,0.64,0.6896551724137931,0.8333333333333334,0.46153846153846156,0.6201736729460423,0.7243589743589743,32,0.001,1e-05,0.5,8,resize_cube128_hu_m300_1400
5,VALIDATION,0.6,0.6363636363636364,0.7,0.5,0.5916079783099616,0.5599999999999999,32,0.001,1e-05,0.5,8,resize_cube128_hu_m300_1400
5,TEST,0.76,0.75,0.8181818181818182,0.7142857142857143,0.7644707871564383,0.8506493506493507,32,0.001,1e-05,0.5,8,resize_cube128_hu_m300_1400
MEAN,VALIDATION,0.5900000000000001,0.5223451910408432,0.6511111111111111,0.5363636363636364,0.45067038103618834,0.6210909090909091,32,0.001,8
MEAN,TEST,0.576,0.5297743524551088,0.6636363636363637,0.4967032967032967,0.41324242190866,0.6457708957708957,32,0.001,8
