fold,set,accuracy,f1,tpr,tnr,gmean,batch_size,learning_rate,weight_decay,dropout_prob,seed,preprocessed_dir
1,VALIDATION,0.8,0.8,0.8888888888888888,0.7272727272727273,0.8040302522073697,4,0.001,0.0,0.0,8,resize_small_hu_m300_1400_separadas
1,TEST,0.56,0.5925925925925926,0.6666666666666666,0.46153846153846156,0.5547001962252291,4,0.001,0.0,0.0,8,resize_small_hu_m300_1400_separadas
2,VALIDATION,0.7,0.7272727272727273,0.8888888888888888,0.5454545454545454,0.6963106238227913,4,0.001,0.0,0.0,8,resize_small_hu_m300_1400_separadas
2,TEST,0.44,0.46153846153846156,0.5,0.38461538461538464,0.4385290096535146,4,0.001,0.0,0.0,8,resize_small_hu_m300_1400_separadas
3,VALIDATION,0.8,0.7777777777777778,0.7777777777777778,0.8181818181818182,0.7977240352174657,4,0.001,0.0,0.0,8,resize_small_hu_m300_1400_separadas
3,TEST,0.44,0.46153846153846156,0.5,0.38461538461538464,0.4385290096535146,4,0.001,0.0,0.0,8,resize_small_hu_m300_1400_separadas
4,VALIDATION,0.55,0.47058823529411764,0.4444444444444444,0.6363636363636364,0.5318160234783105,4,0.001,0.0,0.0,8,resize_small_hu_m300_1400_separadas
4,TEST,0.52,0.4,0.3333333333333333,0.6923076923076923,0.48038446141526137,4,0.001,0.0,0.0,8,resize_small_hu_m300_1400_separadas
5,VALIDATION,0.7,0.7272727272727273,0.8,0.6,0.6928203230275509,4,0.001,0.0,0.0,8,resize_small_hu_m300_1400_separadas
5,TEST,0.68,0.6363636363636364,0.6363636363636364,0.7142857142857143,0.674199862463242,4,0.001,0.0,0.0,8,resize_small_hu_m300_1400_separadas
MEAN,VALIDATION,0.71,0.70058229352347,0.76,0.6654545454545454,0.7045402515506977,4,0.001,0.0,0.0,8,resize_small_hu_m300_1400_separadas
MEAN,TEST,0.528,0.5104066304066304,0.5272727272727272,0.5274725274725275,0.5172685078821523,4,0.001,0.0,0.0,8,resize_small_hu_m300_1400_separadas
1,VALIDATION,0.8,0.8,0.8888888888888888,0.7272727272727273,0.8040302522073697,4,0.001,0.0,0.3,8,resize_small_hu_m300_1400_separadas
1,TEST,0.64,0.64,0.6666666666666666,0.6153846153846154,0.6405126152203485,4,0.001,0.0,0.3,8,resize_small_hu_m300_1400_separadas
2,VALIDATION,0.75,0.7619047619047619,0.8888888888888888,0.6363636363636364,0.7521014330903549,4,0.001,0.0,0.3,8,resize_small_hu_m300_1400_separadas
2,TEST,0.44,0.4166666666666667,0.4166666666666667,0.46153846153846156,0.4385290096535146,4,0.001,0.0,0.3,8,resize_small_hu_m300_1400_separadas
3,VALIDATION,0.8,0.7777777777777778,0.7777777777777778,0.8181818181818182,0.7977240352174657,4,0.001,0.0,0.3,8,resize_small_hu_m300_1400_separadas
3,TEST,0.76,0.75,0.75,0.7692307692307693,0.75955452531275,4,0.001,0.0,0.3,8,resize_small_hu_m300_1400_separadas
4,VALIDATION,0.5,0.5833333333333334,0.7777777777777778,0.2727272727272727,0.4605661864718383,4,0.001,0.0,0.3,8,resize_small_hu_m300_1400_separadas
4,TEST,0.52,0.625,0.8333333333333334,0.23076923076923078,0.4385290096535146,4,0.001,0.0,0.3,8,resize_small_hu_m300_1400_separadas
5,VALIDATION,0.65,0.6956521739130435,0.8,0.5,0.6324555320336759,4,0.001,0.0,0.3,8,resize_small_hu_m300_1400_separadas
5,TEST,0.68,0.6666666666666666,0.7272727272727273,0.6428571428571429,0.6837634587578277,4,0.001,0.0,0.3,8,resize_small_hu_m300_1400_separadas
MEAN,VALIDATION,0.7,0.7237336093857833,0.8266666666666665,0.590909090909091,0.6893754878041409,4,0.001,0.0,0.3,8,resize_small_hu_m300_1400_separadas
MEAN,TEST,0.6080000000000001,0.6196666666666666,0.6787878787878787,0.543956043956044,0.5921777237195911,4,0.001,0.0,0.3,8,resize_small_hu_m300_1400_separadas
1,VALIDATION,0.95,0.9411764705882353,0.8888888888888888,1.0,0.9428090415820634,4,0.001,0.0,0.5,8,resize_small_hu_m300_1400_separadas
1,TEST,0.56,0.47619047619047616,0.4166666666666667,0.6923076923076923,0.5370861555295747,4,0.001,0.0,0.5,8,resize_small_hu_m300_1400_separadas
2,VALIDATION,0.55,0.4,0.3333333333333333,0.7272727272727273,0.49236596391733095,4,0.001,0.0,0.5,8,resize_small_hu_m300_1400_separadas
2,TEST,0.48,0.23529411764705882,0.16666666666666666,0.7692307692307693,0.35805743701971643,4,0.001,0.0,0.5,8,resize_small_hu_m300_1400_separadas
3,VALIDATION,0.65,0.6956521739130435,0.8888888888888888,0.45454545454545453,0.6356417261637282,4,0.001,0.0,0.5,8,resize_small_hu_m300_1400_separadas
3,TEST,0.84,0.8571428571428571,1.0,0.6923076923076923,0.8320502943378437,4,0.001,0.0,0.5,8,resize_small_hu_m300_1400_separadas
4,VALIDATION,0.65,0.6666666666666666,0.7777777777777778,0.5454545454545454,0.6513389472789296,4,0.001,0.0,0.5,8,resize_small_hu_m300_1400_separadas
4,TEST,0.48,0.43478260869565216,0.4166666666666667,0.5384615384615384,0.47366546671567095,4,0.001,0.0,0.5,8,resize_small_hu_m300_1400_separadas
5,VALIDATION,0.6,0.6,0.6,0.6,0.6,4,0.001,0.0,0.5,8,resize_small_hu_m300_1400_separadas
5,TEST,0.72,0.631578947368421,0.5454545454545454,0.8571428571428571,0.6837634587578276,4,0.001,0.0,0.5,8,resize_small_hu_m300_1400_separadas
MEAN,VALIDATION,0.6799999999999999,0.6606990622335891,0.6977777777777777,0.6654545454545454,0.6644311357884105,4,0.001,0.0,0.5,8,resize_small_hu_m300_1400_separadas
MEAN,TEST,0.616,0.5269978014088931,0.509090909090909,0.7098901098901099,0.5769245624721268,4,0.001,0.0,0.5,8,resize_small_hu_m300_1400_separadas
1,VALIDATION,0.75,0.7368421052631579,0.7777777777777778,0.7272727272727273,0.7521014330903549,4,0.001,1e-05,0.0,8,resize_small_hu_m300_1400_separadas
1,TEST,0.64,0.64,0.6666666666666666,0.6153846153846154,0.6405126152203485,4,0.001,1e-05,0.0,8,resize_small_hu_m300_1400_separadas
2,VALIDATION,0.75,0.7619047619047619,0.8888888888888888,0.6363636363636364,0.7521014330903549,4,0.001,1e-05,0.0,8,resize_small_hu_m300_1400_separadas
2,TEST,0.6,0.5833333333333334,0.5833333333333334,0.6153846153846154,0.5991446895152781,4,0.001,1e-05,0.0,8,resize_small_hu_m300_1400_separadas
3,VALIDATION,0.75,0.7058823529411765,0.6666666666666666,0.8181818181818182,0.7385489458759964,4,0.001,1e-05,0.0,8,resize_small_hu_m300_1400_separadas
3,TEST,0.6,0.5454545454545454,0.5,0.6923076923076923,0.5883484054145521,4,0.001,1e-05,0.0,8,resize_small_hu_m300_1400_separadas
4,VALIDATION,0.6,0.5555555555555556,0.5555555555555556,0.6363636363636364,0.5945883900105632,4,0.001,1e-05,0.0,8,resize_small_hu_m300_1400_separadas
4,TEST,0.52,0.5,0.5,0.5384615384615384,0.5188745216627708,4,0.001,1e-05,0.0,8,resize_small_hu_m300_1400_separadas
5,VALIDATION,0.7,0.7272727272727273,0.8,0.6,0.6928203230275509,4,0.001,1e-05,0.0,8,resize_small_hu_m300_1400_separadas
5,TEST,0.68,0.6363636363636364,0.6363636363636364,0.7142857142857143,0.674199862463242,4,0.001,1e-05,0.0,8,resize_small_hu_m300_1400_separadas
MEAN,VALIDATION,0.71,0.697491500587476,0.7377777777777776,0.6836363636363637,0.7060321050189641,4,0.001,1e-05,0.0,8,resize_small_hu_m300_1400_separadas
MEAN,TEST,0.608,0.581030303030303,0.5772727272727273,0.6351648351648352,0.6042160188552383,4,0.001,1e-05,0.0,8,resize_small_hu_m300_1400_separadas
1,VALIDATION,0.75,0.7368421052631579,0.7777777777777778,0.7272727272727273,0.7521014330903549,4,0.001,1e-05,0.3,8,resize_small_hu_m300_1400_separadas
1,TEST,0.68,0.7142857142857143,0.8333333333333334,0.5384615384615384,0.6698641270570836,4,0.001,1e-05,0.3,8,resize_small_hu_m300_1400_separadas
2,VALIDATION,0.7,0.7,0.7777777777777778,0.6363636363636364,0.7035264706814485,4,0.001,1e-05,0.3,8,resize_small_hu_m300_1400_separadas
2,TEST,0.44,0.4166666666666667,0.4166666666666667,0.46153846153846156,0.4385290096535146,4,0.001,1e-05,0.3,8,resize_small_hu_m300_1400_separadas
3,VALIDATION,0.65,0.6666666666666666,0.7777777777777778,0.5454545454545454,0.6513389472789296,4,0.001,1e-05,0.3,8,resize_small_hu_m300_1400_separadas
3,TEST,0.56,0.6451612903225806,0.8333333333333334,0.3076923076923077,0.5063696835418333,4,0.001,1e-05,0.3,8,resize_small_hu_m300_1400_separadas
4,VALIDATION,0.55,0.6086956521739131,0.7777777777777778,0.36363636363636365,0.5318160234783105,4,0.001,1e-05,0.3,8,resize_small_hu_m300_1400_separadas
4,TEST,0.52,0.6470588235294118,0.9166666666666666,0.15384615384615385,0.3755338080994054,4,0.001,1e-05,0.3,8,resize_small_hu_m300_1400_separadas
5,VALIDATION,0.65,0.72,0.9,0.4,0.6000000000000001,4,0.001,1e-05,0.3,8,resize_small_hu_m300_1400_separadas
5,TEST,0.68,0.6923076923076923,0.8181818181818182,0.5714285714285714,0.6837634587578277,4,0.001,1e-05,0.3,8,resize_small_hu_m300_1400_separadas
MEAN,VALIDATION,0.66,0.6864408848207475,0.8022222222222222,0.5345454545454545,0.6477565749058087,4,0.001,1e-05,0.3,8,resize_small_hu_m300_1400_separadas
MEAN,TEST,0.5760000000000001,0.623096037422413,0.7636363636363637,0.4065934065934066,0.534812017421933,4,0.001,1e-05,0.3,8,resize_small_hu_m300_1400_separadas
1,VALIDATION,0.9,0.8888888888888888,0.8888888888888888,0.9090909090909091,0.8989331499509894,4,0.001,1e-05,0.5,8,resize_small_hu_m300_1400_separadas
1,TEST,0.52,0.45454545454545453,0.4166666666666667,0.6153846153846154,0.5063696835418333,4,0.001,1e-05,0.5,8,resize_small_hu_m300_1400_separadas
2,VALIDATION,0.6,0.6666666666666666,0.8888888888888888,0.36363636363636365,0.5685352436149611,4,0.001,1e-05,0.5,8,resize_small_hu_m300_1400_separadas
2,TEST,0.48,0.48,0.5,0.46153846153846156,0.4803844614152614,4,0.001,1e-05,0.5,8,resize_small_hu_m300_1400_separadas
3,VALIDATION,0.7,0.7,0.7777777777777778,0.6363636363636364,0.7035264706814485,4,0.001,1e-05,0.5,8,resize_small_hu_m300_1400_separadas
3,TEST,0.76,0.7857142857142857,0.9166666666666666,0.6153846153846154,0.7510676161988108,4,0.001,1e-05,0.5,8,resize_small_hu_m300_1400_separadas
4,VALIDATION,0.65,0.6666666666666666,0.7777777777777778,0.5454545454545454,0.6513389472789296,4,0.001,1e-05,0.5,8,resize_small_hu_m300_1400_separadas
4,TEST,0.52,0.4,0.3333333333333333,0.6923076923076923,0.48038446141526137,4,0.001,1e-05,0.5,8,resize_small_hu_m300_1400_separadas
5,VALIDATION,0.6,0.6,0.6,0.6,0.6,4,0.001,1e-05,0.5,8,resize_small_hu_m300_1400_separadas
5,TEST,0.76,0.6666666666666666,0.5454545454545454,0.9285714285714286,0.7116835718867666,4,0.001,1e-05,0.5,8,resize_small_hu_m300_1400_separadas
MEAN,VALIDATION,0.6900000000000001,0.7044444444444444,0.7866666666666666,0.610909090909091,0.6844667623052657,4,0.001,1e-05,0.5,8,resize_small_hu_m300_1400_separadas
MEAN,TEST,0.608,0.5573852813852813,0.5424242424242425,0.6626373626373627,0.5859779588915867,4,0.001,1e-05,0.5,8,resize_small_hu_m300_1400_separadas
1,VALIDATION,0.7,0.7272727272727273,0.8888888888888888,0.5454545454545454,0.6963106238227913,8,0.001,0.0,0.0,8,resize_small_hu_m300_1400_separadas
1,TEST,0.68,0.7142857142857143,0.8333333333333334,0.5384615384615384,0.6698641270570836,8,0.001,0.0,0.0,8,resize_small_hu_m300_1400_separadas
2,VALIDATION,0.6,0.5555555555555556,0.5555555555555556,0.6363636363636364,0.5945883900105632,8,0.001,0.0,0.0,8,resize_small_hu_m300_1400_separadas
2,TEST,0.52,0.4,0.3333333333333333,0.6923076923076923,0.48038446141526137,8,0.001,0.0,0.0,8,resize_small_hu_m300_1400_separadas
3,VALIDATION,0.85,0.8421052631578947,0.8888888888888888,0.8181818181818182,0.8528028654224418,8,0.001,0.0,0.0,8,resize_small_hu_m300_1400_separadas
3,TEST,0.52,0.5384615384615384,0.5833333333333334,0.46153846153846156,0.5188745216627708,8,0.001,0.0,0.0,8,resize_small_hu_m300_1400_separadas
4,VALIDATION,0.65,0.631578947368421,0.6666666666666666,0.6363636363636364,0.6513389472789296,8,0.001,0.0,0.0,8,resize_small_hu_m300_1400_separadas
4,TEST,0.48,0.5185185185185185,0.5833333333333334,0.38461538461538464,0.47366546671567095,8,0.001,0.0,0.0,8,resize_small_hu_m300_1400_separadas
5,VALIDATION,0.8,0.8181818181818182,0.9,0.7,0.7937253933193772,8,0.001,0.0,0.0,8,resize_small_hu_m300_1400_separadas
5,TEST,0.64,0.64,0.7272727272727273,0.5714285714285714,0.6446583712203042,8,0.001,0.0,0.0,8,resize_small_hu_m300_1400_separadas
MEAN,VALIDATION,0.72,0.7149388623072834,0.7799999999999999,0.6672727272727272,0.7177532439708206,8,0.001,0.0,0.0,8,resize_small_hu_m300_1400_separadas
MEAN,TEST,0.5680000000000001,0.5622531542531543,0.6121212121212121,0.5296703296703298,0.5574893896142182,8,0.001,0.0,0.0,8,resize_small_hu_m300_1400_separadas
1,VALIDATION,0.85,0.8571428571428571,1.0,0.7272727272727273,0.8528028654224418,8,0.001,0.0,0.3,8,resize_small_hu_m300_1400_separadas
1,TEST,0.68,0.6923076923076923,0.75,0.6153846153846154,0.6793662204867574,8,0.001,0.0,0.3,8,resize_small_hu_m300_1400_separadas
2,VALIDATION,0.65,0.6956521739130435,0.8888888888888888,0.45454545454545453,0.6356417261637282,8,0.001,0.0,0.3,8,resize_small_hu_m300_1400_separadas
2,TEST,0.56,0.5925925925925926,0.6666666666666666,0.46153846153846156,0.5547001962252291,8,0.001,0.0,0.3,8,resize_small_hu_m300_1400_separadas
3,VALIDATION,0.65,0.6666666666666666,0.7777777777777778,0.5454545454545454,0.6513389472789296,8,0.001,0.0,0.3,8,resize_small_hu_m300_1400_separadas
3,TEST,0.6,0.6666666666666666,0.8333333333333334,0.38461538461538464,0.5661385170722979,8,0.001,0.0,0.3,8,resize_small_hu_m300_1400_separadas
4,VALIDATION,0.5,0.4444444444444444,0.4444444444444444,0.5454545454545454,0.4923659639173309,8,0.001,0.0,0.3,8,resize_small_hu_m300_1400_separadas
4,TEST,0.52,0.4,0.3333333333333333,0.6923076923076923,0.48038446141526137,8,0.001,0.0,0.3,8,resize_small_hu_m300_1400_separadas
5,VALIDATION,0.7,0.7272727272727273,0.8,0.6,0.6928203230275509,8,0.001,0.0,0.3,8,resize_small_hu_m300_1400_separadas
5,TEST,0.64,0.6086956521739131,0.6363636363636364,0.6428571428571429,0.6396021490668313,8,0.001,0.0,0.3,8,resize_small_hu_m300_1400_separadas
MEAN,VALIDATION,0.6699999999999999,0.6782357738879478,0.7822222222222222,0.5745454545454545,0.6649939651619963,8,0.001,0.0,0.3,8,resize_small_hu_m300_1400_separadas
MEAN,TEST,0.6000000000000001,0.5920525207481729,0.6439393939393939,0.5593406593406594,0.5840383088532755,8,0.001,0.0,0.3,8,resize_small_hu_m300_1400_separadas
1,VALIDATION,0.75,0.7619047619047619,0.8888888888888888,0.6363636363636364,0.7521014330903549,8,0.001,0.0,0.5,8,resize_small_hu_m300_1400_separadas
1,TEST,0.68,0.6923076923076923,0.75,0.6153846153846154,0.6793662204867574,8,0.001,0.0,0.5,8,resize_small_hu_m300_1400_separadas
2,VALIDATION,0.6,0.6923076923076923,1.0,0.2727272727272727,0.5222329678670935,8,0.001,0.0,0.5,8,resize_small_hu_m300_1400_separadas
2,TEST,0.52,0.6,0.75,0.3076923076923077,0.4803844614152614,8,0.001,0.0,0.5,8,resize_small_hu_m300_1400_separadas
3,VALIDATION,0.45,0.5925925925925926,0.8888888888888888,0.09090909090909091,0.28426762180748055,8,0.001,0.0,0.5,8,resize_small_hu_m300_1400_separadas
3,TEST,0.64,0.7272727272727273,1.0,0.3076923076923077,0.5547001962252291,8,0.001,0.0,0.5,8,resize_small_hu_m300_1400_separadas
4,VALIDATION,0.4,0.45454545454545453,0.5555555555555556,0.2727272727272727,0.3892494720807615,8,0.001,0.0,0.5,8,resize_small_hu_m300_1400_separadas
4,TEST,0.52,0.5714285714285714,0.6666666666666666,0.38461538461538464,0.5063696835418333,8,0.001,0.0,0.5,8,resize_small_hu_m300_1400_separadas
5,VALIDATION,0.65,0.72,0.9,0.4,0.6000000000000001,8,0.001,0.0,0.5,8,resize_small_hu_m300_1400_separadas
5,TEST,0.68,0.6923076923076923,0.8181818181818182,0.5714285714285714,0.6837634587578277,8,0.001,0.0,0.5,8,resize_small_hu_m300_1400_separadas
MEAN,VALIDATION,0.5700000000000001,0.6442701002701003,0.8466666666666667,0.3345454545454546,0.5095702989691382,8,0.001,0.0,0.5,8,resize_small_hu_m300_1400_separadas
MEAN,TEST,0.6080000000000001,0.6566633366633366,0.796969696969697,0.4373626373626374,0.5809168040853818,8,0.001,0.0,0.5,8,resize_small_hu_m300_1400_separadas
1,VALIDATION,0.85,0.8571428571428571,1.0,0.7272727272727273,0.8528028654224418,8,0.001,1e-05,0.0,8,resize_small_hu_m300_1400_separadas
1,TEST,0.68,0.6923076923076923,0.75,0.6153846153846154,0.6793662204867574,8,0.001,1e-05,0.0,8,resize_small_hu_m300_1400_separadas
2,VALIDATION,0.65,0.72,1.0,0.36363636363636365,0.6030226891555273,8,0.001,1e-05,0.0,8,resize_small_hu_m300_1400_separadas
2,TEST,0.6,0.6428571428571429,0.75,0.46153846153846156,0.5883484054145521,8,0.001,1e-05,0.0,8,resize_small_hu_m300_1400_separadas
3,VALIDATION,0.75,0.7368421052631579,0.7777777777777778,0.7272727272727273,0.7521014330903549,8,0.001,1e-05,0.0,8,resize_small_hu_m300_1400_separadas
3,TEST,0.64,0.6896551724137931,0.8333333333333334,0.46153846153846156,0.6201736729460423,8,0.001,1e-05,0.0,8,resize_small_hu_m300_1400_separadas
4,VALIDATION,0.65,0.631578947368421,0.6666666666666666,0.6363636363636364,0.6513389472789296,8,0.001,1e-05,0.0,8,resize_small_hu_m300_1400_separadas
4,TEST,0.64,0.64,0.6666666666666666,0.6153846153846154,0.6405126152203485,8,0.001,1e-05,0.0,8,resize_small_hu_m300_1400_separadas
5,VALIDATION,0.65,0.631578947368421,0.6,0.7,0.648074069840786,8,0.001,1e-05,0.0,8,resize_small_hu_m300_1400_separadas
5,TEST,0.72,0.6666666666666666,0.6363636363636364,0.7857142857142857,0.7071067811865476,8,0.001,1e-05,0.0,8,resize_small_hu_m300_1400_separadas
MEAN,VALIDATION,0.71,0.7154285714285715,0.8088888888888889,0.6309090909090909,0.7014680009576079,8,0.001,1e-05,0.0,8,resize_small_hu_m300_1400_separadas
MEAN,TEST,0.656,0.6662973348490591,0.7272727272727273,0.5879120879120879,0.6471015390508497,8,0.001,1e-05,0.0,8,resize_small_hu_m300_1400_separadas
1,VALIDATION,0.75,0.7368421052631579,0.7777777777777778,0.7272727272727273,0.7521014330903549,8,0.001,1e-05,0.3,8,resize_small_hu_m300_1400_separadas
1,TEST,0.64,0.6666666666666666,0.75,0.5384615384615384,0.6354889093022426,8,0.001,1e-05,0.3,8,resize_small_hu_m300_1400_separadas
2,VALIDATION,0.55,0.6086956521739131,0.7777777777777778,0.36363636363636365,0.5318160234783105,8,0.001,1e-05,0.3,8,resize_small_hu_m300_1400_separadas
2,TEST,0.44,0.46153846153846156,0.5,0.38461538461538464,0.4385290096535146,8,0.001,1e-05,0.3,8,resize_small_hu_m300_1400_separadas
3,VALIDATION,0.75,0.6666666666666666,0.5555555555555556,0.9090909090909091,0.7106690545187014,8,0.001,1e-05,0.3,8,resize_small_hu_m300_1400_separadas
3,TEST,0.76,0.7692307692307693,0.8333333333333334,0.6923076923076923,0.75955452531275,8,0.001,1e-05,0.3,8,resize_small_hu_m300_1400_separadas
4,VALIDATION,0.5,0.375,0.3333333333333333,0.6363636363636364,0.4605661864718383,8,0.001,1e-05,0.3,8,resize_small_hu_m300_1400_separadas
4,TEST,0.56,0.35294117647058826,0.25,0.8461538461538461,0.45993310550389993,8,0.001,1e-05,0.3,8,resize_small_hu_m300_1400_separadas
5,VALIDATION,0.7,0.7272727272727273,0.8,0.6,0.6928203230275509,8,0.001,1e-05,0.3,8,resize_small_hu_m300_1400_separadas
5,TEST,0.64,0.6086956521739131,0.6363636363636364,0.6428571428571429,0.6396021490668313,8,0.001,1e-05,0.3,8,resize_small_hu_m300_1400_separadas
MEAN,VALIDATION,0.65,0.622895430275293,0.6488888888888888,0.6472727272727272,0.6295946041173511,8,0.001,1e-05,0.3,8,resize_small_hu_m300_1400_separadas
MEAN,TEST,0.6080000000000001,0.5718145452160798,0.593939393939394,0.6208791208791209,0.5866215397678477,8,0.001,1e-05,0.3,8,resize_small_hu_m300_1400_separadas
1,VALIDATION,0.85,0.8235294117647058,0.7777777777777778,0.9090909090909091,0.8408749651825217,8,0.001,1e-05,0.5,8,resize_small_hu_m300_1400_separadas
1,TEST,0.52,0.45454545454545453,0.4166666666666667,0.6153846153846154,0.5063696835418333,8,0.001,1e-05,0.5,8,resize_small_hu_m300_1400_separadas
2,VALIDATION,0.65,0.6956521739130435,0.8888888888888888,0.45454545454545453,0.6356417261637282,8,0.001,1e-05,0.5,8,resize_small_hu_m300_1400_separadas
2,TEST,0.6,0.5833333333333334,0.5833333333333334,0.6153846153846154,0.5991446895152781,8,0.001,1e-05,0.5,8,resize_small_hu_m300_1400_separadas
3,VALIDATION,0.6,0.6666666666666666,0.8888888888888888,0.36363636363636365,0.5685352436149611,8,0.001,1e-05,0.5,8,resize_small_hu_m300_1400_separadas
3,TEST,0.76,0.8,1.0,0.5384615384615384,0.7337993857053428,8,0.001,1e-05,0.5,8,resize_small_hu_m300_1400_separadas
4,VALIDATION,0.5,0.375,0.3333333333333333,0.6363636363636364,0.4605661864718383,8,0.001,1e-05,0.5,8,resize_small_hu_m300_1400_separadas
4,TEST,0.48,0.3157894736842105,0.25,0.6923076923076923,0.41602514716892186,8,0.001,1e-05,0.5,8,resize_small_hu_m300_1400_separadas
5,VALIDATION,0.65,0.72,0.9,0.4,0.6000000000000001,8,0.001,1e-05,0.5,8,resize_small_hu_m300_1400_separadas
5,TEST,0.6,0.6428571428571429,0.8181818181818182,0.42857142857142855,0.592156525463792,8,0.001,1e-05,0.5,8,resize_small_hu_m300_1400_separadas
MEAN,VALIDATION,0.65,0.6561696504688832,0.7577777777777778,0.5527272727272726,0.6211236242866098,8,0.001,1e-05,0.5,8,resize_small_hu_m300_1400_separadas
MEAN,TEST,0.5920000000000001,0.5593050808840283,0.6136363636363636,0.578021978021978,0.5694990862790336,8,0.001,1e-05,0.5,8,resize_small_hu_m300_1400_separadas
1,VALIDATION,0.7,0.7272727272727273,0.8888888888888888,0.5454545454545454,0.6963106238227913,4,0.001,0.0,0.0,8,resize_small_hu_m600_1500_separadas
1,TEST,0.64,0.6896551724137931,0.8333333333333334,0.46153846153846156,0.6201736729460423,4,0.001,0.0,0.0,8,resize_small_hu_m600_1500_separadas
2,VALIDATION,0.6,0.6,0.6666666666666666,0.5454545454545454,0.6030226891555273,4,0.001,0.0,0.0,8,resize_small_hu_m600_1500_separadas
2,TEST,0.52,0.4,0.3333333333333333,0.6923076923076923,0.48038446141526137,4,0.001,0.0,0.0,8,resize_small_hu_m600_1500_separadas
3,VALIDATION,0.75,0.7619047619047619,0.8888888888888888,0.6363636363636364,0.7521014330903549,4,0.001,0.0,0.0,8,resize_small_hu_m600_1500_separadas
3,TEST,0.56,0.5217391304347826,0.5,0.6153846153846154,0.5547001962252291,4,0.001,0.0,0.0,8,resize_small_hu_m600_1500_separadas
4,VALIDATION,0.5,0.5,0.5555555555555556,0.45454545454545453,0.502518907629606,4,0.001,0.0,0.0,8,resize_small_hu_m600_1500_separadas
4,TEST,0.52,0.625,0.8333333333333334,0.23076923076923078,0.4385290096535146,4,0.001,0.0,0.0,8,resize_small_hu_m600_1500_separadas
5,VALIDATION,0.7,0.7272727272727273,0.8,0.6,0.6928203230275509,4,0.001,0.0,0.0,8,resize_small_hu_m600_1500_separadas
5,TEST,0.68,0.6363636363636364,0.6363636363636364,0.7142857142857143,0.674199862463242,4,0.001,0.0,0.0,8,resize_small_hu_m600_1500_separadas
MEAN,VALIDATION,0.65,0.6632900432900433,0.76,0.5563636363636364,0.649354795345166,4,0.001,0.0,0.0,8,resize_small_hu_m600_1500_separadas
MEAN,TEST,0.5840000000000001,0.5745515878424424,0.6272727272727272,0.5428571428571429,0.5535974405406578,4,0.001,0.0,0.0,8,resize_small_hu_m600_1500_separadas
1,VALIDATION,0.75,0.782608695652174,1.0,0.5454545454545454,0.7385489458759964,4,0.001,0.0,0.3,8,resize_small_hu_m600_1500_separadas
1,TEST,0.68,0.7333333333333333,0.9166666666666666,0.46153846153846156,0.6504436355879909,4,0.001,0.0,0.3,8,resize_small_hu_m600_1500_separadas
2,VALIDATION,0.65,0.6956521739130435,0.8888888888888888,0.45454545454545453,0.6356417261637282,4,0.001,0.0,0.3,8,resize_small_hu_m600_1500_separadas
2,TEST,0.52,0.5384615384615384,0.5833333333333334,0.46153846153846156,0.5188745216627708,4,0.001,0.0,0.3,8,resize_small_hu_m600_1500_separadas
3,VALIDATION,0.7,0.7,0.7777777777777778,0.6363636363636364,0.7035264706814485,4,0.001,0.0,0.3,8,resize_small_hu_m600_1500_separadas
3,TEST,0.8,0.8148148148148148,0.9166666666666666,0.6923076923076923,0.7966275068156915,4,0.001,0.0,0.3,8,resize_small_hu_m600_1500_separadas
4,VALIDATION,0.55,0.4,0.3333333333333333,0.7272727272727273,0.49236596391733095,4,0.001,0.0,0.3,8,resize_small_hu_m600_1500_separadas
4,TEST,0.52,0.4,0.3333333333333333,0.6923076923076923,0.48038446141526137,4,0.001,0.0,0.3,8,resize_small_hu_m600_1500_separadas
5,VALIDATION,0.7,0.7272727272727273,0.8,0.6,0.6928203230275509,4,0.001,0.0,0.3,8,resize_small_hu_m600_1500_separadas
5,TEST,0.68,0.6363636363636364,0.6363636363636364,0.7142857142857143,0.674199862463242,4,0.001,0.0,0.3,8,resize_small_hu_m600_1500_separadas
MEAN,VALIDATION,0.6699999999999999,0.6611067193675888,0.76,0.5927272727272727,0.6525806859332108,4,0.001,0.0,0.3,8,resize_small_hu_m600_1500_separadas
MEAN,TEST,0.64,0.6245946645946645,0.6772727272727272,0.6043956043956044,0.6241059975889913,4,0.001,0.0,0.3,8,resize_small_hu_m600_1500_separadas
1,VALIDATION,0.85,0.8571428571428571,1.0,0.7272727272727273,0.8528028654224418,4,0.001,0.0,0.5,8,resize_small_hu_m600_1500_separadas
1,TEST,0.68,0.6923076923076923,0.75,0.6153846153846154,0.6793662204867574,4,0.001,0.0,0.5,8,resize_small_hu_m600_1500_separadas
2,VALIDATION,0.6,0.6666666666666666,0.8888888888888888,0.36363636363636365,0.5685352436149611,4,0.001,0.0,0.5,8,resize_small_hu_m600_1500_separadas
2,TEST,0.52,0.5714285714285714,0.6666666666666666,0.38461538461538464,0.5063696835418333,4,0.001,0.0,0.5,8,resize_small_hu_m600_1500_separadas
3,VALIDATION,0.7,0.7272727272727273,0.8888888888888888,0.5454545454545454,0.6963106238227913,4,0.001,0.0,0.5,8,resize_small_hu_m600_1500_separadas
3,TEST,0.8,0.8148148148148148,0.9166666666666666,0.6923076923076923,0.7966275068156915,4,0.001,0.0,0.5,8,resize_small_hu_m600_1500_separadas
4,VALIDATION,0.55,0.47058823529411764,0.4444444444444444,0.6363636363636364,0.5318160234783105,4,0.001,0.0,0.5,8,resize_small_hu_m600_1500_separadas
4,TEST,0.48,0.23529411764705882,0.16666666666666666,0.7692307692307693,0.35805743701971643,4,0.001,0.0,0.5,8,resize_small_hu_m600_1500_separadas
5,VALIDATION,0.65,0.6666666666666666,0.7,0.6,0.648074069840786,4,0.001,0.0,0.5,8,resize_small_hu_m600_1500_separadas
5,TEST,0.72,0.6666666666666666,0.6363636363636364,0.7857142857142857,0.7071067811865476,4,0.001,0.0,0.5,8,resize_small_hu_m600_1500_separadas
MEAN,VALIDATION,0.67,0.6776674306086071,0.7844444444444445,0.5745454545454545,0.6595077652358581,4,0.001,0.0,0.5,8,resize_small_hu_m600_1500_separadas
MEAN,TEST,0.64,0.5961023725729608,0.6272727272727272,0.6494505494505495,0.6095055258101093,4,0.001,0.0,0.5,8,resize_small_hu_m600_1500_separadas
1,VALIDATION,0.75,0.7368421052631579,0.7777777777777778,0.7272727272727273,0.7521014330903549,4,0.001,1e-05,0.0,8,resize_small_hu_m600_1500_separadas
1,TEST,0.6,0.6153846153846154,0.6666666666666666,0.5384615384615384,0.599144689515278,4,0.001,1e-05,0.0,8,resize_small_hu_m600_1500_separadas
2,VALIDATION,0.7,0.75,1.0,0.45454545454545453,0.674199862463242,4,0.001,1e-05,0.0,8,resize_small_hu_m600_1500_separadas
2,TEST,0.56,0.5217391304347826,0.5,0.6153846153846154,0.5547001962252291,4,0.001,1e-05,0.0,8,resize_small_hu_m600_1500_separadas
3,VALIDATION,0.85,0.8235294117647058,0.7777777777777778,0.9090909090909091,0.8408749651825217,4,0.001,1e-05,0.0,8,resize_small_hu_m600_1500_separadas
3,TEST,0.6,0.5454545454545454,0.5,0.6923076923076923,0.5883484054145521,4,0.001,1e-05,0.0,8,resize_small_hu_m600_1500_separadas
4,VALIDATION,0.6,0.6,0.6666666666666666,0.5454545454545454,0.6030226891555273,4,0.001,1e-05,0.0,8,resize_small_hu_m600_1500_separadas
4,TEST,0.48,0.5517241379310345,0.6666666666666666,0.3076923076923077,0.4529108136578383,4,0.001,1e-05,0.0,8,resize_small_hu_m600_1500_separadas
5,VALIDATION,0.7,0.7272727272727273,0.8,0.6,0.6928203230275509,4,0.001,1e-05,0.0,8,resize_small_hu_m600_1500_separadas
5,TEST,0.68,0.6363636363636364,0.6363636363636364,0.7142857142857143,0.674199862463242,4,0.001,1e-05,0.0,8,resize_small_hu_m600_1500_separadas
MEAN,VALIDATION,0.72,0.7275288488601183,0.8044444444444444,0.6472727272727272,0.7126038545838392,4,0.001,1e-05,0.0,8,resize_small_hu_m600_1500_separadas
MEAN,TEST,0.5840000000000001,0.5741332131137228,0.5939393939393939,0.5736263736263736,0.5738607934552278,4,0.001,1e-05,0.0,8,resize_small_hu_m600_1500_separadas
1,VALIDATION,0.85,0.8571428571428571,1.0,0.7272727272727273,0.8528028654224418,4,0.001,1e-05,0.3,8,resize_small_hu_m600_1500_separadas
1,TEST,0.68,0.6923076923076923,0.75,0.6153846153846154,0.6793662204867574,4,0.001,1e-05,0.3,8,resize_small_hu_m600_1500_separadas
2,VALIDATION,0.7,0.7272727272727273,0.8888888888888888,0.5454545454545454,0.6963106238227913,4,0.001,1e-05,0.3,8,resize_small_hu_m600_1500_separadas
2,TEST,0.52,0.5,0.5,0.5384615384615384,0.5188745216627708,4,0.001,1e-05,0.3,8,resize_small_hu_m600_1500_separadas
3,VALIDATION,0.75,0.7368421052631579,0.7777777777777778,0.7272727272727273,0.7521014330903549,4,0.001,1e-05,0.3,8,resize_small_hu_m600_1500_separadas
3,TEST,0.76,0.7692307692307693,0.8333333333333334,0.6923076923076923,0.75955452531275,4,0.001,1e-05,0.3,8,resize_small_hu_m600_1500_separadas
4,VALIDATION,0.5,0.375,0.3333333333333333,0.6363636363636364,0.4605661864718383,4,0.001,1e-05,0.3,8,resize_small_hu_m600_1500_separadas
4,TEST,0.44,0.2222222222222222,0.16666666666666666,0.6923076923076923,0.3396831102433787,4,0.001,1e-05,0.3,8,resize_small_hu_m600_1500_separadas
5,VALIDATION,0.65,0.72,0.9,0.4,0.6000000000000001,4,0.001,1e-05,0.3,8,resize_small_hu_m600_1500_separadas
5,TEST,0.64,0.6666666666666666,0.8181818181818182,0.5,0.6396021490668313,4,0.001,1e-05,0.3,8,resize_small_hu_m600_1500_separadas
MEAN,VALIDATION,0.69,0.6832515379357484,0.78,0.6072727272727272,0.6723562217614852,4,0.001,1e-05,0.3,8,resize_small_hu_m600_1500_separadas
MEAN,TEST,0.6080000000000001,0.5700854700854701,0.6136363636363636,0.6076923076923076,0.5874161053544976,4,0.001,1e-05,0.3,8,resize_small_hu_m600_1500_separadas
1,VALIDATION,0.8,0.8,0.8888888888888888,0.7272727272727273,0.8040302522073697,4,0.001,1e-05,0.5,8,resize_small_hu_m600_1500_separadas
1,TEST,0.68,0.6923076923076923,0.75,0.6153846153846154,0.6793662204867574,4,0.001,1e-05,0.5,8,resize_small_hu_m600_1500_separadas
2,VALIDATION,0.55,0.4,0.3333333333333333,0.7272727272727273,0.49236596391733095,4,0.001,1e-05,0.5,8,resize_small_hu_m600_1500_separadas
2,TEST,0.52,0.3333333333333333,0.25,0.7692307692307693,0.4385290096535146,4,0.001,1e-05,0.5,8,resize_small_hu_m600_1500_separadas
3,VALIDATION,0.75,0.7368421052631579,0.7777777777777778,0.7272727272727273,0.7521014330903549,4,0.001,1e-05,0.5,8,resize_small_hu_m600_1500_separadas
3,TEST,0.8,0.8148148148148148,0.9166666666666666,0.6923076923076923,0.7966275068156915,4,0.001,1e-05,0.5,8,resize_small_hu_m600_1500_separadas
4,VALIDATION,0.6,0.6,0.6666666666666666,0.5454545454545454,0.6030226891555273,4,0.001,1e-05,0.5,8,resize_small_hu_m600_1500_separadas
4,TEST,0.52,0.4,0.3333333333333333,0.6923076923076923,0.48038446141526137,4,0.001,1e-05,0.5,8,resize_small_hu_m600_1500_separadas
5,VALIDATION,0.7,0.7272727272727273,0.8,0.6,0.6928203230275509,4,0.001,1e-05,0.5,8,resize_small_hu_m600_1500_separadas
5,TEST,0.64,0.6086956521739131,0.6363636363636364,0.6428571428571429,0.6396021490668313,4,0.001,1e-05,0.5,8,resize_small_hu_m600_1500_separadas
MEAN,VALIDATION,0.68,0.6528229665071772,0.6933333333333334,0.6654545454545454,0.6688681322796267,4,0.001,1e-05,0.5,8,resize_small_hu_m600_1500_separadas
MEAN,TEST,0.632,0.5698302985259507,0.5772727272727273,0.6824175824175824,0.6069018694876113,4,0.001,1e-05,0.5,8,resize_small_hu_m600_1500_separadas
1,VALIDATION,0.75,0.7368421052631579,0.7777777777777778,0.7272727272727273,0.7521014330903549,8,0.001,0.0,0.0,8,resize_small_hu_m600_1500_separadas
1,TEST,0.64,0.6666666666666666,0.75,0.5384615384615384,0.6354889093022426,8,0.001,0.0,0.0,8,resize_small_hu_m600_1500_separadas
2,VALIDATION,0.65,0.6666666666666666,0.7777777777777778,0.5454545454545454,0.6513389472789296,8,0.001,0.0,0.0,8,resize_small_hu_m600_1500_separadas
2,TEST,0.52,0.5,0.5,0.5384615384615384,0.5188745216627708,8,0.001,0.0,0.0,8,resize_small_hu_m600_1500_separadas
3,VALIDATION,0.8,0.7142857142857143,0.5555555555555556,1.0,0.7453559924999299,8,0.001,0.0,0.0,8,resize_small_hu_m600_1500_separadas
3,TEST,0.8,0.782608695652174,0.75,0.8461538461538461,0.7966275068156915,8,0.001,0.0,0.0,8,resize_small_hu_m600_1500_separadas
4,VALIDATION,0.6,0.3333333333333333,0.2222222222222222,0.9090909090909091,0.4494665749754947,8,0.001,0.0,0.0,8,resize_small_hu_m600_1500_separadas
4,TEST,0.52,0.0,0.0,1.0,0.0,8,0.001,0.0,0.0,8,resize_small_hu_m600_1500_separadas
5,VALIDATION,0.75,0.7058823529411765,0.6,0.9,0.7348469228349535,8,0.001,0.0,0.0,8,resize_small_hu_m600_1500_separadas
5,TEST,0.56,0.26666666666666666,0.18181818181818182,0.8571428571428571,0.39477101697586137,8,0.001,0.0,0.0,8,resize_small_hu_m600_1500_separadas
MEAN,VALIDATION,0.7100000000000001,0.6314020344980098,0.5866666666666667,0.8163636363636364,0.6666219741359326,8,0.001,0.0,0.0,8,resize_small_hu_m600_1500_separadas
MEAN,TEST,0.6080000000000001,0.4431884057971014,0.43636363636363634,0.756043956043956,0.46915239095131334,8,0.001,0.0,0.0,8,resize_small_hu_m600_1500_separadas
1,VALIDATION,0.75,0.7368421052631579,0.7777777777777778,0.7272727272727273,0.7521014330903549,8,0.001,0.0,0.3,8,resize_small_hu_m600_1500_separadas
1,TEST,0.68,0.6923076923076923,0.75,0.6153846153846154,0.6793662204867574,8,0.001,0.0,0.3,8,resize_small_hu_m600_1500_separadas
2,VALIDATION,0.6,0.6666666666666666,0.8888888888888888,0.36363636363636365,0.5685352436149611,8,0.001,0.0,0.3,8,resize_small_hu_m600_1500_separadas
2,TEST,0.48,0.5185185185185185,0.5833333333333334,0.38461538461538464,0.47366546671567095,8,0.001,0.0,0.3,8,resize_small_hu_m600_1500_separadas
3,VALIDATION,0.8,0.7777777777777778,0.7777777777777778,0.8181818181818182,0.7977240352174657,8,0.001,0.0,0.3,8,resize_small_hu_m600_1500_separadas
3,TEST,0.76,0.7692307692307693,0.8333333333333334,0.6923076923076923,0.75955452531275,8,0.001,0.0,0.3,8,resize_small_hu_m600_1500_separadas
4,VALIDATION,0.6,0.3333333333333333,0.2222222222222222,0.9090909090909091,0.4494665749754947,8,0.001,0.0,0.3,8,resize_small_hu_m600_1500_separadas
4,TEST,0.52,0.14285714285714285,0.08333333333333333,0.9230769230769231,0.2773500981126146,8,0.001,0.0,0.3,8,resize_small_hu_m600_1500_separadas
5,VALIDATION,0.65,0.72,0.9,0.4,0.6000000000000001,8,0.001,0.0,0.3,8,resize_small_hu_m600_1500_separadas
5,TEST,0.64,0.6666666666666666,0.8181818181818182,0.5,0.6396021490668313,8,0.001,0.0,0.3,8,resize_small_hu_m600_1500_separadas
MEAN,VALIDATION,0.68,0.6469239766081871,0.7133333333333333,0.6436363636363637,0.6335654573796554,8,0.001,0.0,0.3,8,resize_small_hu_m600_1500_separadas
MEAN,TEST,0.6160000000000001,0.5579161579161578,0.6136363636363638,0.6230769230769231,0.5659076919389249,8,0.001,0.0,0.3,8,resize_small_hu_m600_1500_separadas
1,VALIDATION,0.75,0.782608695652174,1.0,0.5454545454545454,0.7385489458759964,8,0.001,0.0,0.5,8,resize_small_hu_m600_1500_separadas
1,TEST,0.64,0.7096774193548387,0.9166666666666666,0.38461538461538464,0.5937710859953544,8,0.001,0.0,0.5,8,resize_small_hu_m600_1500_separadas
2,VALIDATION,0.65,0.6956521739130435,0.8888888888888888,0.45454545454545453,0.6356417261637282,8,0.001,0.0,0.5,8,resize_small_hu_m600_1500_separadas
2,TEST,0.48,0.48,0.5,0.46153846153846156,0.4803844614152614,8,0.001,0.0,0.5,8,resize_small_hu_m600_1500_separadas
3,VALIDATION,0.65,0.5882352941176471,0.5555555555555556,0.7272727272727273,0.6356417261637283,8,0.001,0.0,0.5,8,resize_small_hu_m600_1500_separadas
3,TEST,0.76,0.7857142857142857,0.9166666666666666,0.6153846153846154,0.7510676161988108,8,0.001,0.0,0.5,8,resize_small_hu_m600_1500_separadas
4,VALIDATION,0.55,0.5263157894736842,0.5555555555555556,0.5454545454545454,0.5504818825631803,8,0.001,0.0,0.5,8,resize_small_hu_m600_1500_separadas
4,TEST,0.48,0.38095238095238093,0.3333333333333333,0.6153846153846154,0.4529108136578383,8,0.001,0.0,0.5,8,resize_small_hu_m600_1500_separadas
5,VALIDATION,0.65,0.72,0.9,0.4,0.6000000000000001,8,0.001,0.0,0.5,8,resize_small_hu_m600_1500_separadas
5,TEST,0.64,0.6666666666666666,0.8181818181818182,0.5,0.6396021490668313,8,0.001,0.0,0.5,8,resize_small_hu_m600_1500_separadas
MEAN,VALIDATION,0.6499999999999999,0.6625623906313096,0.78,0.5345454545454544,0.6320628561533266,8,0.001,0.0,0.5,8,resize_small_hu_m600_1500_separadas
MEAN,TEST,0.6000000000000001,0.6046021505376344,0.696969696969697,0.5153846153846154,0.5835472252668192,8,0.001,0.0,0.5,8,resize_small_hu_m600_1500_separadas
1,VALIDATION,0.75,0.7368421052631579,0.7777777777777778,0.7272727272727273,0.7521014330903549,8,0.001,1e-05,0.0,8,resize_small_hu_m600_1500_separadas
1,TEST,0.52,0.4,0.3333333333333333,0.6923076923076923,0.48038446141526137,8,0.001,1e-05,0.0,8,resize_small_hu_m600_1500_separadas
2,VALIDATION,0.75,0.7619047619047619,0.8888888888888888,0.6363636363636364,0.7521014330903549,8,0.001,1e-05,0.0,8,resize_small_hu_m600_1500_separadas
2,TEST,0.6,0.5454545454545454,0.5,0.6923076923076923,0.5883484054145521,8,0.001,1e-05,0.0,8,resize_small_hu_m600_1500_separadas
3,VALIDATION,0.75,0.7368421052631579,0.7777777777777778,0.7272727272727273,0.7521014330903549,8,0.001,1e-05,0.0,8,resize_small_hu_m600_1500_separadas
3,TEST,0.64,0.64,0.6666666666666666,0.6153846153846154,0.6405126152203485,8,0.001,1e-05,0.0,8,resize_small_hu_m600_1500_separadas
4,VALIDATION,0.65,0.631578947368421,0.6666666666666666,0.6363636363636364,0.6513389472789296,8,0.001,1e-05,0.0,8,resize_small_hu_m600_1500_separadas
4,TEST,0.52,0.5384615384615384,0.5833333333333334,0.46153846153846156,0.5188745216627708,8,0.001,1e-05,0.0,8,resize_small_hu_m600_1500_separadas
5,VALIDATION,0.65,0.6666666666666666,0.7,0.6,0.648074069840786,8,0.001,1e-05,0.0,8,resize_small_hu_m600_1500_separadas
5,TEST,0.76,0.6666666666666666,0.5454545454545454,0.9285714285714286,0.7116835718867666,8,0.001,1e-05,0.0,8,resize_small_hu_m600_1500_separadas
MEAN,VALIDATION,0.71,0.7067669172932332,0.7622222222222221,0.6654545454545454,0.711143463278156,8,0.001,1e-05,0.0,8,resize_small_hu_m600_1500_separadas
MEAN,TEST,0.608,0.55811655011655,0.5257575757575758,0.6780219780219781,0.5879607151199399,8,0.001,1e-05,0.0,8,resize_small_hu_m600_1500_separadas
1,VALIDATION,0.8,0.8,0.8888888888888888,0.7272727272727273,0.8040302522073697,8,0.001,1e-05,0.3,8,resize_small_hu_m600_1500_separadas
1,TEST,0.68,0.6923076923076923,0.75,0.6153846153846154,0.6793662204867574,8,0.001,1e-05,0.3,8,resize_small_hu_m600_1500_separadas
2,VALIDATION,0.7,0.7272727272727273,0.8888888888888888,0.5454545454545454,0.6963106238227913,8,0.001,1e-05,0.3,8,resize_small_hu_m600_1500_separadas
2,TEST,0.52,0.5,0.5,0.5384615384615384,0.5188745216627708,8,0.001,1e-05,0.3,8,resize_small_hu_m600_1500_separadas
3,VALIDATION,0.65,0.6956521739130435,0.8888888888888888,0.45454545454545453,0.6356417261637282,8,0.001,1e-05,0.3,8,resize_small_hu_m600_1500_separadas
3,TEST,0.84,0.8571428571428571,1.0,0.6923076923076923,0.8320502943378437,8,0.001,1e-05,0.3,8,resize_small_hu_m600_1500_separadas
4,VALIDATION,0.45,0.42105263157894735,0.4444444444444444,0.45454545454545453,0.4494665749754947,8,0.001,1e-05,0.3,8,resize_small_hu_m600_1500_separadas
4,TEST,0.52,0.5714285714285714,0.6666666666666666,0.38461538461538464,0.5063696835418333,8,0.001,1e-05,0.3,8,resize_small_hu_m600_1500_separadas
5,VALIDATION,0.65,0.72,0.9,0.4,0.6000000000000001,8,0.001,1e-05,0.3,8,resize_small_hu_m600_1500_separadas
5,TEST,0.6,0.6428571428571429,0.8181818181818182,0.42857142857142855,0.592156525463792,8,0.001,1e-05,0.3,8,resize_small_hu_m600_1500_separadas
MEAN,VALIDATION,0.65,0.6727955065529436,0.8022222222222222,0.5163636363636364,0.6370898354338768,8,0.001,1e-05,0.3,8,resize_small_hu_m600_1500_separadas
MEAN,TEST,0.632,0.6527472527472526,0.746969696969697,0.5318681318681319,0.6257634490985995,8,0.001,1e-05,0.3,8,resize_small_hu_m600_1500_separadas
1,VALIDATION,0.7,0.7272727272727273,0.8888888888888888,0.5454545454545454,0.6963106238227913,8,0.001,1e-05,0.5,8,resize_small_hu_m600_1500_separadas
1,TEST,0.64,0.6896551724137931,0.8333333333333334,0.46153846153846156,0.6201736729460423,8,0.001,1e-05,0.5,8,resize_small_hu_m600_1500_separadas
2,VALIDATION,0.55,0.64,0.8888888888888888,0.2727272727272727,0.4923659639173309,8,0.001,1e-05,0.5,8,resize_small_hu_m600_1500_separadas
2,TEST,0.4,0.4827586206896552,0.5833333333333334,0.23076923076923078,0.36689969285267143,8,0.001,1e-05,0.5,8,resize_small_hu_m600_1500_separadas
3,VALIDATION,0.55,0.6086956521739131,0.7777777777777778,0.36363636363636365,0.5318160234783105,8,0.001,1e-05,0.5,8,resize_small_hu_m600_1500_separadas
3,TEST,0.72,0.7586206896551724,0.9166666666666666,0.5384615384615384,0.7025594235292439,8,0.001,1e-05,0.5,8,resize_small_hu_m600_1500_separadas
4,VALIDATION,0.6,0.5555555555555556,0.5555555555555556,0.6363636363636364,0.5945883900105632,8,0.001,1e-05,0.5,8,resize_small_hu_m600_1500_separadas
4,TEST,0.52,0.4,0.3333333333333333,0.6923076923076923,0.48038446141526137,8,0.001,1e-05,0.5,8,resize_small_hu_m600_1500_separadas
5,VALIDATION,0.7,0.75,0.9,0.5,0.6708203932499369,8,0.001,1e-05,0.5,8,resize_small_hu_m600_1500_separadas
5,TEST,0.6,0.6428571428571429,0.8181818181818182,0.42857142857142855,0.592156525463792,8,0.001,1e-05,0.5,8,resize_small_hu_m600_1500_separadas
MEAN,VALIDATION,0.6199999999999999,0.6563047870004391,0.8022222222222222,0.46363636363636357,0.5971802788957865,8,0.001,1e-05,0.5,8,resize_small_hu_m600_1500_separadas
MEAN,TEST,0.5760000000000001,0.5947783251231528,0.696969696969697,0.4703296703296703,0.5524347552414023,8,0.001,1e-05,0.5,8,resize_small_hu_m600_1500_separadas
1,VALIDATION,0.65,0.6956521739130435,0.8888888888888888,0.45454545454545453,0.6356417261637282,4,0.001,0.0,0.0,8,resize_cube64_hu_m600_1500
1,TEST,0.52,0.45454545454545453,0.4166666666666667,0.6153846153846154,0.5063696835418333,4,0.001,0.0,0.0,8,resize_cube64_hu_m600_1500
2,VALIDATION,0.65,0.6666666666666666,0.7777777777777778,0.5454545454545454,0.6513389472789296,4,0.001,0.0,0.0,8,resize_cube64_hu_m600_1500
2,TEST,0.52,0.5,0.5,0.5384615384615384,0.5188745216627708,4,0.001,0.0,0.0,8,resize_cube64_hu_m600_1500
3,VALIDATION,0.8,0.75,0.6666666666666666,0.9090909090909091,0.7784989441615229,4,0.001,0.0,0.0,8,resize_cube64_hu_m600_1500
3,TEST,0.8,0.8275862068965517,1.0,0.6153846153846154,0.7844645405527362,4,0.001,0.0,0.0,8,resize_cube64_hu_m600_1500
4,VALIDATION,0.6,0.5,0.4444444444444444,0.7272727272727273,0.5685352436149611,4,0.001,0.0,0.0,8,resize_cube64_hu_m600_1500
4,TEST,0.56,0.42105263157894735,0.3333333333333333,0.7692307692307693,0.5063696835418333,4,0.001,0.0,0.0,8,resize_cube64_hu_m600_1500
5,VALIDATION,0.7,0.7692307692307693,1.0,0.4,0.6324555320336759,4,0.001,0.0,0.0,8,resize_cube64_hu_m600_1500
5,TEST,0.68,0.7333333333333333,1.0,0.42857142857142855,0.6546536707079771,4,0.001,0.0,0.0,8,resize_cube64_hu_m600_1500
MEAN,VALIDATION,0.68,0.6763099219620958,0.7555555555555555,0.6072727272727273,0.6532940786505635,4,0.001,0.0,0.0,8,resize_cube64_hu_m600_1500
MEAN,TEST,0.6160000000000001,0.5873035252708574,0.65,0.5934065934065933,0.5941464200014301,4,0.001,0.0,0.0,8,resize_cube64_hu_m600_1500
1,VALIDATION,0.75,0.7619047619047619,0.8888888888888888,0.6363636363636364,0.7521014330903549,4,0.001,0.0,0.3,8,resize_cube64_hu_m600_1500
1,TEST,0.64,0.6666666666666666,0.75,0.5384615384615384,0.6354889093022426,4,0.001,0.0,0.3,8,resize_cube64_hu_m600_1500
2,VALIDATION,0.7,0.75,1.0,0.45454545454545453,0.674199862463242,4,0.001,0.0,0.3,8,resize_cube64_hu_m600_1500
2,TEST,0.4,0.4444444444444444,0.5,0.3076923076923077,0.3922322702763681,4,0.001,0.0,0.3,8,resize_cube64_hu_m600_1500
3,VALIDATION,0.8,0.7777777777777778,0.7777777777777778,0.8181818181818182,0.7977240352174657,4,0.001,0.0,0.3,8,resize_cube64_hu_m600_1500
3,TEST,0.76,0.7692307692307693,0.8333333333333334,0.6923076923076923,0.75955452531275,4,0.001,0.0,0.3,8,resize_cube64_hu_m600_1500
4,VALIDATION,0.55,0.6086956521739131,0.7777777777777778,0.36363636363636365,0.5318160234783105,4,0.001,0.0,0.3,8,resize_cube64_hu_m600_1500
4,TEST,0.48,0.5185185185185185,0.5833333333333334,0.38461538461538464,0.47366546671567095,4,0.001,0.0,0.3,8,resize_cube64_hu_m600_1500
5,VALIDATION,0.7,0.75,0.9,0.5,0.6708203932499369,4,0.001,0.0,0.3,8,resize_cube64_hu_m600_1500
5,TEST,0.68,0.6923076923076923,0.8181818181818182,0.5714285714285714,0.6837634587578277,4,0.001,0.0,0.3,8,resize_cube64_hu_m600_1500
MEAN,VALIDATION,0.7,0.7296756383712906,0.8688888888888888,0.5545454545454546,0.685332349499862,4,0.001,0.0,0.3,8,resize_cube64_hu_m600_1500
MEAN,TEST,0.5920000000000001,0.6182336182336183,0.696969696969697,0.4989010989010989,0.5889409260729719,4,0.001,0.0,0.3,8,resize_cube64_hu_m600_1500
1,VALIDATION,0.7,0.7272727272727273,0.8888888888888888,0.5454545454545454,0.6963106238227913,4,0.001,0.0,0.5,8,resize_cube64_hu_m600_1500
1,TEST,0.56,0.6206896551724138,0.75,0.38461538461538464,0.5370861555295747,4,0.001,0.0,0.5,8,resize_cube64_hu_m600_1500
2,VALIDATION,0.6,0.6923076923076923,1.0,0.2727272727272727,0.5222329678670935,4,0.001,0.0,0.5,8,resize_cube64_hu_m600_1500
2,TEST,0.44,0.5333333333333333,0.6666666666666666,0.23076923076923078,0.3922322702763681,4,0.001,0.0,0.5,8,resize_cube64_hu_m600_1500
3,VALIDATION,0.6,0.6923076923076923,1.0,0.2727272727272727,0.5222329678670935,4,0.001,0.0,0.5,8,resize_cube64_hu_m600_1500
3,TEST,0.64,0.7272727272727273,1.0,0.3076923076923077,0.5547001962252291,4,0.001,0.0,0.5,8,resize_cube64_hu_m600_1500
4,VALIDATION,0.55,0.64,0.8888888888888888,0.2727272727272727,0.4923659639173309,4,0.001,0.0,0.5,8,resize_cube64_hu_m600_1500
4,TEST,0.44,0.5625,0.75,0.15384615384615385,0.3396831102433787,4,0.001,0.0,0.5,8,resize_cube64_hu_m600_1500
5,VALIDATION,0.7,0.7692307692307693,1.0,0.4,0.6324555320336759,4,0.001,0.0,0.5,8,resize_cube64_hu_m600_1500
5,TEST,0.68,0.7142857142857143,0.9090909090909091,0.5,0.674199862463242,4,0.001,0.0,0.5,8,resize_cube64_hu_m600_1500
MEAN,VALIDATION,0.6300000000000001,0.7042237762237762,0.9555555555555555,0.3527272727272727,0.573119611101597,4,0.001,0.0,0.5,8,resize_cube64_hu_m600_1500
MEAN,TEST,0.552,0.6316162860128378,0.8151515151515151,0.31538461538461543,0.4995803189475585,4,0.001,0.0,0.5,8,resize_cube64_hu_m600_1500
1,VALIDATION,0.65,0.6956521739130435,0.8888888888888888,0.45454545454545453,0.6356417261637282,4,0.001,1e-05,0.0,8,resize_cube64_hu_m600_1500
1,TEST,0.52,0.6,0.75,0.3076923076923077,0.4803844614152614,4,0.001,1e-05,0.0,8,resize_cube64_hu_m600_1500
2,VALIDATION,0.75,0.7619047619047619,0.8888888888888888,0.6363636363636364,0.7521014330903549,4,0.001,1e-05,0.0,8,resize_cube64_hu_m600_1500
2,TEST,0.64,0.6666666666666666,0.75,0.5384615384615384,0.6354889093022426,4,0.001,1e-05,0.0,8,resize_cube64_hu_m600_1500
3,VALIDATION,0.8,0.7777777777777778,0.7777777777777778,0.8181818181818182,0.7977240352174657,4,0.001,1e-05,0.0,8,resize_cube64_hu_m600_1500
3,TEST,0.64,0.6896551724137931,0.8333333333333334,0.46153846153846156,0.6201736729460423,4,0.001,1e-05,0.0,8,resize_cube64_hu_m600_1500
4,VALIDATION,0.7,0.5,0.3333333333333333,1.0,0.5773502691896257,4,0.001,1e-05,0.0,8,resize_cube64_hu_m600_1500
4,TEST,0.56,0.15384615384615385,0.08333333333333333,1.0,0.28867513459481287,4,0.001,1e-05,0.0,8,resize_cube64_hu_m600_1500
5,VALIDATION,0.6,0.6363636363636364,0.7,0.5,0.5916079783099616,4,0.001,1e-05,0.0,8,resize_cube64_hu_m600_1500
5,TEST,0.76,0.7,0.6363636363636364,0.8571428571428571,0.7385489458759964,4,0.001,1e-05,0.0,8,resize_cube64_hu_m600_1500
MEAN,VALIDATION,0.7000000000000001,0.6743396699918438,0.7177777777777777,0.6818181818181819,0.6708850883942273,4,0.001,1e-05,0.0,8,resize_cube64_hu_m600_1500
MEAN,TEST,0.624,0.5620335985853228,0.6106060606060606,0.6329670329670329,0.5526542248268711,4,0.001,1e-05,0.0,8,resize_cube64_hu_m600_1500
1,VALIDATION,0.7,0.7272727272727273,0.8888888888888888,0.5454545454545454,0.6963106238227913,4,0.001,1e-05,0.3,8,resize_cube64_hu_m600_1500
1,TEST,0.6,0.6666666666666666,0.8333333333333334,0.38461538461538464,0.5661385170722979,4,0.001,1e-05,0.3,8,resize_cube64_hu_m600_1500
2,VALIDATION,0.6,0.6923076923076923,1.0,0.2727272727272727,0.5222329678670935,4,0.001,1e-05,0.3,8,resize_cube64_hu_m600_1500
2,TEST,0.48,0.6060606060606061,0.8333333333333334,0.15384615384615385,0.3580574370197165,4,0.001,1e-05,0.3,8,resize_cube64_hu_m600_1500
3,VALIDATION,0.8,0.8181818181818182,1.0,0.6363636363636364,0.7977240352174656,4,0.001,1e-05,0.3,8,resize_cube64_hu_m600_1500
3,TEST,0.8,0.8148148148148148,0.9166666666666666,0.6923076923076923,0.7966275068156915,4,0.001,1e-05,0.3,8,resize_cube64_hu_m600_1500
4,VALIDATION,0.5,0.5,0.5555555555555556,0.45454545454545453,0.502518907629606,4,0.001,1e-05,0.3,8,resize_cube64_hu_m600_1500
4,TEST,0.52,0.5714285714285714,0.6666666666666666,0.38461538461538464,0.5063696835418333,4,0.001,1e-05,0.3,8,resize_cube64_hu_m600_1500
5,VALIDATION,0.65,0.72,0.9,0.4,0.6000000000000001,4,0.001,1e-05,0.3,8,resize_cube64_hu_m600_1500
5,TEST,0.68,0.6923076923076923,0.8181818181818182,0.5714285714285714,0.6837634587578277,4,0.001,1e-05,0.3,8,resize_cube64_hu_m600_1500
MEAN,VALIDATION,0.6499999999999999,0.6915524475524476,0.868888888888889,0.4618181818181818,0.6237573069073913,4,0.001,1e-05,0.3,8,resize_cube64_hu_m600_1500
MEAN,TEST,0.6160000000000001,0.6702556702556702,0.8136363636363637,0.4373626373626374,0.5821913206414734,4,0.001,1e-05,0.3,8,resize_cube64_hu_m600_1500
1,VALIDATION,0.75,0.7619047619047619,0.8888888888888888,0.6363636363636364,0.7521014330903549,4,0.001,1e-05,0.5,8,resize_cube64_hu_m600_1500
1,TEST,0.64,0.6896551724137931,0.8333333333333334,0.46153846153846156,0.6201736729460423,4,0.001,1e-05,0.5,8,resize_cube64_hu_m600_1500
2,VALIDATION,0.7,0.75,1.0,0.45454545454545453,0.674199862463242,4,0.001,1e-05,0.5,8,resize_cube64_hu_m600_1500
2,TEST,0.56,0.5925925925925926,0.6666666666666666,0.46153846153846156,0.5547001962252291,4,0.001,1e-05,0.5,8,resize_cube64_hu_m600_1500
3,VALIDATION,0.55,0.64,0.8888888888888888,0.2727272727272727,0.4923659639173309,4,0.001,1e-05,0.5,8,resize_cube64_hu_m600_1500
3,TEST,0.64,0.7272727272727273,1.0,0.3076923076923077,0.5547001962252291,4,0.001,1e-05,0.5,8,resize_cube64_hu_m600_1500
4,VALIDATION,0.5,0.5454545454545454,0.6666666666666666,0.36363636363636365,0.49236596391733095,4,0.001,1e-05,0.5,8,resize_cube64_hu_m600_1500
4,TEST,0.64,0.6896551724137931,0.8333333333333334,0.46153846153846156,0.6201736729460423,4,0.001,1e-05,0.5,8,resize_cube64_hu_m600_1500
5,VALIDATION,0.6,0.6,0.6,0.6,0.6,4,0.001,1e-05,0.5,8,resize_cube64_hu_m600_1500
5,TEST,0.6,0.5454545454545454,0.5454545454545454,0.6428571428571429,0.592156525463792,4,0.001,1e-05,0.5,8,resize_cube64_hu_m600_1500
MEAN,VALIDATION,0.62,0.6594718614718615,0.8088888888888889,0.46545454545454545,0.6022066446776517,4,0.001,1e-05,0.5,8,resize_cube64_hu_m600_1500
MEAN,TEST,0.6160000000000001,0.6489260420294902,0.7757575757575758,0.46703296703296704,0.5883808527612671,4,0.001,1e-05,0.5,8,resize_cube64_hu_m600_1500
1,VALIDATION,0.65,0.6956521739130435,0.8888888888888888,0.45454545454545453,0.6356417261637282,8,0.001,0.0,0.0,8,resize_cube64_hu_m600_1500
1,TEST,0.48,0.5517241379310345,0.6666666666666666,0.3076923076923077,0.4529108136578383,8,0.001,0.0,0.0,8,resize_cube64_hu_m600_1500
2,VALIDATION,0.6,0.6666666666666666,0.8888888888888888,0.36363636363636365,0.5685352436149611,8,0.001,0.0,0.0,8,resize_cube64_hu_m600_1500
2,TEST,0.68,0.6923076923076923,0.75,0.6153846153846154,0.6793662204867574,8,0.001,0.0,0.0,8,resize_cube64_hu_m600_1500
3,VALIDATION,0.75,0.7058823529411765,0.6666666666666666,0.8181818181818182,0.7385489458759964,8,0.001,0.0,0.0,8,resize_cube64_hu_m600_1500
3,TEST,0.72,0.6956521739130435,0.6666666666666666,0.7692307692307693,0.7161148740394329,8,0.001,0.0,0.0,8,resize_cube64_hu_m600_1500
4,VALIDATION,0.55,0.5263157894736842,0.5555555555555556,0.5454545454545454,0.5504818825631803,8,0.001,0.0,0.0,8,resize_cube64_hu_m600_1500
4,TEST,0.52,0.45454545454545453,0.4166666666666667,0.6153846153846154,0.5063696835418333,8,0.001,0.0,0.0,8,resize_cube64_hu_m600_1500
5,VALIDATION,0.7,0.7272727272727273,0.8,0.6,0.6928203230275509,8,0.001,0.0,0.0,8,resize_cube64_hu_m600_1500
5,TEST,0.68,0.6,0.5454545454545454,0.7857142857142857,0.6546536707079771,8,0.001,0.0,0.0,8,resize_cube64_hu_m600_1500
MEAN,VALIDATION,0.65,0.6643579420534597,0.76,0.5563636363636364,0.6372056242490833,8,0.001,0.0,0.0,8,resize_cube64_hu_m600_1500
MEAN,TEST,0.6160000000000001,0.598845891739445,0.609090909090909,0.6186813186813187,0.6018830524867678,8,0.001,0.0,0.0,8,resize_cube64_hu_m600_1500
1,VALIDATION,0.65,0.72,1.0,0.36363636363636365,0.6030226891555273,8,0.001,0.0,0.3,8,resize_cube64_hu_m600_1500
1,TEST,0.52,0.6470588235294118,0.9166666666666666,0.15384615384615385,0.3755338080994054,8,0.001,0.0,0.3,8,resize_cube64_hu_m600_1500
2,VALIDATION,0.7,0.7272727272727273,0.8888888888888888,0.5454545454545454,0.6963106238227913,8,0.001,0.0,0.3,8,resize_cube64_hu_m600_1500
2,TEST,0.52,0.5384615384615384,0.5833333333333334,0.46153846153846156,0.5188745216627708,8,0.001,0.0,0.3,8,resize_cube64_hu_m600_1500
3,VALIDATION,0.75,0.7058823529411765,0.6666666666666666,0.8181818181818182,0.7385489458759964,8,0.001,0.0,0.3,8,resize_cube64_hu_m600_1500
3,TEST,0.48,0.43478260869565216,0.4166666666666667,0.5384615384615384,0.47366546671567095,8,0.001,0.0,0.3,8,resize_cube64_hu_m600_1500
4,VALIDATION,0.55,0.6086956521739131,0.7777777777777778,0.36363636363636365,0.5318160234783105,8,0.001,0.0,0.3,8,resize_cube64_hu_m600_1500
4,TEST,0.52,0.6470588235294118,0.9166666666666666,0.15384615384615385,0.3755338080994054,8,0.001,0.0,0.3,8,resize_cube64_hu_m600_1500
5,VALIDATION,0.5,0.5,0.5,0.5,0.5,8,0.001,0.0,0.3,8,resize_cube64_hu_m600_1500
5,TEST,0.68,0.5555555555555556,0.45454545454545453,0.8571428571428571,0.6241877839323592,8,0.001,0.0,0.3,8,resize_cube64_hu_m600_1500
MEAN,VALIDATION,0.6300000000000001,0.6523701464775634,0.7666666666666666,0.5181818181818182,0.6139396564665252,8,0.001,0.0,0.3,8,resize_cube64_hu_m600_1500
MEAN,TEST,0.544,0.5645834699543139,0.6575757575757576,0.4329670329670329,0.47355907770192235,8,0.001,0.0,0.3,8,resize_cube64_hu_m600_1500
1,VALIDATION,0.65,0.6666666666666666,0.7777777777777778,0.5454545454545454,0.6513389472789296,8,0.001,0.0,0.5,8,resize_cube64_hu_m600_1500
1,TEST,0.64,0.6896551724137931,0.8333333333333334,0.46153846153846156,0.6201736729460423,8,0.001,0.0,0.5,8,resize_cube64_hu_m600_1500
2,VALIDATION,0.5,0.5833333333333334,0.7777777777777778,0.2727272727272727,0.4605661864718383,8,0.001,0.0,0.5,8,resize_cube64_hu_m600_1500
2,TEST,0.4,0.4827586206896552,0.5833333333333334,0.23076923076923078,0.36689969285267143,8,0.001,0.0,0.5,8,resize_cube64_hu_m600_1500
3,VALIDATION,0.65,0.5333333333333333,0.4444444444444444,0.8181818181818182,0.6030226891555273,8,0.001,0.0,0.5,8,resize_cube64_hu_m600_1500
3,TEST,0.68,0.7142857142857143,0.8333333333333334,0.5384615384615384,0.6698641270570836,8,0.001,0.0,0.5,8,resize_cube64_hu_m600_1500
4,VALIDATION,0.55,0.5263157894736842,0.5555555555555556,0.5454545454545454,0.5504818825631803,8,0.001,0.0,0.5,8,resize_cube64_hu_m600_1500
4,TEST,0.48,0.38095238095238093,0.3333333333333333,0.6153846153846154,0.4529108136578383,8,0.001,0.0,0.5,8,resize_cube64_hu_m600_1500
5,VALIDATION,0.55,0.64,0.8,0.3,0.4898979485566356,8,0.001,0.0,0.5,8,resize_cube64_hu_m600_1500
5,TEST,0.6,0.6666666666666666,0.9090909090909091,0.35714285714285715,0.5698028822981898,8,0.001,0.0,0.5,8,resize_cube64_hu_m600_1500
MEAN,VALIDATION,0.5799999999999998,0.5899298245614035,0.671111111111111,0.4963636363636363,0.5510615308052222,8,0.001,0.0,0.5,8,resize_cube64_hu_m600_1500
MEAN,TEST,0.56,0.586863711001642,0.6984848484848485,0.4406593406593407,0.5359302377623651,8,0.001,0.0,0.5,8,resize_cube64_hu_m600_1500
1,VALIDATION,0.75,0.7058823529411765,0.6666666666666666,0.8181818181818182,0.7385489458759964,8,0.001,1e-05,0.0,8,resize_cube64_hu_m600_1500
1,TEST,0.48,0.43478260869565216,0.4166666666666667,0.5384615384615384,0.47366546671567095,8,0.001,1e-05,0.0,8,resize_cube64_hu_m600_1500
2,VALIDATION,0.65,0.5333333333333333,0.4444444444444444,0.8181818181818182,0.6030226891555273,8,0.001,1e-05,0.0,8,resize_cube64_hu_m600_1500
2,TEST,0.52,0.4,0.3333333333333333,0.6923076923076923,0.48038446141526137,8,0.001,1e-05,0.0,8,resize_cube64_hu_m600_1500
3,VALIDATION,0.65,0.631578947368421,0.6666666666666666,0.6363636363636364,0.6513389472789296,8,0.001,1e-05,0.0,8,resize_cube64_hu_m600_1500
3,TEST,0.48,0.5517241379310345,0.6666666666666666,0.3076923076923077,0.4529108136578383,8,0.001,1e-05,0.0,8,resize_cube64_hu_m600_1500
4,VALIDATION,0.6,0.5555555555555556,0.5555555555555556,0.6363636363636364,0.5945883900105632,8,0.001,1e-05,0.0,8,resize_cube64_hu_m600_1500
4,TEST,0.6,0.5454545454545454,0.5,0.6923076923076923,0.5883484054145521,8,0.001,1e-05,0.0,8,resize_cube64_hu_m600_1500
5,VALIDATION,0.65,0.5333333333333333,0.4,0.9,0.6000000000000001,8,0.001,1e-05,0.0,8,resize_cube64_hu_m600_1500
5,TEST,0.64,0.3076923076923077,0.18181818181818182,1.0,0.4264014327112209,8,0.001,1e-05,0.0,8,resize_cube64_hu_m600_1500
MEAN,VALIDATION,0.6599999999999999,0.5919367045063639,0.5466666666666666,0.7618181818181818,0.6374997944642034,8,0.001,1e-05,0.0,8,resize_cube64_hu_m600_1500
MEAN,TEST,0.544,0.44793071995470796,0.4196969696969696,0.6461538461538462,0.4843421159829087,8,0.001,1e-05,0.0,8,resize_cube64_hu_m600_1500
1,VALIDATION,0.65,0.72,1.0,0.36363636363636365,0.6030226891555273,8,0.001,1e-05,0.3,8,resize_cube64_hu_m600_1500
1,TEST,0.48,0.6285714285714286,0.9166666666666666,0.07692307692307693,0.2655425022718972,8,0.001,1e-05,0.3,8,resize_cube64_hu_m600_1500
2,VALIDATION,0.65,0.72,1.0,0.36363636363636365,0.6030226891555273,8,0.001,1e-05,0.3,8,resize_cube64_hu_m600_1500
2,TEST,0.56,0.6206896551724138,0.75,0.38461538461538464,0.5370861555295747,8,0.001,1e-05,0.3,8,resize_cube64_hu_m600_1500
3,VALIDATION,0.65,0.631578947368421,0.6666666666666666,0.6363636363636364,0.6513389472789296,8,0.001,1e-05,0.3,8,resize_cube64_hu_m600_1500
3,TEST,0.52,0.625,0.8333333333333334,0.23076923076923078,0.4385290096535146,8,0.001,1e-05,0.3,8,resize_cube64_hu_m600_1500
4,VALIDATION,0.55,0.64,0.8888888888888888,0.2727272727272727,0.4923659639173309,8,0.001,1e-05,0.3,8,resize_cube64_hu_m600_1500
4,TEST,0.52,0.6666666666666666,1.0,0.07692307692307693,0.2773500981126146,8,0.001,1e-05,0.3,8,resize_cube64_hu_m600_1500
5,VALIDATION,0.65,0.6666666666666666,0.7,0.6,0.648074069840786,8,0.001,1e-05,0.3,8,resize_cube64_hu_m600_1500
5,TEST,0.76,0.75,0.8181818181818182,0.7142857142857143,0.7644707871564383,8,0.001,1e-05,0.3,8,resize_cube64_hu_m600_1500
MEAN,VALIDATION,0.63,0.6756491228070175,0.8511111111111112,0.44727272727272727,0.5995648718696202,8,0.001,1e-05,0.3,8,resize_cube64_hu_m600_1500
MEAN,TEST,0.568,0.6581855500821018,0.8636363636363636,0.2967032967032967,0.45659571054480785,8,0.001,1e-05,0.3,8,resize_cube64_hu_m600_1500
1,VALIDATION,0.65,0.6666666666666666,0.7777777777777778,0.5454545454545454,0.6513389472789296,8,0.001,1e-05,0.5,8,resize_cube64_hu_m600_1500
1,TEST,0.64,0.6666666666666666,0.75,0.5384615384615384,0.6354889093022426,8,0.001,1e-05,0.5,8,resize_cube64_hu_m600_1500
2,VALIDATION,0.5,0.6428571428571429,1.0,0.09090909090909091,0.30151134457776363,8,0.001,1e-05,0.5,8,resize_cube64_hu_m600_1500
2,TEST,0.44,0.5625,0.75,0.15384615384615385,0.3396831102433787,8,0.001,1e-05,0.5,8,resize_cube64_hu_m600_1500
3,VALIDATION,0.65,0.5882352941176471,0.5555555555555556,0.7272727272727273,0.6356417261637283,8,0.001,1e-05,0.5,8,resize_cube64_hu_m600_1500
3,TEST,0.68,0.7333333333333333,0.9166666666666666,0.46153846153846156,0.6504436355879909,8,0.001,1e-05,0.5,8,resize_cube64_hu_m600_1500
4,VALIDATION,0.55,0.6666666666666666,1.0,0.18181818181818182,0.4264014327112209,8,0.001,1e-05,0.5,8,resize_cube64_hu_m600_1500
4,TEST,0.6,0.6875,0.9166666666666666,0.3076923076923077,0.5310850045437944,8,0.001,1e-05,0.5,8,resize_cube64_hu_m600_1500
5,VALIDATION,0.6,0.6,0.6,0.6,0.6,8,0.001,1e-05,0.5,8,resize_cube64_hu_m600_1500
5,TEST,0.52,0.5,0.5454545454545454,0.5,0.5222329678670935,8,0.001,1e-05,0.5,8,resize_cube64_hu_m600_1500
MEAN,VALIDATION,0.59,0.6328851540616246,0.7866666666666666,0.4290909090909091,0.5229786901463285,8,0.001,1e-05,0.5,8,resize_cube64_hu_m600_1500
MEAN,TEST,0.5760000000000001,0.63,0.7757575757575756,0.3923076923076923,0.5357867255088999,8,0.001,1e-05,0.5,8,resize_cube64_hu_m600_1500
1,VALIDATION,0.7,0.6666666666666666,0.6666666666666666,0.7272727272727273,0.6963106238227914,16,0.001,0.0,0.0,8,resize_cube64_hu_m600_1500
1,TEST,0.56,0.47619047619047616,0.4166666666666667,0.6923076923076923,0.5370861555295747,16,0.001,0.0,0.0,8,resize_cube64_hu_m600_1500
2,VALIDATION,0.55,0.47058823529411764,0.4444444444444444,0.6363636363636364,0.5318160234783105,16,0.001,0.0,0.0,8,resize_cube64_hu_m600_1500
2,TEST,0.52,0.5,0.5,0.5384615384615384,0.5188745216627708,16,0.001,0.0,0.0,8,resize_cube64_hu_m600_1500
3,VALIDATION,0.8,0.7777777777777778,0.7777777777777778,0.8181818181818182,0.7977240352174657,16,0.001,0.0,0.0,8,resize_cube64_hu_m600_1500
3,TEST,0.48,0.5185185185185185,0.5833333333333334,0.38461538461538464,0.47366546671567095,16,0.001,0.0,0.0,8,resize_cube64_hu_m600_1500
4,VALIDATION,0.6,0.5,0.4444444444444444,0.7272727272727273,0.5685352436149611,16,0.001,0.0,0.0,8,resize_cube64_hu_m600_1500
4,TEST,0.52,0.25,0.16666666666666666,0.8461538461538461,0.3755338080994054,16,0.001,0.0,0.0,8,resize_cube64_hu_m600_1500
5,VALIDATION,0.65,0.46153846153846156,0.3,1.0,0.5477225575051661,16,0.001,0.0,0.0,8,resize_cube64_hu_m600_1500
5,TEST,0.6,0.16666666666666666,0.09090909090909091,1.0,0.30151134457776363,16,0.001,0.0,0.0,8,resize_cube64_hu_m600_1500
MEAN,VALIDATION,0.6599999999999999,0.5753142282554047,0.5266666666666666,0.7818181818181819,0.628421696727739,16,0.001,0.0,0.0,8,resize_cube64_hu_m600_1500
MEAN,TEST,0.536,0.38227513227513227,0.3515151515151515,0.6923076923076923,0.4413342593170372,16,0.001,0.0,0.0,8,resize_cube64_hu_m600_1500
1,VALIDATION,0.65,0.6956521739130435,0.8888888888888888,0.45454545454545453,0.6356417261637282,16,0.001,0.0,0.3,8,resize_cube64_hu_m600_1500
1,TEST,0.64,0.7096774193548387,0.9166666666666666,0.38461538461538464,0.5937710859953544,16,0.001,0.0,0.3,8,resize_cube64_hu_m600_1500
2,VALIDATION,0.6,0.6666666666666666,0.8888888888888888,0.36363636363636365,0.5685352436149611,16,0.001,0.0,0.3,8,resize_cube64_hu_m600_1500
2,TEST,0.48,0.5185185185185185,0.5833333333333334,0.38461538461538464,0.47366546671567095,16,0.001,0.0,0.3,8,resize_cube64_hu_m600_1500
3,VALIDATION,0.75,0.7368421052631579,0.7777777777777778,0.7272727272727273,0.7521014330903549,16,0.001,0.0,0.3,8,resize_cube64_hu_m600_1500
3,TEST,0.48,0.48,0.5,0.46153846153846156,0.4803844614152614,16,0.001,0.0,0.3,8,resize_cube64_hu_m600_1500
4,VALIDATION,0.5,0.5833333333333334,0.7777777777777778,0.2727272727272727,0.4605661864718383,16,0.001,0.0,0.3,8,resize_cube64_hu_m600_1500
4,TEST,0.56,0.6451612903225806,0.8333333333333334,0.3076923076923077,0.5063696835418333,16,0.001,0.0,0.3,8,resize_cube64_hu_m600_1500
5,VALIDATION,0.6,0.6,0.6,0.6,0.6,16,0.001,0.0,0.3,8,resize_cube64_hu_m600_1500
5,TEST,0.72,0.5882352941176471,0.45454545454545453,0.9285714285714286,0.6496752435470525,16,0.001,0.0,0.3,8,resize_cube64_hu_m600_1500
MEAN,VALIDATION,0.62,0.6564988558352403,0.7866666666666666,0.4836363636363636,0.6033689178681765,16,0.001,0.0,0.3,8,resize_cube64_hu_m600_1500
MEAN,TEST,0.576,0.5883185044627169,0.6575757575757576,0.49340659340659343,0.5407731882430346,16,0.001,0.0,0.3,8,resize_cube64_hu_m600_1500
1,VALIDATION,0.6,0.6363636363636364,0.7777777777777778,0.45454545454545453,0.5945883900105632,16,0.001,0.0,0.5,8,resize_cube64_hu_m600_1500
1,TEST,0.68,0.6923076923076923,0.75,0.6153846153846154,0.6793662204867574,16,0.001,0.0,0.5,8,resize_cube64_hu_m600_1500
2,VALIDATION,0.5,0.16666666666666666,0.1111111111111111,0.8181818181818182,0.30151134457776363,16,0.001,0.0,0.5,8,resize_cube64_hu_m600_1500
2,TEST,0.44,0.0,0.0,0.8461538461538461,0.0,16,0.001,0.0,0.5,8,resize_cube64_hu_m600_1500
3,VALIDATION,0.6,0.3333333333333333,0.2222222222222222,0.9090909090909091,0.4494665749754947,16,0.001,0.0,0.5,8,resize_cube64_hu_m600_1500
3,TEST,0.76,0.7692307692307693,0.8333333333333334,0.6923076923076923,0.75955452531275,16,0.001,0.0,0.5,8,resize_cube64_hu_m600_1500
4,VALIDATION,0.45,0.5217391304347826,0.6666666666666666,0.2727272727272727,0.42640143271122083,16,0.001,0.0,0.5,8,resize_cube64_hu_m600_1500
4,TEST,0.6,0.6875,0.9166666666666666,0.3076923076923077,0.5310850045437944,16,0.001,0.0,0.5,8,resize_cube64_hu_m600_1500
5,VALIDATION,0.65,0.6956521739130435,0.8,0.5,0.6324555320336759,16,0.001,0.0,0.5,8,resize_cube64_hu_m600_1500
5,TEST,0.6,0.6428571428571429,0.8181818181818182,0.42857142857142855,0.592156525463792,16,0.001,0.0,0.5,8,resize_cube64_hu_m600_1500
MEAN,VALIDATION,0.56,0.4707509881422925,0.5155555555555555,0.5909090909090908,0.4808846548617437,16,0.001,0.0,0.5,8,resize_cube64_hu_m600_1500
MEAN,TEST,0.616,0.5583791208791209,0.6636363636363637,0.578021978021978,0.5124324551614188,16,0.001,0.0,0.5,8,resize_cube64_hu_m600_1500
1,VALIDATION,0.65,0.631578947368421,0.6666666666666666,0.6363636363636364,0.6513389472789296,16,0.001,1e-05,0.0,8,resize_cube64_hu_m600_1500
1,TEST,0.44,0.5,0.5833333333333334,0.3076923076923077,0.42365927286816174,16,0.001,1e-05,0.0,8,resize_cube64_hu_m600_1500
2,VALIDATION,0.7,0.7272727272727273,0.8888888888888888,0.5454545454545454,0.6963106238227913,16,0.001,1e-05,0.0,8,resize_cube64_hu_m600_1500
2,TEST,0.44,0.5333333333333333,0.6666666666666666,0.23076923076923078,0.3922322702763681,16,0.001,1e-05,0.0,8,resize_cube64_hu_m600_1500
3,VALIDATION,0.7,0.7,0.7777777777777778,0.6363636363636364,0.7035264706814485,16,0.001,1e-05,0.0,8,resize_cube64_hu_m600_1500
3,TEST,0.6,0.5454545454545454,0.5,0.6923076923076923,0.5883484054145521,16,0.001,1e-05,0.0,8,resize_cube64_hu_m600_1500
4,VALIDATION,0.6,0.5555555555555556,0.5555555555555556,0.6363636363636364,0.5945883900105632,16,0.001,1e-05,0.0,8,resize_cube64_hu_m600_1500
4,TEST,0.68,0.6363636363636364,0.5833333333333334,0.7692307692307693,0.6698641270570838,16,0.001,1e-05,0.0,8,resize_cube64_hu_m600_1500
5,VALIDATION,0.65,0.6956521739130435,0.8,0.5,0.6324555320336759,16,0.001,1e-05,0.0,8,resize_cube64_hu_m600_1500
5,TEST,0.68,0.6,0.5454545454545454,0.7857142857142857,0.6546536707079771,16,0.001,1e-05,0.0,8,resize_cube64_hu_m600_1500
MEAN,VALIDATION,0.6599999999999999,0.6620118808219494,0.7377777777777776,0.5909090909090908,0.6556439927654817,16,0.001,1e-05,0.0,8,resize_cube64_hu_m600_1500
MEAN,TEST,0.5680000000000001,0.563030303030303,0.5757575757575758,0.5571428571428572,0.5457515492648286,16,0.001,1e-05,0.0,8,resize_cube64_hu_m600_1500
1,VALIDATION,0.65,0.6666666666666666,0.7777777777777778,0.5454545454545454,0.6513389472789296,16,0.001,1e-05,0.3,8,resize_cube64_hu_m600_1500
1,TEST,0.6,0.6153846153846154,0.6666666666666666,0.5384615384615384,0.599144689515278,16,0.001,1e-05,0.3,8,resize_cube64_hu_m600_1500
2,VALIDATION,0.7,0.7272727272727273,0.8888888888888888,0.5454545454545454,0.6963106238227913,16,0.001,1e-05,0.3,8,resize_cube64_hu_m600_1500
2,TEST,0.48,0.48,0.5,0.46153846153846156,0.4803844614152614,16,0.001,1e-05,0.3,8,resize_cube64_hu_m600_1500
3,VALIDATION,0.55,0.64,0.8888888888888888,0.2727272727272727,0.4923659639173309,16,0.001,1e-05,0.3,8,resize_cube64_hu_m600_1500
3,TEST,0.72,0.7586206896551724,0.9166666666666666,0.5384615384615384,0.7025594235292439,16,0.001,1e-05,0.3,8,resize_cube64_hu_m600_1500
4,VALIDATION,0.45,0.42105263157894735,0.4444444444444444,0.45454545454545453,0.4494665749754947,16,0.001,1e-05,0.3,8,resize_cube64_hu_m600_1500
4,TEST,0.56,0.5925925925925926,0.6666666666666666,0.46153846153846156,0.5547001962252291,16,0.001,1e-05,0.3,8,resize_cube64_hu_m600_1500
5,VALIDATION,0.7,0.6666666666666666,0.6,0.8,0.6928203230275509,16,0.001,1e-05,0.3,8,resize_cube64_hu_m600_1500
5,TEST,0.72,0.5333333333333333,0.36363636363636365,1.0,0.6030226891555273,16,0.001,1e-05,0.3,8,resize_cube64_hu_m600_1500
MEAN,VALIDATION,0.61,0.6243317384370016,0.72,0.5236363636363637,0.5964604866044194,16,0.001,1e-05,0.3,8,resize_cube64_hu_m600_1500
MEAN,TEST,0.616,0.5959862461931428,0.6227272727272727,0.6,0.5879622919681079,16,0.001,1e-05,0.3,8,resize_cube64_hu_m600_1500
1,VALIDATION,0.55,0.18181818181818182,0.1111111111111111,0.9090909090909091,0.3178208630818641,16,0.001,1e-05,0.5,8,resize_cube64_hu_m600_1500
1,TEST,0.56,0.15384615384615385,0.08333333333333333,1.0,0.28867513459481287,16,0.001,1e-05,0.5,8,resize_cube64_hu_m600_1500
2,VALIDATION,0.55,0.6666666666666666,1.0,0.18181818181818182,0.4264014327112209,16,0.001,1e-05,0.5,8,resize_cube64_hu_m600_1500
2,TEST,0.48,0.6060606060606061,0.8333333333333334,0.15384615384615385,0.3580574370197165,16,0.001,1e-05,0.5,8,resize_cube64_hu_m600_1500
3,VALIDATION,0.55,0.6086956521739131,0.7777777777777778,0.36363636363636365,0.5318160234783105,16,0.001,1e-05,0.5,8,resize_cube64_hu_m600_1500
3,TEST,0.6,0.7058823529411765,1.0,0.23076923076923078,0.4803844614152614,16,0.001,1e-05,0.5,8,resize_cube64_hu_m600_1500
4,VALIDATION,0.5,0.6153846153846154,0.8888888888888888,0.18181818181818182,0.40201512610368484,16,0.001,1e-05,0.5,8,resize_cube64_hu_m600_1500
4,TEST,0.48,0.6486486486486487,1.0,0.0,0.0,16,0.001,1e-05,0.5,8,resize_cube64_hu_m600_1500
5,VALIDATION,0.5,0.6153846153846154,0.8,0.2,0.4,16,0.001,1e-05,0.5,8,resize_cube64_hu_m600_1500
5,TEST,0.68,0.7333333333333333,1.0,0.42857142857142855,0.6546536707079771,16,0.001,1e-05,0.5,8,resize_cube64_hu_m600_1500
MEAN,VALIDATION,0.53,0.5375899462855984,0.7155555555555555,0.3672727272727273,0.415610689075016,16,0.001,1e-05,0.5,8,resize_cube64_hu_m600_1500
MEAN,TEST,0.56,0.5695542189659837,0.7833333333333334,0.3626373626373626,0.35635414074755356,16,0.001,1e-05,0.5,8,resize_cube64_hu_m600_1500
1,VALIDATION,0.65,0.6666666666666666,0.7777777777777778,0.5454545454545454,0.6513389472789296,32,0.001,0.0,0.0,8,resize_cube64_hu_m600_1500
1,TEST,0.6,0.5833333333333334,0.5833333333333334,0.6153846153846154,0.5991446895152781,32,0.001,0.0,0.0,8,resize_cube64_hu_m600_1500
2,VALIDATION,0.75,0.7619047619047619,0.8888888888888888,0.6363636363636364,0.7521014330903549,32,0.001,0.0,0.0,8,resize_cube64_hu_m600_1500
2,TEST,0.48,0.5806451612903226,0.75,0.23076923076923078,0.41602514716892186,32,0.001,0.0,0.0,8,resize_cube64_hu_m600_1500
3,VALIDATION,0.8,0.7777777777777778,0.7777777777777778,0.8181818181818182,0.7977240352174657,32,0.001,0.0,0.0,8,resize_cube64_hu_m600_1500
3,TEST,0.44,0.36363636363636365,0.3333333333333333,0.5384615384615384,0.4236592728681617,32,0.001,0.0,0.0,8,resize_cube64_hu_m600_1500
4,VALIDATION,0.65,0.46153846153846156,0.3333333333333333,0.9090909090909091,0.5504818825631803,32,0.001,0.0,0.0,8,resize_cube64_hu_m600_1500
4,TEST,0.52,0.14285714285714285,0.08333333333333333,0.9230769230769231,0.2773500981126146,32,0.001,0.0,0.0,8,resize_cube64_hu_m600_1500
5,VALIDATION,0.6,0.5555555555555556,0.5,0.7,0.5916079783099616,32,0.001,0.0,0.0,8,resize_cube64_hu_m600_1500
5,TEST,0.72,0.5882352941176471,0.45454545454545453,0.9285714285714286,0.6496752435470525,32,0.001,0.0,0.0,8,resize_cube64_hu_m600_1500
MEAN,VALIDATION,0.6900000000000001,0.6446886446886447,0.6555555555555556,0.7218181818181819,0.6686508552919784,32,0.001,0.0,0.0,8,resize_cube64_hu_m600_1500
MEAN,TEST,0.5519999999999999,0.45174145904696195,0.4409090909090909,0.6472527472527473,0.4731708902424058,32,0.001,0.0,0.0,8,resize_cube64_hu_m600_1500
1,VALIDATION,0.75,0.7619047619047619,0.8888888888888888,0.6363636363636364,0.7521014330903549,32,0.001,0.0,0.3,8,resize_cube64_hu_m600_1500
1,TEST,0.64,0.6896551724137931,0.8333333333333334,0.46153846153846156,0.6201736729460423,32,0.001,0.0,0.3,8,resize_cube64_hu_m600_1500
2,VALIDATION,0.7,0.75,1.0,0.45454545454545453,0.674199862463242,32,0.001,0.0,0.3,8,resize_cube64_hu_m600_1500
2,TEST,0.48,0.48,0.5,0.46153846153846156,0.4803844614152614,32,0.001,0.0,0.3,8,resize_cube64_hu_m600_1500
3,VALIDATION,0.65,0.6956521739130435,0.8888888888888888,0.45454545454545453,0.6356417261637282,32,0.001,0.0,0.3,8,resize_cube64_hu_m600_1500
3,TEST,0.64,0.7272727272727273,1.0,0.3076923076923077,0.5547001962252291,32,0.001,0.0,0.3,8,resize_cube64_hu_m600_1500
4,VALIDATION,0.5,0.6153846153846154,0.8888888888888888,0.18181818181818182,0.40201512610368484,32,0.001,0.0,0.3,8,resize_cube64_hu_m600_1500
4,TEST,0.48,0.6486486486486487,1.0,0.0,0.0,32,0.001,0.0,0.3,8,resize_cube64_hu_m600_1500
5,VALIDATION,0.65,0.6666666666666666,0.7,0.6,0.648074069840786,32,0.001,0.0,0.3,8,resize_cube64_hu_m600_1500
5,TEST,0.72,0.6956521739130435,0.7272727272727273,0.7142857142857143,0.7207499701564473,32,0.001,0.0,0.3,8,resize_cube64_hu_m600_1500
MEAN,VALIDATION,0.65,0.6979216435738175,0.8733333333333333,0.46545454545454545,0.6224064435323592,32,0.001,0.0,0.3,8,resize_cube64_hu_m600_1500
MEAN,TEST,0.592,0.6482457444496424,0.8121212121212121,0.38901098901098907,0.4752016601485961,32,0.001,0.0,0.3,8,resize_cube64_hu_m600_1500
1,VALIDATION,0.65,0.6956521739130435,0.8888888888888888,0.45454545454545453,0.6356417261637282,32,0.001,0.0,0.5,8,resize_cube64_hu_m600_1500
1,TEST,0.6,0.6875,0.9166666666666666,0.3076923076923077,0.5310850045437944,32,0.001,0.0,0.5,8,resize_cube64_hu_m600_1500
2,VALIDATION,0.55,0.6666666666666666,1.0,0.18181818181818182,0.4264014327112209,32,0.001,0.0,0.5,8,resize_cube64_hu_m600_1500
2,TEST,0.44,0.5625,0.75,0.15384615384615385,0.3396831102433787,32,0.001,0.0,0.5,8,resize_cube64_hu_m600_1500
3,VALIDATION,0.6,0.6363636363636364,0.7777777777777778,0.45454545454545453,0.5945883900105632,32,0.001,0.0,0.5,8,resize_cube64_hu_m600_1500
3,TEST,0.68,0.75,1.0,0.38461538461538464,0.6201736729460423,32,0.001,0.0,0.5,8,resize_cube64_hu_m600_1500
4,VALIDATION,0.5,0.2857142857142857,0.2222222222222222,0.7272727272727273,0.40201512610368484,32,0.001,0.0,0.5,8,resize_cube64_hu_m600_1500
4,TEST,0.44,0.125,0.08333333333333333,0.7692307692307693,0.25318484177091666,32,0.001,0.0,0.5,8,resize_cube64_hu_m600_1500
5,VALIDATION,0.6,0.6363636363636364,0.7,0.5,0.5916079783099616,32,0.001,0.0,0.5,8,resize_cube64_hu_m600_1500
5,TEST,0.64,0.6086956521739131,0.6363636363636364,0.6428571428571429,0.6396021490668313,32,0.001,0.0,0.5,8,resize_cube64_hu_m600_1500
MEAN,VALIDATION,0.5800000000000001,0.5841520798042537,0.7177777777777777,0.4636363636363637,0.5300509306598318,32,0.001,0.0,0.5,8,resize_cube64_hu_m600_1500
MEAN,TEST,0.56,0.5467391304347826,0.6772727272727272,0.45164835164835165,0.47674575571419264,32,0.001,0.0,0.5,8,resize_cube64_hu_m600_1500
1,VALIDATION,0.7,0.7,0.7777777777777778,0.6363636363636364,0.7035264706814485,32,0.001,1e-05,0.0,8,resize_cube64_hu_m600_1500
1,TEST,0.64,0.64,0.6666666666666666,0.6153846153846154,0.6405126152203485,32,0.001,1e-05,0.0,8,resize_cube64_hu_m600_1500
2,VALIDATION,0.65,0.46153846153846156,0.3333333333333333,0.9090909090909091,0.5504818825631803,32,0.001,1e-05,0.0,8,resize_cube64_hu_m600_1500
2,TEST,0.64,0.47058823529411764,0.3333333333333333,0.9230769230769231,0.5547001962252291,32,0.001,1e-05,0.0,8,resize_cube64_hu_m600_1500
3,VALIDATION,0.8,0.75,0.6666666666666666,0.9090909090909091,0.7784989441615229,32,0.001,1e-05,0.0,8,resize_cube64_hu_m600_1500
3,TEST,0.52,0.45454545454545453,0.4166666666666667,0.6153846153846154,0.5063696835418333,32,0.001,1e-05,0.0,8,resize_cube64_hu_m600_1500
4,VALIDATION,0.6,0.42857142857142855,0.3333333333333333,0.8181818181818182,0.5222329678670935,32,0.001,1e-05,0.0,8,resize_cube64_hu_m600_1500
4,TEST,0.48,0.13333333333333333,0.08333333333333333,0.8461538461538461,0.2655425022718972,32,0.001,1e-05,0.0,8,resize_cube64_hu_m600_1500
5,VALIDATION,0.65,0.6956521739130435,0.8,0.5,0.6324555320336759,32,0.001,1e-05,0.0,8,resize_cube64_hu_m600_1500
5,TEST,0.72,0.6956521739130435,0.7272727272727273,0.7142857142857143,0.7207499701564473,32,0.001,1e-05,0.0,8,resize_cube64_hu_m600_1500
MEAN,VALIDATION,0.68,0.6071524128045866,0.5822222222222223,0.7545454545454546,0.6374391594613843,32,0.001,1e-05,0.0,8,resize_cube64_hu_m600_1500
MEAN,TEST,0.6,0.47882383941718987,0.4454545454545455,0.742857142857143,0.5375749934831511,32,0.001,1e-05,0.0,8,resize_cube64_hu_m600_1500
1,VALIDATION,0.75,0.7619047619047619,0.8888888888888888,0.6363636363636364,0.7521014330903549,32,0.001,1e-05,0.3,8,resize_cube64_hu_m600_1500
1,TEST,0.72,0.7407407407407407,0.8333333333333334,0.6153846153846154,0.716114874039433,32,0.001,1e-05,0.3,8,resize_cube64_hu_m600_1500
2,VALIDATION,0.55,0.47058823529411764,0.4444444444444444,0.6363636363636364,0.5318160234783105,32,0.001,1e-05,0.3,8,resize_cube64_hu_m600_1500
2,TEST,0.4,0.2857142857142857,0.25,0.5384615384615384,0.3668996928526714,32,0.001,1e-05,0.3,8,resize_cube64_hu_m600_1500
3,VALIDATION,0.75,0.7058823529411765,0.6666666666666666,0.8181818181818182,0.7385489458759964,32,0.001,1e-05,0.3,8,resize_cube64_hu_m600_1500
3,TEST,0.72,0.7407407407407407,0.8333333333333334,0.6153846153846154,0.716114874039433,32,0.001,1e-05,0.3,8,resize_cube64_hu_m600_1500
4,VALIDATION,0.55,0.5714285714285714,0.6666666666666666,0.45454545454545453,0.5504818825631803,32,0.001,1e-05,0.3,8,resize_cube64_hu_m600_1500
4,TEST,0.44,0.5333333333333333,0.6666666666666666,0.23076923076923078,0.3922322702763681,32,0.001,1e-05,0.3,8,resize_cube64_hu_m600_1500
5,VALIDATION,0.6,0.6666666666666666,0.8,0.4,0.5656854249492381,32,0.001,1e-05,0.3,8,resize_cube64_hu_m600_1500
5,TEST,0.68,0.7333333333333333,1.0,0.42857142857142855,0.6546536707079771,32,0.001,1e-05,0.3,8,resize_cube64_hu_m600_1500
MEAN,VALIDATION,0.6399999999999999,0.6352941176470588,0.6933333333333334,0.5890909090909091,0.6277267419914161,32,0.001,1e-05,0.3,8,resize_cube64_hu_m600_1500
MEAN,TEST,0.5920000000000001,0.6067724867724869,0.7166666666666667,0.48571428571428565,0.5692030763831765,32,0.001,1e-05,0.3,8,resize_cube64_hu_m600_1500
1,VALIDATION,0.7,0.7,0.7777777777777778,0.6363636363636364,0.7035264706814485,32,0.001,1e-05,0.5,8,resize_cube64_hu_m600_1500
1,TEST,0.68,0.6666666666666666,0.6666666666666666,0.6923076923076923,0.6793662204867574,32,0.001,1e-05,0.5,8,resize_cube64_hu_m600_1500
2,VALIDATION,0.45,0.47619047619047616,0.5555555555555556,0.36363636363636365,0.44946657497549475,32,0.001,1e-05,0.5,8,resize_cube64_hu_m600_1500
2,TEST,0.4,0.4,0.4166666666666667,0.38461538461538464,0.40032038451271784,32,0.001,1e-05,0.5,8,resize_cube64_hu_m600_1500
3,VALIDATION,0.55,0.6666666666666666,1.0,0.18181818181818182,0.4264014327112209,32,0.001,1e-05,0.5,8,resize_cube64_hu_m600_1500
3,TEST,0.48,0.6486486486486487,1.0,0.0,0.0,32,0.001,1e-05,0.5,8,resize_cube64_hu_m600_1500
4,VALIDATION,0.45,0.15384615384615385,0.1111111111111111,0.7272727272727273,0.28426762180748055,32,0.001,1e-05,0.5,8,resize_cube64_hu_m600_1500
4,TEST,0.52,0.0,0.0,1.0,0.0,32,0.001,1e-05,0.5,8,resize_cube64_hu_m600_1500
5,VALIDATION,0.6,0.6363636363636364,0.7,0.5,0.5916079783099616,32,0.001,1e-05,0.5,8,resize_cube64_hu_m600_1500
5,TEST,0.68,0.6923076923076923,0.8181818181818182,0.5714285714285714,0.6837634587578277,32,0.001,1e-05,0.5,8,resize_cube64_hu_m600_1500
MEAN,VALIDATION,0.55,0.5266133866133865,0.6288888888888889,0.4818181818181818,0.4910540156971213,32,0.001,1e-05,0.5,8,resize_cube64_hu_m600_1500
MEAN,TEST,0.552,0.4815246015246015,0.5803030303030303,0.5296703296703296,0.3526900127514606,32,0.001,1e-05,0.5,8,resize_cube64_hu_m600_1500
1,VALIDATION,0.65,0.6956521739130435,0.8888888888888888,0.45454545454545453,0.6356417261637282,4,0.001,0.0,0.0,8,resize_cube64_hu_m300_1400
1,TEST,0.52,0.5,0.5,0.5384615384615384,0.5188745216627708,4,0.001,0.0,0.0,8,resize_cube64_hu_m300_1400
2,VALIDATION,0.7,0.75,1.0,0.45454545454545453,0.674199862463242,4,0.001,0.0,0.0,8,resize_cube64_hu_m300_1400
2,TEST,0.56,0.6857142857142857,1.0,0.15384615384615385,0.3922322702763681,4,0.001,0.0,0.0,8,resize_cube64_hu_m300_1400
3,VALIDATION,0.85,0.8,0.6666666666666666,1.0,0.816496580927726,4,0.001,0.0,0.0,8,resize_cube64_hu_m300_1400
3,TEST,0.6,0.5,0.4166666666666667,0.7692307692307693,0.5661385170722979,4,0.001,0.0,0.0,8,resize_cube64_hu_m300_1400
4,VALIDATION,0.6,0.6,0.6666666666666666,0.5454545454545454,0.6030226891555273,4,0.001,0.0,0.0,8,resize_cube64_hu_m300_1400
4,TEST,0.48,0.48,0.5,0.46153846153846156,0.4803844614152614,4,0.001,0.0,0.0,8,resize_cube64_hu_m300_1400
5,VALIDATION,0.65,0.6666666666666666,0.7,0.6,0.648074069840786,4,0.001,0.0,0.0,8,resize_cube64_hu_m300_1400
5,TEST,0.6,0.5833333333333334,0.6363636363636364,0.5714285714285714,0.6030226891555273,4,0.001,0.0,0.0,8,resize_cube64_hu_m300_1400
MEAN,VALIDATION,0.6900000000000001,0.702463768115942,0.7844444444444443,0.610909090909091,0.6754869857102019,4,0.001,0.0,0.0,8,resize_cube64_hu_m300_1400
MEAN,TEST,0.552,0.5498095238095237,0.6106060606060606,0.4989010989010989,0.5121304919164451,4,0.001,0.0,0.0,8,resize_cube64_hu_m300_1400
1,VALIDATION,0.75,0.782608695652174,1.0,0.5454545454545454,0.7385489458759964,4,0.001,0.0,0.3,8,resize_cube64_hu_m300_1400
1,TEST,0.56,0.6666666666666666,0.9166666666666666,0.23076923076923078,0.45993310550389993,4,0.001,0.0,0.3,8,resize_cube64_hu_m300_1400
2,VALIDATION,0.75,0.7619047619047619,0.8888888888888888,0.6363636363636364,0.7521014330903549,4,0.001,0.0,0.3,8,resize_cube64_hu_m300_1400
2,TEST,0.4,0.4,0.4166666666666667,0.38461538461538464,0.40032038451271784,4,0.001,0.0,0.3,8,resize_cube64_hu_m300_1400
3,VALIDATION,0.8,0.8,0.8888888888888888,0.7272727272727273,0.8040302522073697,4,0.001,0.0,0.3,8,resize_cube64_hu_m300_1400
3,TEST,0.6,0.6666666666666666,0.8333333333333334,0.38461538461538464,0.5661385170722979,4,0.001,0.0,0.3,8,resize_cube64_hu_m300_1400
4,VALIDATION,0.55,0.5714285714285714,0.6666666666666666,0.45454545454545453,0.5504818825631803,4,0.001,0.0,0.3,8,resize_cube64_hu_m300_1400
4,TEST,0.48,0.6060606060606061,0.8333333333333334,0.15384615384615385,0.3580574370197165,4,0.001,0.0,0.3,8,resize_cube64_hu_m300_1400
5,VALIDATION,0.75,0.8,1.0,0.5,0.7071067811865476,4,0.001,0.0,0.3,8,resize_cube64_hu_m300_1400
5,TEST,0.6,0.6428571428571429,0.8181818181818182,0.42857142857142855,0.592156525463792,4,0.001,0.0,0.3,8,resize_cube64_hu_m300_1400
MEAN,VALIDATION,0.72,0.7431884057971013,0.888888888888889,0.5727272727272726,0.7104538589846897,4,0.001,0.0,0.3,8,resize_cube64_hu_m300_1400
MEAN,TEST,0.528,0.5964502164502165,0.7636363636363637,0.31648351648351647,0.47532119391448485,4,0.001,0.0,0.3,8,resize_cube64_hu_m300_1400
1,VALIDATION,0.75,0.7619047619047619,0.8888888888888888,0.6363636363636364,0.7521014330903549,4,0.001,0.0,0.5,8,resize_cube64_hu_m300_1400
1,TEST,0.52,0.6,0.75,0.3076923076923077,0.4803844614152614,4,0.001,0.0,0.5,8,resize_cube64_hu_m300_1400
2,VALIDATION,0.55,0.6086956521739131,0.7777777777777778,0.36363636363636365,0.5318160234783105,4,0.001,0.0,0.5,8,resize_cube64_hu_m300_1400
2,TEST,0.32,0.37037037037037035,0.4166666666666667,0.23076923076923078,0.31008683647302115,4,0.001,0.0,0.5,8,resize_cube64_hu_m300_1400
3,VALIDATION,0.7,0.5714285714285714,0.4444444444444444,0.9090909090909091,0.6356417261637282,4,0.001,0.0,0.5,8,resize_cube64_hu_m300_1400
3,TEST,0.68,0.6923076923076923,0.75,0.6153846153846154,0.6793662204867574,4,0.001,0.0,0.5,8,resize_cube64_hu_m300_1400
4,VALIDATION,0.5,0.5454545454545454,0.6666666666666666,0.36363636363636365,0.49236596391733095,4,0.001,0.0,0.5,8,resize_cube64_hu_m300_1400
4,TEST,0.48,0.6285714285714286,0.9166666666666666,0.07692307692307693,0.2655425022718972,4,0.001,0.0,0.5,8,resize_cube64_hu_m300_1400
5,VALIDATION,0.6,0.6363636363636364,0.7,0.5,0.5916079783099616,4,0.001,0.0,0.5,8,resize_cube64_hu_m300_1400
5,TEST,0.72,0.72,0.8181818181818182,0.6428571428571429,0.7252406676228423,4,0.001,0.0,0.5,8,resize_cube64_hu_m300_1400
MEAN,VALIDATION,0.62,0.6247694334650856,0.6955555555555554,0.5545454545454546,0.6007066249919373,4,0.001,0.0,0.5,8,resize_cube64_hu_m300_1400
MEAN,TEST,0.5439999999999999,0.6022498982498983,0.7303030303030303,0.3747252747252747,0.4921241376539559,4,0.001,0.0,0.5,8,resize_cube64_hu_m300_1400
1,VALIDATION,0.7,0.75,1.0,0.45454545454545453,0.674199862463242,4,0.001,1e-05,0.0,8,resize_cube64_hu_m300_1400
1,TEST,0.56,0.5925925925925926,0.6666666666666666,0.46153846153846156,0.5547001962252291,4,0.001,1e-05,0.0,8,resize_cube64_hu_m300_1400
2,VALIDATION,0.6,0.6666666666666666,0.8888888888888888,0.36363636363636365,0.5685352436149611,4,0.001,1e-05,0.0,8,resize_cube64_hu_m300_1400
2,TEST,0.6,0.6428571428571429,0.75,0.46153846153846156,0.5883484054145521,4,0.001,1e-05,0.0,8,resize_cube64_hu_m300_1400
3,VALIDATION,0.8,0.7142857142857143,0.5555555555555556,1.0,0.7453559924999299,4,0.001,1e-05,0.0,8,resize_cube64_hu_m300_1400
3,TEST,0.64,0.64,0.6666666666666666,0.6153846153846154,0.6405126152203485,4,0.001,1e-05,0.0,8,resize_cube64_hu_m300_1400
4,VALIDATION,0.65,0.5333333333333333,0.4444444444444444,0.8181818181818182,0.6030226891555273,4,0.001,1e-05,0.0,8,resize_cube64_hu_m300_1400
4,TEST,0.52,0.3333333333333333,0.25,0.7692307692307693,0.4385290096535146,4,0.001,1e-05,0.0,8,resize_cube64_hu_m300_1400
5,VALIDATION,0.7,0.75,0.9,0.5,0.6708203932499369,4,0.001,1e-05,0.0,8,resize_cube64_hu_m300_1400
5,TEST,0.72,0.6956521739130435,0.7272727272727273,0.7142857142857143,0.7207499701564473,4,0.001,1e-05,0.0,8,resize_cube64_hu_m300_1400
MEAN,VALIDATION,0.6899999999999998,0.6828571428571428,0.7577777777777779,0.6272727272727272,0.6523868361967196,4,0.001,1e-05,0.0,8,resize_cube64_hu_m300_1400
MEAN,TEST,0.608,0.5808870485392225,0.6121212121212121,0.6043956043956045,0.5885680393340185,4,0.001,1e-05,0.0,8,resize_cube64_hu_m300_1400
1,VALIDATION,0.7,0.7272727272727273,0.8888888888888888,0.5454545454545454,0.6963106238227913,4,0.001,1e-05,0.3,8,resize_cube64_hu_m300_1400
1,TEST,0.72,0.7407407407407407,0.8333333333333334,0.6153846153846154,0.716114874039433,4,0.001,1e-05,0.3,8,resize_cube64_hu_m300_1400
2,VALIDATION,0.7,0.75,1.0,0.45454545454545453,0.674199862463242,4,0.001,1e-05,0.3,8,resize_cube64_hu_m300_1400
2,TEST,0.4,0.4,0.4166666666666667,0.38461538461538464,0.40032038451271784,4,0.001,1e-05,0.3,8,resize_cube64_hu_m300_1400
3,VALIDATION,0.8,0.8,0.8888888888888888,0.7272727272727273,0.8040302522073697,4,0.001,1e-05,0.3,8,resize_cube64_hu_m300_1400
3,TEST,0.76,0.8,1.0,0.5384615384615384,0.7337993857053428,4,0.001,1e-05,0.3,8,resize_cube64_hu_m300_1400
4,VALIDATION,0.65,0.631578947368421,0.6666666666666666,0.6363636363636364,0.6513389472789296,4,0.001,1e-05,0.3,8,resize_cube64_hu_m300_1400
4,TEST,0.4,0.5161290322580645,0.6666666666666666,0.15384615384615385,0.32025630761017426,4,0.001,1e-05,0.3,8,resize_cube64_hu_m300_1400
5,VALIDATION,0.75,0.7368421052631579,0.7,0.8,0.7483314773547882,4,0.001,1e-05,0.3,8,resize_cube64_hu_m300_1400
5,TEST,0.72,0.631578947368421,0.5454545454545454,0.8571428571428571,0.6837634587578276,4,0.001,1e-05,0.3,8,resize_cube64_hu_m300_1400
MEAN,VALIDATION,0.72,0.7291387559808613,0.8288888888888888,0.6327272727272728,0.7148422326254241,4,0.001,1e-05,0.3,8,resize_cube64_hu_m300_1400
MEAN,TEST,0.6,0.6176897440734453,0.6924242424242424,0.5098901098901099,0.570850882125099,4,0.001,1e-05,0.3,8,resize_cube64_hu_m300_1400
1,VALIDATION,0.75,0.782608695652174,1.0,0.5454545454545454,0.7385489458759964,4,0.001,1e-05,0.5,8,resize_cube64_hu_m300_1400
1,TEST,0.52,0.625,0.8333333333333334,0.23076923076923078,0.4385290096535146,4,0.001,1e-05,0.5,8,resize_cube64_hu_m300_1400
2,VALIDATION,0.55,0.5714285714285714,0.6666666666666666,0.45454545454545453,0.5504818825631803,4,0.001,1e-05,0.5,8,resize_cube64_hu_m300_1400
2,TEST,0.52,0.5,0.5,0.5384615384615384,0.5188745216627708,4,0.001,1e-05,0.5,8,resize_cube64_hu_m300_1400
3,VALIDATION,0.65,0.6956521739130435,0.8888888888888888,0.45454545454545453,0.6356417261637282,4,0.001,1e-05,0.5,8,resize_cube64_hu_m300_1400
3,TEST,0.56,0.6451612903225806,0.8333333333333334,0.3076923076923077,0.5063696835418333,4,0.001,1e-05,0.5,8,resize_cube64_hu_m300_1400
4,VALIDATION,0.45,0.47619047619047616,0.5555555555555556,0.36363636363636365,0.44946657497549475,4,0.001,1e-05,0.5,8,resize_cube64_hu_m300_1400
4,TEST,0.48,0.38095238095238093,0.3333333333333333,0.6153846153846154,0.4529108136578383,4,0.001,1e-05,0.5,8,resize_cube64_hu_m300_1400
5,VALIDATION,0.65,0.6956521739130435,0.8,0.5,0.6324555320336759,4,0.001,1e-05,0.5,8,resize_cube64_hu_m300_1400
5,TEST,0.68,0.6666666666666666,0.7272727272727273,0.6428571428571429,0.6837634587578277,4,0.001,1e-05,0.5,8,resize_cube64_hu_m300_1400
MEAN,VALIDATION,0.6100000000000001,0.6443064182194618,0.7822222222222222,0.4636363636363637,0.6013189323224151,4,0.001,1e-05,0.5,8,resize_cube64_hu_m300_1400
MEAN,TEST,0.552,0.5635560675883255,0.6454545454545455,0.46703296703296704,0.520089497454757,4,0.001,1e-05,0.5,8,resize_cube64_hu_m300_1400
1,VALIDATION,0.7,0.7,0.7777777777777778,0.6363636363636364,0.7035264706814485,8,0.001,0.0,0.0,8,resize_cube64_hu_m300_1400
1,TEST,0.64,0.64,0.6666666666666666,0.6153846153846154,0.6405126152203485,8,0.001,0.0,0.0,8,resize_cube64_hu_m300_1400
2,VALIDATION,0.65,0.5882352941176471,0.5555555555555556,0.7272727272727273,0.6356417261637283,8,0.001,0.0,0.0,8,resize_cube64_hu_m300_1400
2,TEST,0.44,0.36363636363636365,0.3333333333333333,0.5384615384615384,0.4236592728681617,8,0.001,0.0,0.0,8,resize_cube64_hu_m300_1400
3,VALIDATION,0.8,0.7777777777777778,0.7777777777777778,0.8181818181818182,0.7977240352174657,8,0.001,0.0,0.0,8,resize_cube64_hu_m300_1400
3,TEST,0.64,0.64,0.6666666666666666,0.6153846153846154,0.6405126152203485,8,0.001,0.0,0.0,8,resize_cube64_hu_m300_1400
4,VALIDATION,0.55,0.5263157894736842,0.5555555555555556,0.5454545454545454,0.5504818825631803,8,0.001,0.0,0.0,8,resize_cube64_hu_m300_1400
4,TEST,0.68,0.6666666666666666,0.6666666666666666,0.6923076923076923,0.6793662204867574,8,0.001,0.0,0.0,8,resize_cube64_hu_m300_1400
5,VALIDATION,0.75,0.7058823529411765,0.6,0.9,0.7348469228349535,8,0.001,0.0,0.0,8,resize_cube64_hu_m300_1400
5,TEST,0.68,0.5555555555555556,0.45454545454545453,0.8571428571428571,0.6241877839323592,8,0.001,0.0,0.0,8,resize_cube64_hu_m300_1400
MEAN,VALIDATION,0.6900000000000001,0.6596422428620571,0.6533333333333334,0.7254545454545455,0.6844442074921553,8,0.001,0.0,0.0,8,resize_cube64_hu_m300_1400
MEAN,TEST,0.6160000000000001,0.5731717171717172,0.5575757575757575,0.6637362637362638,0.6016477015455951,8,0.001,0.0,0.0,8,resize_cube64_hu_m300_1400
1,VALIDATION,0.65,0.6666666666666666,0.7777777777777778,0.5454545454545454,0.6513389472789296,8,0.001,0.0,0.3,8,resize_cube64_hu_m300_1400
1,TEST,0.72,0.7407407407407407,0.8333333333333334,0.6153846153846154,0.716114874039433,8,0.001,0.0,0.3,8,resize_cube64_hu_m300_1400
2,VALIDATION,0.6,0.6666666666666666,0.8888888888888888,0.36363636363636365,0.5685352436149611,8,0.001,0.0,0.3,8,resize_cube64_hu_m300_1400
2,TEST,0.72,0.7741935483870968,1.0,0.46153846153846156,0.6793662204867574,8,0.001,0.0,0.3,8,resize_cube64_hu_m300_1400
3,VALIDATION,0.65,0.631578947368421,0.6666666666666666,0.6363636363636364,0.6513389472789296,8,0.001,0.0,0.3,8,resize_cube64_hu_m300_1400
3,TEST,0.6,0.6666666666666666,0.8333333333333334,0.38461538461538464,0.5661385170722979,8,0.001,0.0,0.3,8,resize_cube64_hu_m300_1400
4,VALIDATION,0.55,0.5714285714285714,0.6666666666666666,0.45454545454545453,0.5504818825631803,8,0.001,0.0,0.3,8,resize_cube64_hu_m300_1400
4,TEST,0.56,0.5925925925925926,0.6666666666666666,0.46153846153846156,0.5547001962252291,8,0.001,0.0,0.3,8,resize_cube64_hu_m300_1400
5,VALIDATION,0.6,0.6363636363636364,0.7,0.5,0.5916079783099616,8,0.001,0.0,0.3,8,resize_cube64_hu_m300_1400
5,TEST,0.76,0.6666666666666666,0.5454545454545454,0.9285714285714286,0.7116835718867666,8,0.001,0.0,0.3,8,resize_cube64_hu_m300_1400
MEAN,VALIDATION,0.6100000000000001,0.6345408976987923,0.7399999999999999,0.5,0.6026605998091925,8,0.001,0.0,0.3,8,resize_cube64_hu_m300_1400
MEAN,TEST,0.672,0.6881720430107526,0.7757575757575758,0.5703296703296704,0.6456006759420968,8,0.001,0.0,0.3,8,resize_cube64_hu_m300_1400
1,VALIDATION,0.65,0.6956521739130435,0.8888888888888888,0.45454545454545453,0.6356417261637282,8,0.001,0.0,0.5,8,resize_cube64_hu_m300_1400
1,TEST,0.56,0.6451612903225806,0.8333333333333334,0.3076923076923077,0.5063696835418333,8,0.001,0.0,0.5,8,resize_cube64_hu_m300_1400
2,VALIDATION,0.55,0.6086956521739131,0.7777777777777778,0.36363636363636365,0.5318160234783105,8,0.001,0.0,0.5,8,resize_cube64_hu_m300_1400
2,TEST,0.48,0.5185185185185185,0.5833333333333334,0.38461538461538464,0.47366546671567095,8,0.001,0.0,0.5,8,resize_cube64_hu_m300_1400
3,VALIDATION,0.55,0.5263157894736842,0.5555555555555556,0.5454545454545454,0.5504818825631803,8,0.001,0.0,0.5,8,resize_cube64_hu_m300_1400
3,TEST,0.48,0.48,0.5,0.46153846153846156,0.4803844614152614,8,0.001,0.0,0.5,8,resize_cube64_hu_m300_1400
4,VALIDATION,0.5,0.2857142857142857,0.2222222222222222,0.7272727272727273,0.40201512610368484,8,0.001,0.0,0.5,8,resize_cube64_hu_m300_1400
4,TEST,0.56,0.15384615384615385,0.08333333333333333,1.0,0.28867513459481287,8,0.001,0.0,0.5,8,resize_cube64_hu_m300_1400
5,VALIDATION,0.5,0.5,0.5,0.5,0.5,8,0.001,0.0,0.5,8,resize_cube64_hu_m300_1400
5,TEST,0.64,0.6086956521739131,0.6363636363636364,0.6428571428571429,0.6396021490668313,8,0.001,0.0,0.5,8,resize_cube64_hu_m300_1400
MEAN,VALIDATION,0.55,0.5232755802549852,0.5888888888888889,0.5181818181818182,0.5239909516617807,8,0.001,0.0,0.5,8,resize_cube64_hu_m300_1400
MEAN,TEST,0.544,0.4812443229722332,0.5272727272727272,0.5593406593406594,0.4777393790668819,8,0.001,0.0,0.5,8,resize_cube64_hu_m300_1400
1,VALIDATION,0.65,0.631578947368421,0.6666666666666666,0.6363636363636364,0.6513389472789296,8,0.001,1e-05,0.0,8,resize_cube64_hu_m300_1400
1,TEST,0.56,0.35294117647058826,0.25,0.8461538461538461,0.45993310550389993,8,0.001,1e-05,0.0,8,resize_cube64_hu_m300_1400
2,VALIDATION,0.7,0.625,0.5555555555555556,0.8181818181818182,0.6741998624632421,8,0.001,1e-05,0.0,8,resize_cube64_hu_m300_1400
2,TEST,0.44,0.3,0.25,0.6153846153846154,0.3922322702763681,8,0.001,1e-05,0.0,8,resize_cube64_hu_m300_1400
3,VALIDATION,0.7,0.625,0.5555555555555556,0.8181818181818182,0.6741998624632421,8,0.001,1e-05,0.0,8,resize_cube64_hu_m300_1400
3,TEST,0.52,0.45454545454545453,0.4166666666666667,0.6153846153846154,0.5063696835418333,8,0.001,1e-05,0.0,8,resize_cube64_hu_m300_1400
4,VALIDATION,0.55,0.47058823529411764,0.4444444444444444,0.6363636363636364,0.5318160234783105,8,0.001,1e-05,0.0,8,resize_cube64_hu_m300_1400
4,TEST,0.64,0.6086956521739131,0.5833333333333334,0.6923076923076923,0.6354889093022426,8,0.001,1e-05,0.0,8,resize_cube64_hu_m300_1400
5,VALIDATION,0.65,0.5333333333333333,0.4,0.9,0.6000000000000001,8,0.001,1e-05,0.0,8,resize_cube64_hu_m300_1400
5,TEST,0.6,0.16666666666666666,0.09090909090909091,1.0,0.30151134457776363,8,0.001,1e-05,0.0,8,resize_cube64_hu_m300_1400
MEAN,VALIDATION,0.6499999999999999,0.5771001031991744,0.5244444444444445,0.7618181818181818,0.626310939136745,8,0.001,1e-05,0.0,8,resize_cube64_hu_m300_1400
MEAN,TEST,0.552,0.3765697899713245,0.3181818181818182,0.7538461538461538,0.4591070626404215,8,0.001,1e-05,0.0,8,resize_cube64_hu_m300_1400
1,VALIDATION,0.7,0.7272727272727273,0.8888888888888888,0.5454545454545454,0.6963106238227913,8,0.001,1e-05,0.3,8,resize_cube64_hu_m300_1400
1,TEST,0.6,0.6666666666666666,0.8333333333333334,0.38461538461538464,0.5661385170722979,8,0.001,1e-05,0.3,8,resize_cube64_hu_m300_1400
2,VALIDATION,0.6,0.6923076923076923,1.0,0.2727272727272727,0.5222329678670935,8,0.001,1e-05,0.3,8,resize_cube64_hu_m300_1400
2,TEST,0.64,0.7272727272727273,1.0,0.3076923076923077,0.5547001962252291,8,0.001,1e-05,0.3,8,resize_cube64_hu_m300_1400
3,VALIDATION,0.75,0.7368421052631579,0.7777777777777778,0.7272727272727273,0.7521014330903549,8,0.001,1e-05,0.3,8,resize_cube64_hu_m300_1400
3,TEST,0.8,0.8275862068965517,1.0,0.6153846153846154,0.7844645405527362,8,0.001,1e-05,0.3,8,resize_cube64_hu_m300_1400
4,VALIDATION,0.5,0.5833333333333334,0.7777777777777778,0.2727272727272727,0.4605661864718383,8,0.001,1e-05,0.3,8,resize_cube64_hu_m300_1400
4,TEST,0.52,0.6666666666666666,1.0,0.07692307692307693,0.2773500981126146,8,0.001,1e-05,0.3,8,resize_cube64_hu_m300_1400
5,VALIDATION,0.6,0.6363636363636364,0.7,0.5,0.5916079783099616,8,0.001,1e-05,0.3,8,resize_cube64_hu_m300_1400
5,TEST,0.68,0.6923076923076923,0.8181818181818182,0.5714285714285714,0.6837634587578277,8,0.001,1e-05,0.3,8,resize_cube64_hu_m300_1400
MEAN,VALIDATION,0.63,0.6752238989081094,0.8288888888888888,0.4636363636363637,0.604563837912408,8,0.001,1e-05,0.3,8,resize_cube64_hu_m300_1400
MEAN,TEST,0.648,0.716099991962061,0.9303030303030303,0.3912087912087912,0.5732833621441411,8,0.001,1e-05,0.3,8,resize_cube64_hu_m300_1400
1,VALIDATION,0.6,0.5555555555555556,0.5555555555555556,0.6363636363636364,0.5945883900105632,8,0.001,1e-05,0.5,8,resize_cube64_hu_m300_1400
1,TEST,0.68,0.6666666666666666,0.6666666666666666,0.6923076923076923,0.6793662204867574,8,0.001,1e-05,0.5,8,resize_cube64_hu_m300_1400
2,VALIDATION,0.45,0.5217391304347826,0.6666666666666666,0.2727272727272727,0.42640143271122083,8,0.001,1e-05,0.5,8,resize_cube64_hu_m300_1400
2,TEST,0.48,0.5185185185185185,0.5833333333333334,0.38461538461538464,0.47366546671567095,8,0.001,1e-05,0.5,8,resize_cube64_hu_m300_1400
3,VALIDATION,0.5,0.6428571428571429,1.0,0.09090909090909091,0.30151134457776363,8,0.001,1e-05,0.5,8,resize_cube64_hu_m300_1400
3,TEST,0.6,0.7058823529411765,1.0,0.23076923076923078,0.4803844614152614,8,0.001,1e-05,0.5,8,resize_cube64_hu_m300_1400
4,VALIDATION,0.5,0.6428571428571429,1.0,0.09090909090909091,0.30151134457776363,8,0.001,1e-05,0.5,8,resize_cube64_hu_m300_1400
4,TEST,0.56,0.6666666666666666,0.9166666666666666,0.23076923076923078,0.45993310550389993,8,0.001,1e-05,0.5,8,resize_cube64_hu_m300_1400
5,VALIDATION,0.6,0.6923076923076923,0.9,0.3,0.5196152422706632,8,0.001,1e-05,0.5,8,resize_cube64_hu_m300_1400
5,TEST,0.6,0.6428571428571429,0.8181818181818182,0.42857142857142855,0.592156525463792,8,0.001,1e-05,0.5,8,resize_cube64_hu_m300_1400
MEAN,VALIDATION,0.53,0.6110633328024632,0.8244444444444445,0.2781818181818182,0.42872555082959496,8,0.001,1e-05,0.5,8,resize_cube64_hu_m300_1400
MEAN,TEST,0.5840000000000001,0.6401182695300343,0.796969696969697,0.39340659340659345,0.5371011559170764,8,0.001,1e-05,0.5,8,resize_cube64_hu_m300_1400
1,VALIDATION,0.7,0.6666666666666666,0.6666666666666666,0.7272727272727273,0.6963106238227914,16,0.001,0.0,0.0,8,resize_cube64_hu_m300_1400
1,TEST,0.52,0.5384615384615384,0.5833333333333334,0.46153846153846156,0.5188745216627708,16,0.001,0.0,0.0,8,resize_cube64_hu_m300_1400
2,VALIDATION,0.7,0.6666666666666666,0.6666666666666666,0.7272727272727273,0.6963106238227914,16,0.001,0.0,0.0,8,resize_cube64_hu_m300_1400
2,TEST,0.6,0.6153846153846154,0.6666666666666666,0.5384615384615384,0.599144689515278,16,0.001,0.0,0.0,8,resize_cube64_hu_m300_1400
3,VALIDATION,0.75,0.6666666666666666,0.5555555555555556,0.9090909090909091,0.7106690545187014,16,0.001,0.0,0.0,8,resize_cube64_hu_m300_1400
3,TEST,0.52,0.45454545454545453,0.4166666666666667,0.6153846153846154,0.5063696835418333,16,0.001,0.0,0.0,8,resize_cube64_hu_m300_1400
4,VALIDATION,0.6,0.42857142857142855,0.3333333333333333,0.8181818181818182,0.5222329678670935,16,0.001,0.0,0.0,8,resize_cube64_hu_m300_1400
4,TEST,0.52,0.25,0.16666666666666666,0.8461538461538461,0.3755338080994054,16,0.001,0.0,0.0,8,resize_cube64_hu_m300_1400
5,VALIDATION,0.65,0.631578947368421,0.6,0.7,0.648074069840786,16,0.001,0.0,0.0,8,resize_cube64_hu_m300_1400
5,TEST,0.76,0.6666666666666666,0.5454545454545454,0.9285714285714286,0.7116835718867666,16,0.001,0.0,0.0,8,resize_cube64_hu_m300_1400
MEAN,VALIDATION,0.6799999999999999,0.6120300751879698,0.5644444444444445,0.7763636363636364,0.6547194679744327,16,0.001,0.0,0.0,8,resize_cube64_hu_m300_1400
MEAN,TEST,0.584,0.505011655011655,0.47575757575757577,0.6780219780219781,0.5423212549412109,16,0.001,0.0,0.0,8,resize_cube64_hu_m300_1400
1,VALIDATION,0.65,0.72,1.0,0.36363636363636365,0.6030226891555273,16,0.001,0.0,0.3,8,resize_cube64_hu_m300_1400
1,TEST,0.52,0.6470588235294118,0.9166666666666666,0.15384615384615385,0.3755338080994054,16,0.001,0.0,0.3,8,resize_cube64_hu_m300_1400
2,VALIDATION,0.6,0.6923076923076923,1.0,0.2727272727272727,0.5222329678670935,16,0.001,0.0,0.3,8,resize_cube64_hu_m300_1400
2,TEST,0.6,0.6875,0.9166666666666666,0.3076923076923077,0.5310850045437944,16,0.001,0.0,0.3,8,resize_cube64_hu_m300_1400
3,VALIDATION,0.8,0.8181818181818182,1.0,0.6363636363636364,0.7977240352174656,16,0.001,0.0,0.3,8,resize_cube64_hu_m300_1400
3,TEST,0.6,0.6875,0.9166666666666666,0.3076923076923077,0.5310850045437944,16,0.001,0.0,0.3,8,resize_cube64_hu_m300_1400
4,VALIDATION,0.5,0.4444444444444444,0.4444444444444444,0.5454545454545454,0.4923659639173309,16,0.001,0.0,0.3,8,resize_cube64_hu_m300_1400
4,TEST,0.48,0.48,0.5,0.46153846153846156,0.4803844614152614,16,0.001,0.0,0.3,8,resize_cube64_hu_m300_1400
5,VALIDATION,0.55,0.5714285714285714,0.6,0.5,0.5477225575051661,16,0.001,0.0,0.3,8,resize_cube64_hu_m300_1400
5,TEST,0.68,0.6666666666666666,0.7272727272727273,0.6428571428571429,0.6837634587578277,16,0.001,0.0,0.3,8,resize_cube64_hu_m300_1400
MEAN,VALIDATION,0.6199999999999999,0.6492725052725052,0.8088888888888889,0.4636363636363637,0.5926136427325167,16,0.001,0.0,0.3,8,resize_cube64_hu_m300_1400
MEAN,TEST,0.5760000000000001,0.6337450980392156,0.7954545454545455,0.3747252747252747,0.5203703474720166,16,0.001,0.0,0.3,8,resize_cube64_hu_m300_1400
1,VALIDATION,0.55,0.6666666666666666,1.0,0.18181818181818182,0.4264014327112209,16,0.001,0.0,0.5,8,resize_cube64_hu_m300_1400
1,TEST,0.48,0.6285714285714286,0.9166666666666666,0.07692307692307693,0.2655425022718972,16,0.001,0.0,0.5,8,resize_cube64_hu_m300_1400
2,VALIDATION,0.5,0.16666666666666666,0.1111111111111111,0.8181818181818182,0.30151134457776363,16,0.001,0.0,0.5,8,resize_cube64_hu_m300_1400
2,TEST,0.44,0.0,0.0,0.8461538461538461,0.0,16,0.001,0.0,0.5,8,resize_cube64_hu_m300_1400
3,VALIDATION,0.7,0.7272727272727273,0.8888888888888888,0.5454545454545454,0.6963106238227913,16,0.001,0.0,0.5,8,resize_cube64_hu_m300_1400
3,TEST,0.6,0.6875,0.9166666666666666,0.3076923076923077,0.5310850045437944,16,0.001,0.0,0.5,8,resize_cube64_hu_m300_1400
4,VALIDATION,0.5,0.6428571428571429,1.0,0.09090909090909091,0.30151134457776363,16,0.001,0.0,0.5,8,resize_cube64_hu_m300_1400
4,TEST,0.48,0.6486486486486487,1.0,0.0,0.0,16,0.001,0.0,0.5,8,resize_cube64_hu_m300_1400
5,VALIDATION,0.65,0.72,0.9,0.4,0.6000000000000001,16,0.001,0.0,0.5,8,resize_cube64_hu_m300_1400
5,TEST,0.64,0.6666666666666666,0.8181818181818182,0.5,0.6396021490668313,16,0.001,0.0,0.5,8,resize_cube64_hu_m300_1400
MEAN,VALIDATION,0.58,0.5846926406926407,0.78,0.40727272727272723,0.46514694913790794,16,0.001,0.0,0.5,8,resize_cube64_hu_m300_1400
MEAN,TEST,0.528,0.5262773487773488,0.7303030303030302,0.34615384615384615,0.2872459311765046,16,0.001,0.0,0.5,8,resize_cube64_hu_m300_1400
1,VALIDATION,0.7,0.7,0.7777777777777778,0.6363636363636364,0.7035264706814485,16,0.001,1e-05,0.0,8,resize_cube64_hu_m300_1400
1,TEST,0.56,0.47619047619047616,0.4166666666666667,0.6923076923076923,0.5370861555295747,16,0.001,1e-05,0.0,8,resize_cube64_hu_m300_1400
2,VALIDATION,0.7,0.6666666666666666,0.6666666666666666,0.7272727272727273,0.6963106238227914,16,0.001,1e-05,0.0,8,resize_cube64_hu_m300_1400
2,TEST,0.44,0.2222222222222222,0.16666666666666666,0.6923076923076923,0.3396831102433787,16,0.001,1e-05,0.0,8,resize_cube64_hu_m300_1400
3,VALIDATION,0.8,0.7142857142857143,0.5555555555555556,1.0,0.7453559924999299,16,0.001,1e-05,0.0,8,resize_cube64_hu_m300_1400
3,TEST,0.64,0.64,0.6666666666666666,0.6153846153846154,0.6405126152203485,16,0.001,1e-05,0.0,8,resize_cube64_hu_m300_1400
4,VALIDATION,0.55,0.5263157894736842,0.5555555555555556,0.5454545454545454,0.5504818825631803,16,0.001,1e-05,0.0,8,resize_cube64_hu_m300_1400
4,TEST,0.52,0.5,0.5,0.5384615384615384,0.5188745216627708,16,0.001,1e-05,0.0,8,resize_cube64_hu_m300_1400
5,VALIDATION,0.7,0.6666666666666666,0.6,0.8,0.6928203230275509,16,0.001,1e-05,0.0,8,resize_cube64_hu_m300_1400
5,TEST,0.8,0.7368421052631579,0.6363636363636364,0.9285714285714286,0.7687061147858074,16,0.001,1e-05,0.0,8,resize_cube64_hu_m300_1400
MEAN,VALIDATION,0.6900000000000001,0.6547869674185464,0.6311111111111111,0.7418181818181818,0.6776990585189802,16,0.001,1e-05,0.0,8,resize_cube64_hu_m300_1400
MEAN,TEST,0.592,0.5150509607351712,0.47727272727272724,0.6934065934065934,0.5609725034883761,16,0.001,1e-05,0.0,8,resize_cube64_hu_m300_1400
1,VALIDATION,0.7,0.75,1.0,0.45454545454545453,0.674199862463242,16,0.001,1e-05,0.3,8,resize_cube64_hu_m300_1400
1,TEST,0.56,0.6666666666666666,0.9166666666666666,0.23076923076923078,0.45993310550389993,16,0.001,1e-05,0.3,8,resize_cube64_hu_m300_1400
2,VALIDATION,0.6,0.6666666666666666,0.8888888888888888,0.36363636363636365,0.5685352436149611,16,0.001,1e-05,0.3,8,resize_cube64_hu_m300_1400
2,TEST,0.64,0.7096774193548387,0.9166666666666666,0.38461538461538464,0.5937710859953544,16,0.001,1e-05,0.3,8,resize_cube64_hu_m300_1400
3,VALIDATION,0.8,0.8181818181818182,1.0,0.6363636363636364,0.7977240352174656,16,0.001,1e-05,0.3,8,resize_cube64_hu_m300_1400
3,TEST,0.6,0.6428571428571429,0.75,0.46153846153846156,0.5883484054145521,16,0.001,1e-05,0.3,8,resize_cube64_hu_m300_1400
4,VALIDATION,0.5,0.5833333333333334,0.7777777777777778,0.2727272727272727,0.4605661864718383,16,0.001,1e-05,0.3,8,resize_cube64_hu_m300_1400
4,TEST,0.48,0.6285714285714286,0.9166666666666666,0.07692307692307693,0.2655425022718972,16,0.001,1e-05,0.3,8,resize_cube64_hu_m300_1400
5,VALIDATION,0.6,0.6666666666666666,0.8,0.4,0.5656854249492381,16,0.001,1e-05,0.3,8,resize_cube64_hu_m300_1400
5,TEST,0.56,0.5217391304347826,0.5454545454545454,0.5714285714285714,0.5582905262390825,16,0.001,1e-05,0.3,8,resize_cube64_hu_m300_1400
MEAN,VALIDATION,0.6399999999999999,0.696969696969697,0.8933333333333333,0.4254545454545455,0.6133421505433491,16,0.001,1e-05,0.3,8,resize_cube64_hu_m300_1400
MEAN,TEST,0.5680000000000001,0.6339023575769719,0.809090909090909,0.34505494505494505,0.49317712508495715,16,0.001,1e-05,0.3,8,resize_cube64_hu_m300_1400
1,VALIDATION,0.6,0.6923076923076923,1.0,0.2727272727272727,0.5222329678670935,16,0.001,1e-05,0.5,8,resize_cube64_hu_m300_1400
1,TEST,0.52,0.6470588235294118,0.9166666666666666,0.15384615384615385,0.3755338080994054,16,0.001,1e-05,0.5,8,resize_cube64_hu_m300_1400
2,VALIDATION,0.5,0.6428571428571429,1.0,0.09090909090909091,0.30151134457776363,16,0.001,1e-05,0.5,8,resize_cube64_hu_m300_1400
2,TEST,0.52,0.6470588235294118,0.9166666666666666,0.15384615384615385,0.3755338080994054,16,0.001,1e-05,0.5,8,resize_cube64_hu_m300_1400
3,VALIDATION,0.6,0.2,0.1111111111111111,1.0,0.3333333333333333,16,0.001,1e-05,0.5,8,resize_cube64_hu_m300_1400
3,TEST,0.56,0.26666666666666666,0.16666666666666666,0.9230769230769231,0.3922322702763681,16,0.001,1e-05,0.5,8,resize_cube64_hu_m300_1400
4,VALIDATION,0.5,0.6428571428571429,1.0,0.09090909090909091,0.30151134457776363,16,0.001,1e-05,0.5,8,resize_cube64_hu_m300_1400
4,TEST,0.48,0.6486486486486487,1.0,0.0,0.0,16,0.001,1e-05,0.5,8,resize_cube64_hu_m300_1400
5,VALIDATION,0.55,0.6896551724137931,1.0,0.1,0.31622776601683794,16,0.001,1e-05,0.5,8,resize_cube64_hu_m300_1400
5,TEST,0.44,0.6111111111111112,1.0,0.0,0.0,16,0.001,1e-05,0.5,8,resize_cube64_hu_m300_1400
MEAN,VALIDATION,0.55,0.5735354300871542,0.8222222222222222,0.3109090909090909,0.35496335127455836,16,0.001,1e-05,0.5,8,resize_cube64_hu_m300_1400
MEAN,TEST,0.504,0.5641088146970501,0.8,0.24615384615384617,0.2286599772950358,16,0.001,1e-05,0.5,8,resize_cube64_hu_m300_1400
1,VALIDATION,0.8,0.8,0.8888888888888888,0.7272727272727273,0.8040302522073697,32,0.001,0.0,0.0,8,resize_cube64_hu_m300_1400
1,TEST,0.48,0.5806451612903226,0.75,0.23076923076923078,0.41602514716892186,32,0.001,0.0,0.0,8,resize_cube64_hu_m300_1400
2,VALIDATION,0.65,0.72,1.0,0.36363636363636365,0.6030226891555273,32,0.001,0.0,0.0,8,resize_cube64_hu_m300_1400
2,TEST,0.52,0.6470588235294118,0.9166666666666666,0.15384615384615385,0.3755338080994054,32,0.001,0.0,0.0,8,resize_cube64_hu_m300_1400
3,VALIDATION,0.7,0.625,0.5555555555555556,0.8181818181818182,0.6741998624632421,32,0.001,0.0,0.0,8,resize_cube64_hu_m300_1400
3,TEST,0.52,0.5,0.5,0.5384615384615384,0.5188745216627708,32,0.001,0.0,0.0,8,resize_cube64_hu_m300_1400
4,VALIDATION,0.65,0.46153846153846156,0.3333333333333333,0.9090909090909091,0.5504818825631803,32,0.001,0.0,0.0,8,resize_cube64_hu_m300_1400
4,TEST,0.52,0.14285714285714285,0.08333333333333333,0.9230769230769231,0.2773500981126146,32,0.001,0.0,0.0,8,resize_cube64_hu_m300_1400
5,VALIDATION,0.8,0.8,0.8,0.8,0.8,32,0.001,0.0,0.0,8,resize_cube64_hu_m300_1400
5,TEST,0.76,0.7,0.6363636363636364,0.8571428571428571,0.7385489458759964,32,0.001,0.0,0.0,8,resize_cube64_hu_m300_1400
MEAN,VALIDATION,0.7200000000000001,0.6813076923076924,0.7155555555555557,0.7236363636363636,0.6863469372778639,32,0.001,0.0,0.0,8,resize_cube64_hu_m300_1400
MEAN,TEST,0.5599999999999999,0.5141122255353754,0.5772727272727273,0.5406593406593407,0.4652665041839418,32,0.001,0.0,0.0,8,resize_cube64_hu_m300_1400
1,VALIDATION,0.6,0.6666666666666666,0.8888888888888888,0.36363636363636365,0.5685352436149611,32,0.001,0.0,0.3,8,resize_cube64_hu_m300_1400
1,TEST,0.44,0.5882352941176471,0.8333333333333334,0.07692307692307693,0.25318484177091666,32,0.001,0.0,0.3,8,resize_cube64_hu_m300_1400
2,VALIDATION,0.6,0.6363636363636364,0.7777777777777778,0.45454545454545453,0.5945883900105632,32,0.001,0.0,0.3,8,resize_cube64_hu_m300_1400
2,TEST,0.48,0.48,0.5,0.46153846153846156,0.4803844614152614,32,0.001,0.0,0.3,8,resize_cube64_hu_m300_1400
3,VALIDATION,0.65,0.5333333333333333,0.4444444444444444,0.8181818181818182,0.6030226891555273,32,0.001,0.0,0.3,8,resize_cube64_hu_m300_1400
3,TEST,0.6,0.6666666666666666,0.8333333333333334,0.38461538461538464,0.5661385170722979,32,0.001,0.0,0.3,8,resize_cube64_hu_m300_1400
4,VALIDATION,0.55,0.4,0.3333333333333333,0.7272727272727273,0.49236596391733095,32,0.001,0.0,0.3,8,resize_cube64_hu_m300_1400
4,TEST,0.48,0.23529411764705882,0.16666666666666666,0.7692307692307693,0.35805743701971643,32,0.001,0.0,0.3,8,resize_cube64_hu_m300_1400
5,VALIDATION,0.6,0.6363636363636364,0.7,0.5,0.5916079783099616,32,0.001,0.0,0.3,8,resize_cube64_hu_m300_1400
5,TEST,0.64,0.64,0.7272727272727273,0.5714285714285714,0.6446583712203042,32,0.001,0.0,0.3,8,resize_cube64_hu_m300_1400
MEAN,VALIDATION,0.6000000000000001,0.5745454545454545,0.6288888888888888,0.5727272727272726,0.5700240530016688,32,0.001,0.0,0.3,8,resize_cube64_hu_m300_1400
MEAN,TEST,0.528,0.5220392156862745,0.6121212121212121,0.45274725274725275,0.4604847256996994,32,0.001,0.0,0.3,8,resize_cube64_hu_m300_1400
1,VALIDATION,0.6,0.6666666666666666,0.8888888888888888,0.36363636363636365,0.5685352436149611,32,0.001,0.0,0.5,8,resize_cube64_hu_m300_1400
1,TEST,0.48,0.6060606060606061,0.8333333333333334,0.15384615384615385,0.3580574370197165,32,0.001,0.0,0.5,8,resize_cube64_hu_m300_1400
2,VALIDATION,0.3,0.2222222222222222,0.2222222222222222,0.36363636363636365,0.28426762180748055,32,0.001,0.0,0.5,8,resize_cube64_hu_m300_1400
2,TEST,0.44,0.3,0.25,0.6153846153846154,0.3922322702763681,32,0.001,0.0,0.5,8,resize_cube64_hu_m300_1400
3,VALIDATION,0.6,0.6,0.6666666666666666,0.5454545454545454,0.6030226891555273,32,0.001,0.0,0.5,8,resize_cube64_hu_m300_1400
3,TEST,0.68,0.7333333333333333,0.9166666666666666,0.46153846153846156,0.6504436355879909,32,0.001,0.0,0.5,8,resize_cube64_hu_m300_1400
4,VALIDATION,0.5,0.6428571428571429,1.0,0.09090909090909091,0.30151134457776363,32,0.001,0.0,0.5,8,resize_cube64_hu_m300_1400
4,TEST,0.48,0.6486486486486487,1.0,0.0,0.0,32,0.001,0.0,0.5,8,resize_cube64_hu_m300_1400
5,VALIDATION,0.6,0.6363636363636364,0.7,0.5,0.5916079783099616,32,0.001,0.0,0.5,8,resize_cube64_hu_m300_1400
5,TEST,0.64,0.6086956521739131,0.6363636363636364,0.6428571428571429,0.6396021490668313,32,0.001,0.0,0.5,8,resize_cube64_hu_m300_1400
MEAN,VALIDATION,0.52,0.5536219336219336,0.6955555555555556,0.3727272727272727,0.46978897549313886,32,0.001,0.0,0.5,8,resize_cube64_hu_m300_1400
MEAN,TEST,0.544,0.5793476480433002,0.7272727272727273,0.3747252747252747,0.4080670983901814,32,0.001,0.0,0.5,8,resize_cube64_hu_m300_1400
1,VALIDATION,0.8,0.7777777777777778,0.7777777777777778,0.8181818181818182,0.7977240352174657,32,0.001,1e-05,0.0,8,resize_cube64_hu_m300_1400
1,TEST,0.6,0.6153846153846154,0.6666666666666666,0.5384615384615384,0.599144689515278,32,0.001,1e-05,0.0,8,resize_cube64_hu_m300_1400
2,VALIDATION,0.6,0.6363636363636364,0.7777777777777778,0.45454545454545453,0.5945883900105632,32,0.001,1e-05,0.0,8,resize_cube64_hu_m300_1400
2,TEST,0.52,0.5714285714285714,0.6666666666666666,0.38461538461538464,0.5063696835418333,32,0.001,1e-05,0.0,8,resize_cube64_hu_m300_1400
3,VALIDATION,0.85,0.8,0.6666666666666666,1.0,0.816496580927726,32,0.001,1e-05,0.0,8,resize_cube64_hu_m300_1400
3,TEST,0.68,0.6666666666666666,0.6666666666666666,0.6923076923076923,0.6793662204867574,32,0.001,1e-05,0.0,8,resize_cube64_hu_m300_1400
4,VALIDATION,0.6,0.5,0.4444444444444444,0.7272727272727273,0.5685352436149611,32,0.001,1e-05,0.0,8,resize_cube64_hu_m300_1400
4,TEST,0.6,0.4444444444444444,0.3333333333333333,0.8461538461538461,0.5310850045437944,32,0.001,1e-05,0.0,8,resize_cube64_hu_m300_1400
5,VALIDATION,0.65,0.6956521739130435,0.8,0.5,0.6324555320336759,32,0.001,1e-05,0.0,8,resize_cube64_hu_m300_1400
5,TEST,0.68,0.5,0.36363636363636365,0.9285714285714286,0.5810872031479765,32,0.001,1e-05,0.0,8,resize_cube64_hu_m300_1400
MEAN,VALIDATION,0.7,0.6819587176108916,0.6933333333333334,0.7,0.6819599563608782,32,0.001,1e-05,0.0,8,resize_cube64_hu_m300_1400
MEAN,TEST,0.6160000000000001,0.5595848595848596,0.5393939393939394,0.6780219780219781,0.5794105602471279,32,0.001,1e-05,0.0,8,resize_cube64_hu_m300_1400
1,VALIDATION,0.75,0.7619047619047619,0.8888888888888888,0.6363636363636364,0.7521014330903549,32,0.001,1e-05,0.3,8,resize_cube64_hu_m300_1400
1,TEST,0.72,0.72,0.75,0.6923076923076923,0.7205766921228921,32,0.001,1e-05,0.3,8,resize_cube64_hu_m300_1400
2,VALIDATION,0.6,0.5555555555555556,0.5555555555555556,0.6363636363636364,0.5945883900105632,32,0.001,1e-05,0.3,8,resize_cube64_hu_m300_1400
2,TEST,0.52,0.5,0.5,0.5384615384615384,0.5188745216627708,32,0.001,1e-05,0.3,8,resize_cube64_hu_m300_1400
3,VALIDATION,0.65,0.6666666666666666,0.7777777777777778,0.5454545454545454,0.6513389472789296,32,0.001,1e-05,0.3,8,resize_cube64_hu_m300_1400
3,TEST,0.56,0.6451612903225806,0.8333333333333334,0.3076923076923077,0.5063696835418333,32,0.001,1e-05,0.3,8,resize_cube64_hu_m300_1400
4,VALIDATION,0.45,0.5217391304347826,0.6666666666666666,0.2727272727272727,0.42640143271122083,32,0.001,1e-05,0.3,8,resize_cube64_hu_m300_1400
4,TEST,0.56,0.6666666666666666,0.9166666666666666,0.23076923076923078,0.45993310550389993,32,0.001,1e-05,0.3,8,resize_cube64_hu_m300_1400
5,VALIDATION,0.55,0.6666666666666666,0.9,0.2,0.42426406871192857,32,0.001,1e-05,0.3,8,resize_cube64_hu_m300_1400
5,TEST,0.6,0.6428571428571429,0.8181818181818182,0.42857142857142855,0.592156525463792,32,0.001,1e-05,0.3,8,resize_cube64_hu_m300_1400
MEAN,VALIDATION,0.6,0.6345065562456866,0.7577777777777778,0.4581818181818182,0.5697388543605995,32,0.001,1e-05,0.3,8,resize_cube64_hu_m300_1400
MEAN,TEST,0.5920000000000001,0.634937019969278,0.7636363636363637,0.4395604395604396,0.5595821056590375,32,0.001,1e-05,0.3,8,resize_cube64_hu_m300_1400
1,VALIDATION,0.65,0.6666666666666666,0.7777777777777778,0.5454545454545454,0.6513389472789296,32,0.001,1e-05,0.5,8,resize_cube64_hu_m300_1400
1,TEST,0.64,0.64,0.6666666666666666,0.6153846153846154,0.6405126152203485,32,0.001,1e-05,0.5,8,resize_cube64_hu_m300_1400
2,VALIDATION,0.55,0.64,0.8888888888888888,0.2727272727272727,0.4923659639173309,32,0.001,1e-05,0.5,8,resize_cube64_hu_m300_1400
2,TEST,0.36,0.42857142857142855,0.5,0.23076923076923078,0.3396831102433787,32,0.001,1e-05,0.5,8,resize_cube64_hu_m300_1400
3,VALIDATION,0.6,0.5555555555555556,0.5555555555555556,0.6363636363636364,0.5945883900105632,32,0.001,1e-05,0.5,8,resize_cube64_hu_m300_1400
3,TEST,0.6,0.6666666666666666,0.8333333333333334,0.38461538461538464,0.5661385170722979,32,0.001,1e-05,0.5,8,resize_cube64_hu_m300_1400
4,VALIDATION,0.45,0.35294117647058826,0.3333333333333333,0.5454545454545454,0.42640143271122083,32,0.001,1e-05,0.5,8,resize_cube64_hu_m300_1400
4,TEST,0.48,0.3157894736842105,0.25,0.6923076923076923,0.41602514716892186,32,0.001,1e-05,0.5,8,resize_cube64_hu_m300_1400
5,VALIDATION,0.5,0.6153846153846154,0.8,0.2,0.4,32,0.001,1e-05,0.5,8,resize_cube64_hu_m300_1400
5,TEST,0.56,0.6666666666666666,1.0,0.21428571428571427,0.4629100498862757,32,0.001,1e-05,0.5,8,resize_cube64_hu_m300_1400
MEAN,VALIDATION,0.55,0.5661096028154852,0.6711111111111112,0.44000000000000006,0.5129389467836089,32,0.001,1e-05,0.5,8,resize_cube64_hu_m300_1400
MEAN,TEST,0.528,0.5435388471177944,0.65,0.42747252747252745,0.48505388791824455,32,0.001,1e-05,0.5,8,resize_cube64_hu_m300_1400
1,VALIDATION,0.65,0.6666666666666666,0.7777777777777778,0.5454545454545454,0.6513389472789296,4,0.001,0.0,0.0,8,resize_cube128_hu_m600_1500
1,TEST,0.64,0.6086956521739131,0.5833333333333334,0.6923076923076923,0.6354889093022426,4,0.001,0.0,0.0,8,resize_cube128_hu_m600_1500
2,VALIDATION,0.65,0.6956521739130435,0.8888888888888888,0.45454545454545453,0.6356417261637282,4,0.001,0.0,0.0,8,resize_cube128_hu_m600_1500
2,TEST,0.52,0.5384615384615384,0.5833333333333334,0.46153846153846156,0.5188745216627708,4,0.001,0.0,0.0,8,resize_cube128_hu_m600_1500
3,VALIDATION,0.75,0.7368421052631579,0.7777777777777778,0.7272727272727273,0.7521014330903549,4,0.001,0.0,0.0,8,resize_cube128_hu_m600_1500
3,TEST,0.8,0.8148148148148148,0.9166666666666666,0.6923076923076923,0.7966275068156915,4,0.001,0.0,0.0,8,resize_cube128_hu_m600_1500
4,VALIDATION,0.55,0.5263157894736842,0.5555555555555556,0.5454545454545454,0.5504818825631803,4,0.001,0.0,0.0,8,resize_cube128_hu_m600_1500
4,TEST,0.56,0.47619047619047616,0.4166666666666667,0.6923076923076923,0.5370861555295747,4,0.001,0.0,0.0,8,resize_cube128_hu_m600_1500
5,VALIDATION,0.7,0.7272727272727273,0.8,0.6,0.6928203230275509,4,0.001,0.0,0.0,8,resize_cube128_hu_m600_1500
5,TEST,0.64,0.6086956521739131,0.6363636363636364,0.6428571428571429,0.6396021490668313,4,0.001,0.0,0.0,8,resize_cube128_hu_m600_1500
MEAN,VALIDATION,0.6599999999999999,0.6705498925178558,0.76,0.5745454545454545,0.6564768624247488,4,0.001,0.0,0.0,8,resize_cube128_hu_m600_1500
MEAN,TEST,0.6320000000000001,0.6093716267629311,0.6272727272727272,0.6362637362637362,0.6255358484754223,4,0.001,0.0,0.0,8,resize_cube128_hu_m600_1500
1,VALIDATION,0.75,0.7368421052631579,0.7777777777777778,0.7272727272727273,0.7521014330903549,4,0.001,0.0,0.3,8,resize_cube128_hu_m600_1500
1,TEST,0.68,0.6923076923076923,0.75,0.6153846153846154,0.6793662204867574,4,0.001,0.0,0.3,8,resize_cube128_hu_m600_1500
2,VALIDATION,0.7,0.7272727272727273,0.8888888888888888,0.5454545454545454,0.6963106238227913,4,0.001,0.0,0.3,8,resize_cube128_hu_m600_1500
2,TEST,0.64,0.6086956521739131,0.5833333333333334,0.6923076923076923,0.6354889093022426,4,0.001,0.0,0.3,8,resize_cube128_hu_m600_1500
3,VALIDATION,0.7,0.7,0.7777777777777778,0.6363636363636364,0.7035264706814485,4,0.001,0.0,0.3,8,resize_cube128_hu_m600_1500
3,TEST,0.76,0.7692307692307693,0.8333333333333334,0.6923076923076923,0.75955452531275,4,0.001,0.0,0.3,8,resize_cube128_hu_m600_1500
4,VALIDATION,0.55,0.6086956521739131,0.7777777777777778,0.36363636363636365,0.5318160234783105,4,0.001,0.0,0.3,8,resize_cube128_hu_m600_1500
4,TEST,0.56,0.6666666666666666,0.9166666666666666,0.23076923076923078,0.45993310550389993,4,0.001,0.0,0.3,8,resize_cube128_hu_m600_1500
5,VALIDATION,0.65,0.6956521739130435,0.8,0.5,0.6324555320336759,4,0.001,0.0,0.3,8,resize_cube128_hu_m600_1500
5,TEST,0.68,0.6666666666666666,0.7272727272727273,0.6428571428571429,0.6837634587578277,4,0.001,0.0,0.3,8,resize_cube128_hu_m600_1500
MEAN,VALIDATION,0.67,0.6936925317245684,0.8044444444444444,0.5545454545454546,0.6632420166213162,4,0.001,0.0,0.3,8,resize_cube128_hu_m600_1500
MEAN,TEST,0.664,0.6807134894091416,0.7621212121212121,0.5747252747252747,0.6436212438726955,4,0.001,0.0,0.3,8,resize_cube128_hu_m600_1500
1,VALIDATION,0.85,0.8421052631578947,0.8888888888888888,0.8181818181818182,0.8528028654224418,4,0.001,0.0,0.5,8,resize_cube128_hu_m600_1500
1,TEST,0.56,0.47619047619047616,0.4166666666666667,0.6923076923076923,0.5370861555295747,4,0.001,0.0,0.5,8,resize_cube128_hu_m600_1500
2,VALIDATION,0.6,0.5555555555555556,0.5555555555555556,0.6363636363636364,0.5945883900105632,4,0.001,0.0,0.5,8,resize_cube128_hu_m600_1500
2,TEST,0.56,0.47619047619047616,0.4166666666666667,0.6923076923076923,0.5370861555295747,4,0.001,0.0,0.5,8,resize_cube128_hu_m600_1500
3,VALIDATION,0.7,0.7,0.7777777777777778,0.6363636363636364,0.7035264706814485,4,0.001,0.0,0.5,8,resize_cube128_hu_m600_1500
3,TEST,0.8,0.8148148148148148,0.9166666666666666,0.6923076923076923,0.7966275068156915,4,0.001,0.0,0.5,8,resize_cube128_hu_m600_1500
4,VALIDATION,0.6,0.5,0.4444444444444444,0.7272727272727273,0.5685352436149611,4,0.001,0.0,0.5,8,resize_cube128_hu_m600_1500
4,TEST,0.56,0.42105263157894735,0.3333333333333333,0.7692307692307693,0.5063696835418333,4,0.001,0.0,0.5,8,resize_cube128_hu_m600_1500
5,VALIDATION,0.6,0.6666666666666666,0.8,0.4,0.5656854249492381,4,0.001,0.0,0.5,8,resize_cube128_hu_m600_1500
5,TEST,0.64,0.64,0.7272727272727273,0.5714285714285714,0.6446583712203042,4,0.001,0.0,0.5,8,resize_cube128_hu_m600_1500
MEAN,VALIDATION,0.67,0.6528654970760234,0.6933333333333334,0.6436363636363637,0.6570276789357306,4,0.001,0.0,0.5,8,resize_cube128_hu_m600_1500
MEAN,TEST,0.6240000000000001,0.5656496797549428,0.5621212121212121,0.6835164835164834,0.6043655745273957,4,0.001,0.0,0.5,8,resize_cube128_hu_m600_1500
1,VALIDATION,0.65,0.6666666666666666,0.7777777777777778,0.5454545454545454,0.6513389472789296,4,0.001,1e-05,0.0,8,resize_cube128_hu_m600_1500
1,TEST,0.64,0.6896551724137931,0.8333333333333334,0.46153846153846156,0.6201736729460423,4,0.001,1e-05,0.0,8,resize_cube128_hu_m600_1500
2,VALIDATION,0.7,0.75,1.0,0.45454545454545453,0.674199862463242,4,0.001,1e-05,0.0,8,resize_cube128_hu_m600_1500
2,TEST,0.64,0.6896551724137931,0.8333333333333334,0.46153846153846156,0.6201736729460423,4,0.001,1e-05,0.0,8,resize_cube128_hu_m600_1500
3,VALIDATION,0.7,0.7,0.7777777777777778,0.6363636363636364,0.7035264706814485,4,0.001,1e-05,0.0,8,resize_cube128_hu_m600_1500
3,TEST,0.52,0.5,0.5,0.5384615384615384,0.5188745216627708,4,0.001,1e-05,0.0,8,resize_cube128_hu_m600_1500
4,VALIDATION,0.7,0.7272727272727273,0.8888888888888888,0.5454545454545454,0.6963106238227913,4,0.001,1e-05,0.0,8,resize_cube128_hu_m600_1500
4,TEST,0.52,0.6,0.75,0.3076923076923077,0.4803844614152614,4,0.001,1e-05,0.0,8,resize_cube128_hu_m600_1500
5,VALIDATION,0.65,0.6666666666666666,0.7,0.6,0.648074069840786,4,0.001,1e-05,0.0,8,resize_cube128_hu_m600_1500
5,TEST,0.68,0.6363636363636364,0.6363636363636364,0.7142857142857143,0.674199862463242,4,0.001,1e-05,0.0,8,resize_cube128_hu_m600_1500
MEAN,VALIDATION,0.6799999999999999,0.702121212121212,0.8288888888888888,0.5563636363636364,0.6746899948174394,4,0.001,1e-05,0.0,8,resize_cube128_hu_m600_1500
MEAN,TEST,0.6000000000000001,0.6231347962382445,0.7106060606060607,0.4967032967032967,0.5827612382866717,4,0.001,1e-05,0.0,8,resize_cube128_hu_m600_1500
1,VALIDATION,0.75,0.782608695652174,1.0,0.5454545454545454,0.7385489458759964,4,0.001,1e-05,0.3,8,resize_cube128_hu_m600_1500
1,TEST,0.68,0.7333333333333333,0.9166666666666666,0.46153846153846156,0.6504436355879909,4,0.001,1e-05,0.3,8,resize_cube128_hu_m600_1500
2,VALIDATION,0.65,0.6956521739130435,0.8888888888888888,0.45454545454545453,0.6356417261637282,4,0.001,1e-05,0.3,8,resize_cube128_hu_m600_1500
2,TEST,0.56,0.56,0.5833333333333334,0.5384615384615384,0.560448538317805,4,0.001,1e-05,0.3,8,resize_cube128_hu_m600_1500
3,VALIDATION,0.7,0.625,0.5555555555555556,0.8181818181818182,0.6741998624632421,4,0.001,1e-05,0.3,8,resize_cube128_hu_m600_1500
3,TEST,0.72,0.7407407407407407,0.8333333333333334,0.6153846153846154,0.716114874039433,4,0.001,1e-05,0.3,8,resize_cube128_hu_m600_1500
4,VALIDATION,0.5,0.5454545454545454,0.6666666666666666,0.36363636363636365,0.49236596391733095,4,0.001,1e-05,0.3,8,resize_cube128_hu_m600_1500
4,TEST,0.4,0.5454545454545454,0.75,0.07692307692307693,0.2401922307076307,4,0.001,1e-05,0.3,8,resize_cube128_hu_m600_1500
5,VALIDATION,0.6,0.6,0.6,0.6,0.6,4,0.001,1e-05,0.3,8,resize_cube128_hu_m600_1500
5,TEST,0.68,0.6,0.5454545454545454,0.7857142857142857,0.6546536707079771,4,0.001,1e-05,0.3,8,resize_cube128_hu_m600_1500
MEAN,VALIDATION,0.6399999999999999,0.6497430830039526,0.7422222222222222,0.5563636363636364,0.6281512996840595,4,0.001,1e-05,0.3,8,resize_cube128_hu_m600_1500
MEAN,TEST,0.6080000000000001,0.635905723905724,0.7257575757575758,0.4956043956043956,0.5643705898721674,4,0.001,1e-05,0.3,8,resize_cube128_hu_m600_1500
1,VALIDATION,0.7,0.6666666666666666,0.6666666666666666,0.7272727272727273,0.6963106238227914,4,0.001,1e-05,0.5,8,resize_cube128_hu_m600_1500
1,TEST,0.68,0.6666666666666666,0.6666666666666666,0.6923076923076923,0.6793662204867574,4,0.001,1e-05,0.5,8,resize_cube128_hu_m600_1500
2,VALIDATION,0.6,0.6363636363636364,0.7777777777777778,0.45454545454545453,0.5945883900105632,4,0.001,1e-05,0.5,8,resize_cube128_hu_m600_1500
2,TEST,0.44,0.46153846153846156,0.5,0.38461538461538464,0.4385290096535146,4,0.001,1e-05,0.5,8,resize_cube128_hu_m600_1500
3,VALIDATION,0.8,0.7777777777777778,0.7777777777777778,0.8181818181818182,0.7977240352174657,4,0.001,1e-05,0.5,8,resize_cube128_hu_m600_1500
3,TEST,0.76,0.7692307692307693,0.8333333333333334,0.6923076923076923,0.75955452531275,4,0.001,1e-05,0.5,8,resize_cube128_hu_m600_1500
4,VALIDATION,0.6,0.5,0.4444444444444444,0.7272727272727273,0.5685352436149611,4,0.001,1e-05,0.5,8,resize_cube128_hu_m600_1500
4,TEST,0.56,0.35294117647058826,0.25,0.8461538461538461,0.45993310550389993,4,0.001,1e-05,0.5,8,resize_cube128_hu_m600_1500
5,VALIDATION,0.65,0.6956521739130435,0.8,0.5,0.6324555320336759,4,0.001,1e-05,0.5,8,resize_cube128_hu_m600_1500
5,TEST,0.64,0.6666666666666666,0.8181818181818182,0.5,0.6396021490668313,4,0.001,1e-05,0.5,8,resize_cube128_hu_m600_1500
MEAN,VALIDATION,0.6699999999999999,0.6552920509442248,0.6933333333333334,0.6454545454545455,0.6579227649398914,4,0.001,1e-05,0.5,8,resize_cube128_hu_m600_1500
MEAN,TEST,0.6160000000000001,0.5834087481146304,0.6136363636363636,0.6230769230769231,0.5953970020047507,4,0.001,1e-05,0.5,8,resize_cube128_hu_m600_1500
1,VALIDATION,0.7,0.625,0.5555555555555556,0.8181818181818182,0.6741998624632421,8,0.001,0.0,0.0,8,resize_cube128_hu_m600_1500
1,TEST,0.6,0.5,0.4166666666666667,0.7692307692307693,0.5661385170722979,8,0.001,0.0,0.0,8,resize_cube128_hu_m600_1500
2,VALIDATION,0.55,0.6086956521739131,0.7777777777777778,0.36363636363636365,0.5318160234783105,8,0.001,0.0,0.0,8,resize_cube128_hu_m600_1500
2,TEST,0.56,0.56,0.5833333333333334,0.5384615384615384,0.560448538317805,8,0.001,0.0,0.0,8,resize_cube128_hu_m600_1500
3,VALIDATION,0.75,0.7368421052631579,0.7777777777777778,0.7272727272727273,0.7521014330903549,8,0.001,0.0,0.0,8,resize_cube128_hu_m600_1500
3,TEST,0.68,0.6923076923076923,0.75,0.6153846153846154,0.6793662204867574,8,0.001,0.0,0.0,8,resize_cube128_hu_m600_1500
4,VALIDATION,0.55,0.6086956521739131,0.7777777777777778,0.36363636363636365,0.5318160234783105,8,0.001,0.0,0.0,8,resize_cube128_hu_m600_1500
4,TEST,0.44,0.5882352941176471,0.8333333333333334,0.07692307692307693,0.25318484177091666,8,0.001,0.0,0.0,8,resize_cube128_hu_m600_1500
5,VALIDATION,0.75,0.7368421052631579,0.7,0.8,0.7483314773547882,8,0.001,0.0,0.0,8,resize_cube128_hu_m600_1500
5,TEST,0.6,0.2857142857142857,0.18181818181818182,0.9285714285714286,0.4108907018066591,8,0.001,0.0,0.0,8,resize_cube128_hu_m600_1500
MEAN,VALIDATION,0.6599999999999999,0.6632151029748284,0.7177777777777777,0.6145454545454546,0.6476529639730012,8,0.001,0.0,0.0,8,resize_cube128_hu_m600_1500
MEAN,TEST,0.5760000000000001,0.525251454427925,0.553030303030303,0.5857142857142857,0.4940057638908873,8,0.001,0.0,0.0,8,resize_cube128_hu_m600_1500
1,VALIDATION,0.7,0.75,1.0,0.45454545454545453,0.674199862463242,8,0.001,0.0,0.3,8,resize_cube128_hu_m600_1500
1,TEST,0.52,0.6470588235294118,0.9166666666666666,0.15384615384615385,0.3755338080994054,8,0.001,0.0,0.3,8,resize_cube128_hu_m600_1500
2,VALIDATION,0.6,0.5555555555555556,0.5555555555555556,0.6363636363636364,0.5945883900105632,8,0.001,0.0,0.3,8,resize_cube128_hu_m600_1500
2,TEST,0.52,0.45454545454545453,0.4166666666666667,0.6153846153846154,0.5063696835418333,8,0.001,0.0,0.3,8,resize_cube128_hu_m600_1500
3,VALIDATION,0.65,0.5882352941176471,0.5555555555555556,0.7272727272727273,0.6356417261637283,8,0.001,0.0,0.3,8,resize_cube128_hu_m600_1500
3,TEST,0.68,0.7142857142857143,0.8333333333333334,0.5384615384615384,0.6698641270570836,8,0.001,0.0,0.3,8,resize_cube128_hu_m600_1500
4,VALIDATION,0.5,0.4444444444444444,0.4444444444444444,0.5454545454545454,0.4923659639173309,8,0.001,0.0,0.3,8,resize_cube128_hu_m600_1500
4,TEST,0.48,0.43478260869565216,0.4166666666666667,0.5384615384615384,0.47366546671567095,8,0.001,0.0,0.3,8,resize_cube128_hu_m600_1500
5,VALIDATION,0.7,0.7272727272727273,0.8,0.6,0.6928203230275509,8,0.001,0.0,0.3,8,resize_cube128_hu_m600_1500
5,TEST,0.64,0.6086956521739131,0.6363636363636364,0.6428571428571429,0.6396021490668313,8,0.001,0.0,0.3,8,resize_cube128_hu_m600_1500
MEAN,VALIDATION,0.6299999999999999,0.6131016042780748,0.671111111111111,0.5927272727272727,0.617923253116483,8,0.001,0.0,0.3,8,resize_cube128_hu_m600_1500
MEAN,TEST,0.5680000000000001,0.5718736506460292,0.6439393939393938,0.4978021978021978,0.533007046896165,8,0.001,0.0,0.3,8,resize_cube128_hu_m600_1500
1,VALIDATION,0.7,0.75,1.0,0.45454545454545453,0.674199862463242,8,0.001,0.0,0.5,8,resize_cube128_hu_m600_1500
1,TEST,0.64,0.7096774193548387,0.9166666666666666,0.38461538461538464,0.5937710859953544,8,0.001,0.0,0.5,8,resize_cube128_hu_m600_1500
2,VALIDATION,0.55,0.6666666666666666,1.0,0.18181818181818182,0.4264014327112209,8,0.001,0.0,0.5,8,resize_cube128_hu_m600_1500
2,TEST,0.56,0.6666666666666666,0.9166666666666666,0.23076923076923078,0.45993310550389993,8,0.001,0.0,0.5,8,resize_cube128_hu_m600_1500
3,VALIDATION,0.55,0.64,0.8888888888888888,0.2727272727272727,0.4923659639173309,8,0.001,0.0,0.5,8,resize_cube128_hu_m600_1500
3,TEST,0.6,0.6875,0.9166666666666666,0.3076923076923077,0.5310850045437944,8,0.001,0.0,0.5,8,resize_cube128_hu_m600_1500
4,VALIDATION,0.5,0.6153846153846154,0.8888888888888888,0.18181818181818182,0.40201512610368484,8,0.001,0.0,0.5,8,resize_cube128_hu_m600_1500
4,TEST,0.56,0.6206896551724138,0.75,0.38461538461538464,0.5370861555295747,8,0.001,0.0,0.5,8,resize_cube128_hu_m600_1500
5,VALIDATION,0.65,0.6956521739130435,0.8,0.5,0.6324555320336759,8,0.001,0.0,0.5,8,resize_cube128_hu_m600_1500
5,TEST,0.64,0.64,0.7272727272727273,0.5714285714285714,0.6446583712203042,8,0.001,0.0,0.5,8,resize_cube128_hu_m600_1500
MEAN,VALIDATION,0.59,0.6735406911928651,0.9155555555555555,0.3181818181818182,0.5254875834458309,8,0.001,0.0,0.5,8,resize_cube128_hu_m600_1500
MEAN,TEST,0.6000000000000001,0.6649067482387838,0.8454545454545455,0.3758241758241758,0.5533067445585855,8,0.001,0.0,0.5,8,resize_cube128_hu_m600_1500
1,VALIDATION,0.6,0.6,0.6666666666666666,0.5454545454545454,0.6030226891555273,8,0.001,1e-05,0.0,8,resize_cube128_hu_m600_1500
1,TEST,0.48,0.43478260869565216,0.4166666666666667,0.5384615384615384,0.47366546671567095,8,0.001,1e-05,0.0,8,resize_cube128_hu_m600_1500
2,VALIDATION,0.65,0.5882352941176471,0.5555555555555556,0.7272727272727273,0.6356417261637283,8,0.001,1e-05,0.0,8,resize_cube128_hu_m600_1500
2,TEST,0.44,0.3,0.25,0.6153846153846154,0.3922322702763681,8,0.001,1e-05,0.0,8,resize_cube128_hu_m600_1500
3,VALIDATION,0.65,0.5882352941176471,0.5555555555555556,0.7272727272727273,0.6356417261637283,8,0.001,1e-05,0.0,8,resize_cube128_hu_m600_1500
3,TEST,0.6,0.6153846153846154,0.6666666666666666,0.5384615384615384,0.599144689515278,8,0.001,1e-05,0.0,8,resize_cube128_hu_m600_1500
4,VALIDATION,0.55,0.5263157894736842,0.5555555555555556,0.5454545454545454,0.5504818825631803,8,0.001,1e-05,0.0,8,resize_cube128_hu_m600_1500
4,TEST,0.48,0.5185185185185185,0.5833333333333334,0.38461538461538464,0.47366546671567095,8,0.001,1e-05,0.0,8,resize_cube128_hu_m600_1500
5,VALIDATION,0.8,0.8,0.8,0.8,0.8,8,0.001,1e-05,0.0,8,resize_cube128_hu_m600_1500
5,TEST,0.64,0.5263157894736842,0.45454545454545453,0.7857142857142857,0.5976143046671968,8,0.001,1e-05,0.0,8,resize_cube128_hu_m600_1500
MEAN,VALIDATION,0.65,0.6205572755417956,0.6266666666666667,0.6690909090909092,0.6449576048092329,8,0.001,1e-05,0.0,8,resize_cube128_hu_m600_1500
MEAN,TEST,0.528,0.47900030641449404,0.4742424242424243,0.5725274725274725,0.507264439578037,8,0.001,1e-05,0.0,8,resize_cube128_hu_m600_1500
1,VALIDATION,0.7,0.7,0.7777777777777778,0.6363636363636364,0.7035264706814485,8,0.001,1e-05,0.3,8,resize_cube128_hu_m600_1500
1,TEST,0.64,0.6666666666666666,0.75,0.5384615384615384,0.6354889093022426,8,0.001,1e-05,0.3,8,resize_cube128_hu_m600_1500
2,VALIDATION,0.6,0.5555555555555556,0.5555555555555556,0.6363636363636364,0.5945883900105632,8,0.001,1e-05,0.3,8,resize_cube128_hu_m600_1500
2,TEST,0.56,0.47619047619047616,0.4166666666666667,0.6923076923076923,0.5370861555295747,8,0.001,1e-05,0.3,8,resize_cube128_hu_m600_1500
3,VALIDATION,0.75,0.7368421052631579,0.7777777777777778,0.7272727272727273,0.7521014330903549,8,0.001,1e-05,0.3,8,resize_cube128_hu_m600_1500
3,TEST,0.56,0.6206896551724138,0.75,0.38461538461538464,0.5370861555295747,8,0.001,1e-05,0.3,8,resize_cube128_hu_m600_1500
4,VALIDATION,0.4,0.3333333333333333,0.3333333333333333,0.45454545454545453,0.38924947208076144,8,0.001,1e-05,0.3,8,resize_cube128_hu_m600_1500
4,TEST,0.52,0.5,0.5,0.5384615384615384,0.5188745216627708,8,0.001,1e-05,0.3,8,resize_cube128_hu_m600_1500
5,VALIDATION,0.65,0.6956521739130435,0.8,0.5,0.6324555320336759,8,0.001,1e-05,0.3,8,resize_cube128_hu_m600_1500
5,TEST,0.64,0.64,0.7272727272727273,0.5714285714285714,0.6446583712203042,8,0.001,1e-05,0.3,8,resize_cube128_hu_m600_1500
MEAN,VALIDATION,0.6199999999999999,0.6042766336130181,0.6488888888888888,0.5909090909090909,0.6143842595793608,8,0.001,1e-05,0.3,8,resize_cube128_hu_m600_1500
MEAN,TEST,0.5840000000000001,0.5807093596059113,0.6287878787878789,0.5450549450549451,0.5746388226488934,8,0.001,1e-05,0.3,8,resize_cube128_hu_m600_1500
1,VALIDATION,0.75,0.7619047619047619,0.8888888888888888,0.6363636363636364,0.7521014330903549,8,0.001,1e-05,0.5,8,resize_cube128_hu_m600_1500
1,TEST,0.64,0.6666666666666666,0.75,0.5384615384615384,0.6354889093022426,8,0.001,1e-05,0.5,8,resize_cube128_hu_m600_1500
2,VALIDATION,0.55,0.6666666666666666,1.0,0.18181818181818182,0.4264014327112209,8,0.001,1e-05,0.5,8,resize_cube128_hu_m600_1500
2,TEST,0.48,0.5806451612903226,0.75,0.23076923076923078,0.41602514716892186,8,0.001,1e-05,0.5,8,resize_cube128_hu_m600_1500
3,VALIDATION,0.6,0.6666666666666666,0.8888888888888888,0.36363636363636365,0.5685352436149611,8,0.001,1e-05,0.5,8,resize_cube128_hu_m600_1500
3,TEST,0.68,0.75,1.0,0.38461538461538464,0.6201736729460423,8,0.001,1e-05,0.5,8,resize_cube128_hu_m600_1500
4,VALIDATION,0.45,0.56,0.7777777777777778,0.18181818181818182,0.37605071654517747,8,0.001,1e-05,0.5,8,resize_cube128_hu_m600_1500
4,TEST,0.52,0.6666666666666666,1.0,0.07692307692307693,0.2773500981126146,8,0.001,1e-05,0.5,8,resize_cube128_hu_m600_1500
5,VALIDATION,0.65,0.6956521739130435,0.8,0.5,0.6324555320336759,8,0.001,1e-05,0.5,8,resize_cube128_hu_m600_1500
5,TEST,0.68,0.6666666666666666,0.7272727272727273,0.6428571428571429,0.6837634587578277,8,0.001,1e-05,0.5,8,resize_cube128_hu_m600_1500
MEAN,VALIDATION,0.6,0.6701780538302277,0.8711111111111111,0.3727272727272727,0.5511088715990781,8,0.001,1e-05,0.5,8,resize_cube128_hu_m600_1500
MEAN,TEST,0.6000000000000001,0.6661290322580645,0.8454545454545455,0.3747252747252747,0.5265602572575298,8,0.001,1e-05,0.5,8,resize_cube128_hu_m600_1500
1,VALIDATION,0.65,0.5333333333333333,0.4444444444444444,0.8181818181818182,0.6030226891555273,16,0.001,0.0,0.0,8,resize_cube128_hu_m600_1500
1,TEST,0.64,0.47058823529411764,0.3333333333333333,0.9230769230769231,0.5547001962252291,16,0.001,0.0,0.0,8,resize_cube128_hu_m600_1500
2,VALIDATION,0.75,0.7058823529411765,0.6666666666666666,0.8181818181818182,0.7385489458759964,16,0.001,0.0,0.0,8,resize_cube128_hu_m600_1500
2,TEST,0.56,0.47619047619047616,0.4166666666666667,0.6923076923076923,0.5370861555295747,16,0.001,0.0,0.0,8,resize_cube128_hu_m600_1500
3,VALIDATION,0.8,0.7142857142857143,0.5555555555555556,1.0,0.7453559924999299,16,0.001,0.0,0.0,8,resize_cube128_hu_m600_1500
3,TEST,0.68,0.5555555555555556,0.4166666666666667,0.9230769230769231,0.6201736729460423,16,0.001,0.0,0.0,8,resize_cube128_hu_m600_1500
4,VALIDATION,0.7,0.75,1.0,0.45454545454545453,0.674199862463242,16,0.001,0.0,0.0,8,resize_cube128_hu_m600_1500
4,TEST,0.44,0.5882352941176471,0.8333333333333334,0.07692307692307693,0.25318484177091666,16,0.001,0.0,0.0,8,resize_cube128_hu_m600_1500
5,VALIDATION,0.75,0.7368421052631579,0.7,0.8,0.7483314773547882,16,0.001,0.0,0.0,8,resize_cube128_hu_m600_1500
5,TEST,0.72,0.631578947368421,0.5454545454545454,0.8571428571428571,0.6837634587578276,16,0.001,0.0,0.0,8,resize_cube128_hu_m600_1500
MEAN,VALIDATION,0.7300000000000001,0.6880687011646764,0.6733333333333335,0.7781818181818183,0.7018917934698967,16,0.001,0.0,0.0,8,resize_cube128_hu_m600_1500
MEAN,TEST,0.608,0.5444297017052435,0.509090909090909,0.6945054945054945,0.5297816650459181,16,0.001,0.0,0.0,8,resize_cube128_hu_m600_1500
1,VALIDATION,0.75,0.7619047619047619,0.8888888888888888,0.6363636363636364,0.7521014330903549,16,0.001,0.0,0.3,8,resize_cube128_hu_m600_1500
1,TEST,0.72,0.72,0.75,0.6923076923076923,0.7205766921228921,16,0.001,0.0,0.3,8,resize_cube128_hu_m600_1500
2,VALIDATION,0.55,0.4,0.3333333333333333,0.7272727272727273,0.49236596391733095,16,0.001,0.0,0.3,8,resize_cube128_hu_m600_1500
2,TEST,0.44,0.125,0.08333333333333333,0.7692307692307693,0.25318484177091666,16,0.001,0.0,0.3,8,resize_cube128_hu_m600_1500
3,VALIDATION,0.45,0.5925925925925926,0.8888888888888888,0.09090909090909091,0.28426762180748055,16,0.001,0.0,0.3,8,resize_cube128_hu_m600_1500
3,TEST,0.6,0.6875,0.9166666666666666,0.3076923076923077,0.5310850045437944,16,0.001,0.0,0.3,8,resize_cube128_hu_m600_1500
4,VALIDATION,0.5,0.5833333333333334,0.7777777777777778,0.2727272727272727,0.4605661864718383,16,0.001,0.0,0.3,8,resize_cube128_hu_m600_1500
4,TEST,0.52,0.6470588235294118,0.9166666666666666,0.15384615384615385,0.3755338080994054,16,0.001,0.0,0.3,8,resize_cube128_hu_m600_1500
5,VALIDATION,0.6,0.6,0.6,0.6,0.6,16,0.001,0.0,0.3,8,resize_cube128_hu_m600_1500
5,TEST,0.68,0.6363636363636364,0.6363636363636364,0.7142857142857143,0.674199862463242,16,0.001,0.0,0.3,8,resize_cube128_hu_m600_1500
MEAN,VALIDATION,0.5700000000000001,0.5875661375661376,0.6977777777777777,0.46545454545454545,0.5178602410574009,16,0.001,0.0,0.3,8,resize_cube128_hu_m600_1500
MEAN,TEST,0.592,0.5631844919786096,0.6606060606060605,0.5274725274725276,0.5109160418000501,16,0.001,0.0,0.3,8,resize_cube128_hu_m600_1500
1,VALIDATION,0.7,0.75,1.0,0.45454545454545453,0.674199862463242,16,0.001,0.0,0.5,8,resize_cube128_hu_m600_1500
1,TEST,0.64,0.6896551724137931,0.8333333333333334,0.46153846153846156,0.6201736729460423,16,0.001,0.0,0.5,8,resize_cube128_hu_m600_1500
2,VALIDATION,0.45,0.26666666666666666,0.2222222222222222,0.6363636363636364,0.37605071654517747,16,0.001,0.0,0.5,8,resize_cube128_hu_m600_1500
2,TEST,0.48,0.3157894736842105,0.25,0.6923076923076923,0.41602514716892186,16,0.001,0.0,0.5,8,resize_cube128_hu_m600_1500
3,VALIDATION,0.7,0.5714285714285714,0.4444444444444444,0.9090909090909091,0.6356417261637282,16,0.001,0.0,0.5,8,resize_cube128_hu_m600_1500
3,TEST,0.68,0.6923076923076923,0.75,0.6153846153846154,0.6793662204867574,16,0.001,0.0,0.5,8,resize_cube128_hu_m600_1500
4,VALIDATION,0.45,0.26666666666666666,0.2222222222222222,0.6363636363636364,0.37605071654517747,16,0.001,0.0,0.5,8,resize_cube128_hu_m600_1500
4,TEST,0.52,0.3333333333333333,0.25,0.7692307692307693,0.4385290096535146,16,0.001,0.0,0.5,8,resize_cube128_hu_m600_1500
5,VALIDATION,0.65,0.6956521739130435,0.8,0.5,0.6324555320336759,16,0.001,0.0,0.5,8,resize_cube128_hu_m600_1500
5,TEST,0.64,0.6666666666666666,0.8181818181818182,0.5,0.6396021490668313,16,0.001,0.0,0.5,8,resize_cube128_hu_m600_1500
MEAN,VALIDATION,0.59,0.5100828157349897,0.5377777777777778,0.6272727272727272,0.5388797107502002,16,0.001,0.0,0.5,8,resize_cube128_hu_m600_1500
MEAN,TEST,0.5920000000000001,0.5395504676811391,0.5803030303030303,0.6076923076923076,0.5587392398644135,16,0.001,0.0,0.5,8,resize_cube128_hu_m600_1500
1,VALIDATION,0.7,0.6666666666666666,0.6666666666666666,0.7272727272727273,0.6963106238227914,16,0.001,1e-05,0.0,8,resize_cube128_hu_m600_1500
1,TEST,0.56,0.42105263157894735,0.3333333333333333,0.7692307692307693,0.5063696835418333,16,0.001,1e-05,0.0,8,resize_cube128_hu_m600_1500
2,VALIDATION,0.75,0.7619047619047619,0.8888888888888888,0.6363636363636364,0.7521014330903549,16,0.001,1e-05,0.0,8,resize_cube128_hu_m600_1500
2,TEST,0.6,0.5454545454545454,0.5,0.6923076923076923,0.5883484054145521,16,0.001,1e-05,0.0,8,resize_cube128_hu_m600_1500
3,VALIDATION,0.75,0.6666666666666666,0.5555555555555556,0.9090909090909091,0.7106690545187014,16,0.001,1e-05,0.0,8,resize_cube128_hu_m600_1500
3,TEST,0.48,0.38095238095238093,0.3333333333333333,0.6153846153846154,0.4529108136578383,16,0.001,1e-05,0.0,8,resize_cube128_hu_m600_1500
4,VALIDATION,0.65,0.5333333333333333,0.4444444444444444,0.8181818181818182,0.6030226891555273,16,0.001,1e-05,0.0,8,resize_cube128_hu_m600_1500
4,TEST,0.56,0.42105263157894735,0.3333333333333333,0.7692307692307693,0.5063696835418333,16,0.001,1e-05,0.0,8,resize_cube128_hu_m600_1500
5,VALIDATION,0.65,0.5882352941176471,0.5,0.8,0.6324555320336759,16,0.001,1e-05,0.0,8,resize_cube128_hu_m600_1500
5,TEST,0.68,0.5,0.36363636363636365,0.9285714285714286,0.5810872031479765,16,0.001,1e-05,0.0,8,resize_cube128_hu_m600_1500
MEAN,VALIDATION,0.7,0.643361344537815,0.611111111111111,0.7781818181818183,0.6789118665242102,16,0.001,1e-05,0.0,8,resize_cube128_hu_m600_1500
MEAN,TEST,0.5760000000000001,0.4537024379129642,0.3727272727272727,0.7549450549450549,0.5270171578608067,16,0.001,1e-05,0.0,8,resize_cube128_hu_m600_1500
1,VALIDATION,0.75,0.7619047619047619,0.8888888888888888,0.6363636363636364,0.7521014330903549,16,0.001,1e-05,0.3,8,resize_cube128_hu_m600_1500
1,TEST,0.72,0.72,0.75,0.6923076923076923,0.7205766921228921,16,0.001,1e-05,0.3,8,resize_cube128_hu_m600_1500
2,VALIDATION,0.5,0.5833333333333334,0.7777777777777778,0.2727272727272727,0.4605661864718383,16,0.001,1e-05,0.3,8,resize_cube128_hu_m600_1500
2,TEST,0.44,0.46153846153846156,0.5,0.38461538461538464,0.4385290096535146,16,0.001,1e-05,0.3,8,resize_cube128_hu_m600_1500
3,VALIDATION,0.7,0.7272727272727273,0.8888888888888888,0.5454545454545454,0.6963106238227913,16,0.001,1e-05,0.3,8,resize_cube128_hu_m600_1500
3,TEST,0.6,0.6875,0.9166666666666666,0.3076923076923077,0.5310850045437944,16,0.001,1e-05,0.3,8,resize_cube128_hu_m600_1500
4,VALIDATION,0.55,0.6086956521739131,0.7777777777777778,0.36363636363636365,0.5318160234783105,16,0.001,1e-05,0.3,8,resize_cube128_hu_m600_1500
4,TEST,0.52,0.6470588235294118,0.9166666666666666,0.15384615384615385,0.3755338080994054,16,0.001,1e-05,0.3,8,resize_cube128_hu_m600_1500
5,VALIDATION,0.7,0.7272727272727273,0.8,0.6,0.6928203230275509,16,0.001,1e-05,0.3,8,resize_cube128_hu_m600_1500
5,TEST,0.64,0.6086956521739131,0.6363636363636364,0.6428571428571429,0.6396021490668313,16,0.001,1e-05,0.3,8,resize_cube128_hu_m600_1500
MEAN,VALIDATION,0.64,0.6816958403914926,0.8266666666666665,0.4836363636363637,0.6267229179781693,16,0.001,1e-05,0.3,8,resize_cube128_hu_m600_1500
MEAN,TEST,0.584,0.6249585874483572,0.7439393939393939,0.4362637362637362,0.5410653326972875,16,0.001,1e-05,0.3,8,resize_cube128_hu_m600_1500
1,VALIDATION,0.65,0.72,1.0,0.36363636363636365,0.6030226891555273,16,0.001,1e-05,0.5,8,resize_cube128_hu_m600_1500
1,TEST,0.52,0.625,0.8333333333333334,0.23076923076923078,0.4385290096535146,16,0.001,1e-05,0.5,8,resize_cube128_hu_m600_1500
2,VALIDATION,0.5,0.5833333333333334,0.7777777777777778,0.2727272727272727,0.4605661864718383,16,0.001,1e-05,0.5,8,resize_cube128_hu_m600_1500
2,TEST,0.48,0.48,0.5,0.46153846153846156,0.4803844614152614,16,0.001,1e-05,0.5,8,resize_cube128_hu_m600_1500
3,VALIDATION,0.6,0.2,0.1111111111111111,1.0,0.3333333333333333,16,0.001,1e-05,0.5,8,resize_cube128_hu_m600_1500
3,TEST,0.64,0.5263157894736842,0.4166666666666667,0.8461538461538461,0.5937710859953544,16,0.001,1e-05,0.5,8,resize_cube128_hu_m600_1500
4,VALIDATION,0.5,0.6153846153846154,0.8888888888888888,0.18181818181818182,0.40201512610368484,16,0.001,1e-05,0.5,8,resize_cube128_hu_m600_1500
4,TEST,0.56,0.6666666666666666,0.9166666666666666,0.23076923076923078,0.45993310550389993,16,0.001,1e-05,0.5,8,resize_cube128_hu_m600_1500
5,VALIDATION,0.6,0.6666666666666666,0.8,0.4,0.5656854249492381,16,0.001,1e-05,0.5,8,resize_cube128_hu_m600_1500
5,TEST,0.64,0.64,0.7272727272727273,0.5714285714285714,0.6446583712203042,16,0.001,1e-05,0.5,8,resize_cube128_hu_m600_1500
MEAN,VALIDATION,0.5700000000000001,0.557076923076923,0.7155555555555555,0.44363636363636366,0.4729245520027243,16,0.001,1e-05,0.5,8,resize_cube128_hu_m600_1500
MEAN,TEST,0.5680000000000001,0.5875964912280701,0.6787878787878789,0.4681318681318681,0.523455206757667,16,0.001,1e-05,0.5,8,resize_cube128_hu_m600_1500
1,VALIDATION,0.65,0.5882352941176471,0.5555555555555556,0.7272727272727273,0.6356417261637283,32,0.001,0.0,0.0,8,resize_cube128_hu_m600_1500
1,TEST,0.44,0.3,0.25,0.6153846153846154,0.3922322702763681,32,0.001,0.0,0.0,8,resize_cube128_hu_m600_1500
2,VALIDATION,0.6,0.6,0.6666666666666666,0.5454545454545454,0.6030226891555273,32,0.001,0.0,0.0,8,resize_cube128_hu_m600_1500
2,TEST,0.6,0.6153846153846154,0.6666666666666666,0.5384615384615384,0.599144689515278,32,0.001,0.0,0.0,8,resize_cube128_hu_m600_1500
3,VALIDATION,0.65,0.6666666666666666,0.7777777777777778,0.5454545454545454,0.6513389472789296,32,0.001,0.0,0.0,8,resize_cube128_hu_m600_1500
3,TEST,0.48,0.5806451612903226,0.75,0.23076923076923078,0.41602514716892186,32,0.001,0.0,0.0,8,resize_cube128_hu_m600_1500
4,VALIDATION,0.55,0.47058823529411764,0.4444444444444444,0.6363636363636364,0.5318160234783105,32,0.001,0.0,0.0,8,resize_cube128_hu_m600_1500
4,TEST,0.52,0.3333333333333333,0.25,0.7692307692307693,0.4385290096535146,32,0.001,0.0,0.0,8,resize_cube128_hu_m600_1500
5,VALIDATION,0.65,0.5882352941176471,0.5,0.8,0.6324555320336759,32,0.001,0.0,0.0,8,resize_cube128_hu_m600_1500
5,TEST,0.6,0.16666666666666666,0.09090909090909091,1.0,0.30151134457776363,32,0.001,0.0,0.0,8,resize_cube128_hu_m600_1500
MEAN,VALIDATION,0.62,0.5827450980392157,0.5888888888888889,0.650909090909091,0.6108549836220343,32,0.001,0.0,0.0,8,resize_cube128_hu_m600_1500
MEAN,TEST,0.528,0.39920595533498765,0.4015151515151515,0.6307692307692307,0.42948849223836927,32,0.001,0.0,0.0,8,resize_cube128_hu_m600_1500
1,VALIDATION,0.8,0.8181818181818182,1.0,0.6363636363636364,0.7977240352174656,32,0.001,0.0,0.3,8,resize_cube128_hu_m600_1500
1,TEST,0.64,0.6666666666666666,0.75,0.5384615384615384,0.6354889093022426,32,0.001,0.0,0.3,8,resize_cube128_hu_m600_1500
2,VALIDATION,0.7,0.7,0.7777777777777778,0.6363636363636364,0.7035264706814485,32,0.001,0.0,0.3,8,resize_cube128_hu_m600_1500
2,TEST,0.56,0.47619047619047616,0.4166666666666667,0.6923076923076923,0.5370861555295747,32,0.001,0.0,0.3,8,resize_cube128_hu_m600_1500
3,VALIDATION,0.65,0.6956521739130435,0.8888888888888888,0.45454545454545453,0.6356417261637282,32,0.001,0.0,0.3,8,resize_cube128_hu_m600_1500
3,TEST,0.56,0.6451612903225806,0.8333333333333334,0.3076923076923077,0.5063696835418333,32,0.001,0.0,0.3,8,resize_cube128_hu_m600_1500
4,VALIDATION,0.5,0.5454545454545454,0.6666666666666666,0.36363636363636365,0.49236596391733095,32,0.001,0.0,0.3,8,resize_cube128_hu_m600_1500
4,TEST,0.52,0.625,0.8333333333333334,0.23076923076923078,0.4385290096535146,32,0.001,0.0,0.3,8,resize_cube128_hu_m600_1500
5,VALIDATION,0.7,0.7272727272727273,0.8,0.6,0.6928203230275509,32,0.001,0.0,0.3,8,resize_cube128_hu_m600_1500
5,TEST,0.64,0.6086956521739131,0.6363636363636364,0.6428571428571429,0.6396021490668313,32,0.001,0.0,0.3,8,resize_cube128_hu_m600_1500
MEAN,VALIDATION,0.6699999999999999,0.6973122529644268,0.8266666666666665,0.5381818181818182,0.6644157038015048,32,0.001,0.0,0.3,8,resize_cube128_hu_m600_1500
MEAN,TEST,0.5840000000000001,0.6043428170707272,0.693939393939394,0.4824175824175825,0.5514151814187993,32,0.001,0.0,0.3,8,resize_cube128_hu_m600_1500
1,VALIDATION,0.7,0.7,0.7777777777777778,0.6363636363636364,0.7035264706814485,32,0.001,0.0,0.5,8,resize_cube128_hu_m600_1500
1,TEST,0.68,0.6666666666666666,0.6666666666666666,0.6923076923076923,0.6793662204867574,32,0.001,0.0,0.5,8,resize_cube128_hu_m600_1500
2,VALIDATION,0.55,0.64,0.8888888888888888,0.2727272727272727,0.4923659639173309,32,0.001,0.0,0.5,8,resize_cube128_hu_m600_1500
2,TEST,0.4,0.4444444444444444,0.5,0.3076923076923077,0.3922322702763681,32,0.001,0.0,0.5,8,resize_cube128_hu_m600_1500
3,VALIDATION,0.7,0.625,0.5555555555555556,0.8181818181818182,0.6741998624632421,32,0.001,0.0,0.5,8,resize_cube128_hu_m600_1500
3,TEST,0.6,0.6428571428571429,0.75,0.46153846153846156,0.5883484054145521,32,0.001,0.0,0.5,8,resize_cube128_hu_m600_1500
4,VALIDATION,0.5,0.5833333333333334,0.7777777777777778,0.2727272727272727,0.4605661864718383,32,0.001,0.0,0.5,8,resize_cube128_hu_m600_1500
4,TEST,0.56,0.6857142857142857,1.0,0.15384615384615385,0.3922322702763681,32,0.001,0.0,0.5,8,resize_cube128_hu_m600_1500
5,VALIDATION,0.65,0.72,0.9,0.4,0.6000000000000001,32,0.001,0.0,0.5,8,resize_cube128_hu_m600_1500
5,TEST,0.64,0.6666666666666666,0.8181818181818182,0.5,0.6396021490668313,32,0.001,0.0,0.5,8,resize_cube128_hu_m600_1500
MEAN,VALIDATION,0.62,0.6536666666666667,0.78,0.48,0.586131696706772,32,0.001,0.0,0.5,8,resize_cube128_hu_m600_1500
MEAN,TEST,0.5760000000000001,0.6212698412698413,0.746969696969697,0.4230769230769231,0.5383562631041754,32,0.001,0.0,0.5,8,resize_cube128_hu_m600_1500
1,VALIDATION,0.55,0.47058823529411764,0.4444444444444444,0.6363636363636364,0.5318160234783105,32,0.001,1e-05,0.0,8,resize_cube128_hu_m600_1500
1,TEST,0.56,0.35294117647058826,0.25,0.8461538461538461,0.45993310550389993,32,0.001,1e-05,0.0,8,resize_cube128_hu_m600_1500
2,VALIDATION,0.7,0.625,0.5555555555555556,0.8181818181818182,0.6741998624632421,32,0.001,1e-05,0.0,8,resize_cube128_hu_m600_1500
2,TEST,0.52,0.3333333333333333,0.25,0.7692307692307693,0.4385290096535146,32,0.001,1e-05,0.0,8,resize_cube128_hu_m600_1500
3,VALIDATION,0.65,0.46153846153846156,0.3333333333333333,0.9090909090909091,0.5504818825631803,32,0.001,1e-05,0.0,8,resize_cube128_hu_m600_1500
3,TEST,0.6,0.4444444444444444,0.3333333333333333,0.8461538461538461,0.5310850045437944,32,0.001,1e-05,0.0,8,resize_cube128_hu_m600_1500
4,VALIDATION,0.55,0.5714285714285714,0.6666666666666666,0.45454545454545453,0.5504818825631803,32,0.001,1e-05,0.0,8,resize_cube128_hu_m600_1500
4,TEST,0.48,0.5806451612903226,0.75,0.23076923076923078,0.41602514716892186,32,0.001,1e-05,0.0,8,resize_cube128_hu_m600_1500
5,VALIDATION,0.55,0.47058823529411764,0.4,0.7,0.529150262212918,32,0.001,1e-05,0.0,8,resize_cube128_hu_m600_1500
5,TEST,0.76,0.625,0.45454545454545453,1.0,0.674199862463242,32,0.001,1e-05,0.0,8,resize_cube128_hu_m600_1500
MEAN,VALIDATION,0.6,0.5198287007110537,0.48,0.7036363636363637,0.5672259826561663,32,0.001,1e-05,0.0,8,resize_cube128_hu_m600_1500
MEAN,TEST,0.584,0.4672728231077377,0.40757575757575754,0.7384615384615385,0.5039544258666745,32,0.001,1e-05,0.0,8,resize_cube128_hu_m600_1500
1,VALIDATION,0.75,0.7619047619047619,0.8888888888888888,0.6363636363636364,0.7521014330903549,32,0.001,1e-05,0.3,8,resize_cube128_hu_m600_1500
1,TEST,0.72,0.72,0.75,0.6923076923076923,0.7205766921228921,32,0.001,1e-05,0.3,8,resize_cube128_hu_m600_1500
2,VALIDATION,0.6,0.6363636363636364,0.7777777777777778,0.45454545454545453,0.5945883900105632,32,0.001,1e-05,0.3,8,resize_cube128_hu_m600_1500
2,TEST,0.48,0.48,0.5,0.46153846153846156,0.4803844614152614,32,0.001,1e-05,0.3,8,resize_cube128_hu_m600_1500
3,VALIDATION,0.8,0.8,0.8888888888888888,0.7272727272727273,0.8040302522073697,32,0.001,1e-05,0.3,8,resize_cube128_hu_m600_1500
3,TEST,0.84,0.8571428571428571,1.0,0.6923076923076923,0.8320502943378437,32,0.001,1e-05,0.3,8,resize_cube128_hu_m600_1500
4,VALIDATION,0.45,0.47619047619047616,0.5555555555555556,0.36363636363636365,0.44946657497549475,32,0.001,1e-05,0.3,8,resize_cube128_hu_m600_1500
4,TEST,0.44,0.5625,0.75,0.15384615384615385,0.3396831102433787,32,0.001,1e-05,0.3,8,resize_cube128_hu_m600_1500
5,VALIDATION,0.55,0.5714285714285714,0.6,0.5,0.5477225575051661,32,0.001,1e-05,0.3,8,resize_cube128_hu_m600_1500
5,TEST,0.64,0.6086956521739131,0.6363636363636364,0.6428571428571429,0.6396021490668313,32,0.001,1e-05,0.3,8,resize_cube128_hu_m600_1500
MEAN,VALIDATION,0.6300000000000001,0.6491774891774892,0.7422222222222221,0.5363636363636364,0.6295818415577898,32,0.001,1e-05,0.3,8,resize_cube128_hu_m600_1500
MEAN,TEST,0.624,0.645667701863354,0.7272727272727273,0.5285714285714286,0.6024593414372414,32,0.001,1e-05,0.3,8,resize_cube128_hu_m600_1500
1,VALIDATION,0.65,0.6666666666666666,0.7777777777777778,0.5454545454545454,0.6513389472789296,32,0.001,1e-05,0.5,8,resize_cube128_hu_m600_1500
1,TEST,0.6,0.6153846153846154,0.6666666666666666,0.5384615384615384,0.599144689515278,32,0.001,1e-05,0.5,8,resize_cube128_hu_m600_1500
2,VALIDATION,0.5,0.5,0.5555555555555556,0.45454545454545453,0.502518907629606,32,0.001,1e-05,0.5,8,resize_cube128_hu_m600_1500
2,TEST,0.4,0.4,0.4166666666666667,0.38461538461538464,0.40032038451271784,32,0.001,1e-05,0.5,8,resize_cube128_hu_m600_1500
3,VALIDATION,0.65,0.6956521739130435,0.8888888888888888,0.45454545454545453,0.6356417261637282,32,0.001,1e-05,0.5,8,resize_cube128_hu_m600_1500
3,TEST,0.6,0.6875,0.9166666666666666,0.3076923076923077,0.5310850045437944,32,0.001,1e-05,0.5,8,resize_cube128_hu_m600_1500
4,VALIDATION,0.45,0.5217391304347826,0.6666666666666666,0.2727272727272727,0.42640143271122083,32,0.001,1e-05,0.5,8,resize_cube128_hu_m600_1500
4,TEST,0.56,0.6857142857142857,1.0,0.15384615384615385,0.3922322702763681,32,0.001,1e-05,0.5,8,resize_cube128_hu_m600_1500
5,VALIDATION,0.65,0.631578947368421,0.6,0.7,0.648074069840786,32,0.001,1e-05,0.5,8,resize_cube128_hu_m600_1500
5,TEST,0.76,0.6666666666666666,0.5454545454545454,0.9285714285714286,0.7116835718867666,32,0.001,1e-05,0.5,8,resize_cube128_hu_m600_1500
MEAN,VALIDATION,0.58,0.6031273836765827,0.6977777777777778,0.48545454545454547,0.5727950167248541,32,0.001,1e-05,0.5,8,resize_cube128_hu_m600_1500
MEAN,TEST,0.584,0.6110531135531135,0.7090909090909091,0.4626373626373626,0.5268931841469849,32,0.001,1e-05,0.5,8,resize_cube128_hu_m600_1500
1,VALIDATION,0.75,0.7619047619047619,0.8888888888888888,0.6363636363636364,0.7521014330903549,4,0.001,0.0,0.0,8,resize_cube128_hu_m300_1400
1,TEST,0.6,0.6428571428571429,0.75,0.46153846153846156,0.5883484054145521,4,0.001,0.0,0.0,8,resize_cube128_hu_m300_1400
2,VALIDATION,0.65,0.6956521739130435,0.8888888888888888,0.45454545454545453,0.6356417261637282,4,0.001,0.0,0.0,8,resize_cube128_hu_m300_1400
2,TEST,0.52,0.5714285714285714,0.6666666666666666,0.38461538461538464,0.5063696835418333,4,0.001,0.0,0.0,8,resize_cube128_hu_m300_1400
3,VALIDATION,0.8,0.7777777777777778,0.7777777777777778,0.8181818181818182,0.7977240352174657,4,0.001,0.0,0.0,8,resize_cube128_hu_m300_1400
3,TEST,0.4,0.21052631578947367,0.16666666666666666,0.6153846153846154,0.32025630761017426,4,0.001,0.0,0.0,8,resize_cube128_hu_m300_1400
4,VALIDATION,0.6,0.6,0.6666666666666666,0.5454545454545454,0.6030226891555273,4,0.001,0.0,0.0,8,resize_cube128_hu_m300_1400
4,TEST,0.68,0.6666666666666666,0.6666666666666666,0.6923076923076923,0.6793662204867574,4,0.001,0.0,0.0,8,resize_cube128_hu_m300_1400
5,VALIDATION,0.65,0.631578947368421,0.6,0.7,0.648074069840786,4,0.001,0.0,0.0,8,resize_cube128_hu_m300_1400
5,TEST,0.72,0.631578947368421,0.5454545454545454,0.8571428571428571,0.6837634587578276,4,0.001,0.0,0.0,8,resize_cube128_hu_m300_1400
MEAN,VALIDATION,0.6900000000000001,0.6933827321928009,0.7644444444444444,0.6309090909090909,0.6873127906935725,4,0.001,0.0,0.0,8,resize_cube128_hu_m300_1400
MEAN,TEST,0.584,0.5446115288220552,0.5590909090909091,0.6021978021978023,0.5556208151622289,4,0.001,0.0,0.0,8,resize_cube128_hu_m300_1400
1,VALIDATION,0.8,0.7777777777777778,0.7777777777777778,0.8181818181818182,0.7977240352174657,4,0.001,0.0,0.3,8,resize_cube128_hu_m300_1400
1,TEST,0.68,0.6666666666666666,0.6666666666666666,0.6923076923076923,0.6793662204867574,4,0.001,0.0,0.3,8,resize_cube128_hu_m300_1400
2,VALIDATION,0.7,0.75,1.0,0.45454545454545453,0.674199862463242,4,0.001,0.0,0.3,8,resize_cube128_hu_m300_1400
2,TEST,0.6,0.6153846153846154,0.6666666666666666,0.5384615384615384,0.599144689515278,4,0.001,0.0,0.3,8,resize_cube128_hu_m300_1400
3,VALIDATION,0.6,0.6363636363636364,0.7777777777777778,0.45454545454545453,0.5945883900105632,4,0.001,0.0,0.3,8,resize_cube128_hu_m300_1400
3,TEST,0.48,0.6060606060606061,0.8333333333333334,0.15384615384615385,0.3580574370197165,4,0.001,0.0,0.3,8,resize_cube128_hu_m300_1400
4,VALIDATION,0.55,0.5714285714285714,0.6666666666666666,0.45454545454545453,0.5504818825631803,4,0.001,0.0,0.3,8,resize_cube128_hu_m300_1400
4,TEST,0.56,0.6206896551724138,0.75,0.38461538461538464,0.5370861555295747,4,0.001,0.0,0.3,8,resize_cube128_hu_m300_1400
5,VALIDATION,0.6,0.6,0.6,0.6,0.6,4,0.001,0.0,0.3,8,resize_cube128_hu_m300_1400
5,TEST,0.72,0.631578947368421,0.5454545454545454,0.8571428571428571,0.6837634587578276,4,0.001,0.0,0.3,8,resize_cube128_hu_m300_1400
MEAN,VALIDATION,0.6500000000000001,0.6671139971139971,0.7644444444444444,0.5563636363636364,0.6433988340508903,4,0.001,0.0,0.3,8,resize_cube128_hu_m300_1400
MEAN,TEST,0.608,0.6280760981305444,0.6924242424242424,0.5252747252747253,0.5714835922618309,4,0.001,0.0,0.3,8,resize_cube128_hu_m300_1400
1,VALIDATION,0.8,0.8,0.8888888888888888,0.7272727272727273,0.8040302522073697,4,0.001,0.0,0.5,8,resize_cube128_hu_m300_1400
1,TEST,0.56,0.47619047619047616,0.4166666666666667,0.6923076923076923,0.5370861555295747,4,0.001,0.0,0.5,8,resize_cube128_hu_m300_1400
2,VALIDATION,0.6,0.6,0.6666666666666666,0.5454545454545454,0.6030226891555273,4,0.001,0.0,0.5,8,resize_cube128_hu_m300_1400
2,TEST,0.52,0.5,0.5,0.5384615384615384,0.5188745216627708,4,0.001,0.0,0.5,8,resize_cube128_hu_m300_1400
3,VALIDATION,0.65,0.6666666666666666,0.7777777777777778,0.5454545454545454,0.6513389472789296,4,0.001,0.0,0.5,8,resize_cube128_hu_m300_1400
3,TEST,0.68,0.7142857142857143,0.8333333333333334,0.5384615384615384,0.6698641270570836,4,0.001,0.0,0.5,8,resize_cube128_hu_m300_1400
4,VALIDATION,0.55,0.47058823529411764,0.4444444444444444,0.6363636363636364,0.5318160234783105,4,0.001,0.0,0.5,8,resize_cube128_hu_m300_1400
4,TEST,0.56,0.35294117647058826,0.25,0.8461538461538461,0.45993310550389993,4,0.001,0.0,0.5,8,resize_cube128_hu_m300_1400
5,VALIDATION,0.65,0.6956521739130435,0.8,0.5,0.6324555320336759,4,0.001,0.0,0.5,8,resize_cube128_hu_m300_1400
5,TEST,0.72,0.72,0.8181818181818182,0.6428571428571429,0.7252406676228423,4,0.001,0.0,0.5,8,resize_cube128_hu_m300_1400
MEAN,VALIDATION,0.6499999999999999,0.6465814151747655,0.7155555555555555,0.5909090909090909,0.6445326888307626,4,0.001,0.0,0.5,8,resize_cube128_hu_m300_1400
MEAN,TEST,0.608,0.5526834733893556,0.5636363636363637,0.6516483516483517,0.5821997154752342,4,0.001,0.0,0.5,8,resize_cube128_hu_m300_1400
1,VALIDATION,0.65,0.6666666666666666,0.7777777777777778,0.5454545454545454,0.6513389472789296,4,0.001,1e-05,0.0,8,resize_cube128_hu_m300_1400
1,TEST,0.52,0.5714285714285714,0.6666666666666666,0.38461538461538464,0.5063696835418333,4,0.001,1e-05,0.0,8,resize_cube128_hu_m300_1400
2,VALIDATION,0.7,0.6666666666666666,0.6666666666666666,0.7272727272727273,0.6963106238227914,4,0.001,1e-05,0.0,8,resize_cube128_hu_m300_1400
2,TEST,0.4,0.21052631578947367,0.16666666666666666,0.6153846153846154,0.32025630761017426,4,0.001,1e-05,0.0,8,resize_cube128_hu_m300_1400
3,VALIDATION,0.8,0.8,0.8888888888888888,0.7272727272727273,0.8040302522073697,4,0.001,1e-05,0.0,8,resize_cube128_hu_m300_1400
3,TEST,0.84,0.8571428571428571,1.0,0.6923076923076923,0.8320502943378437,4,0.001,1e-05,0.0,8,resize_cube128_hu_m300_1400
4,VALIDATION,0.55,0.5263157894736842,0.5555555555555556,0.5454545454545454,0.5504818825631803,4,0.001,1e-05,0.0,8,resize_cube128_hu_m300_1400
4,TEST,0.44,0.5333333333333333,0.6666666666666666,0.23076923076923078,0.3922322702763681,4,0.001,1e-05,0.0,8,resize_cube128_hu_m300_1400
5,VALIDATION,0.65,0.6956521739130435,0.8,0.5,0.6324555320336759,4,0.001,1e-05,0.0,8,resize_cube128_hu_m300_1400
5,TEST,0.48,0.5806451612903226,0.8181818181818182,0.21428571428571427,0.4187178946793119,4,0.001,1e-05,0.0,8,resize_cube128_hu_m300_1400
MEAN,VALIDATION,0.67,0.6710602593440121,0.7377777777777776,0.6090909090909091,0.6669234475811894,4,0.001,1e-05,0.0,8,resize_cube128_hu_m300_1400
MEAN,TEST,0.536,0.5506152477969116,0.6636363636363637,0.42747252747252745,0.4939252900891063,4,0.001,1e-05,0.0,8,resize_cube128_hu_m300_1400
1,VALIDATION,0.75,0.7619047619047619,0.8888888888888888,0.6363636363636364,0.7521014330903549,4,0.001,1e-05,0.3,8,resize_cube128_hu_m300_1400
1,TEST,0.68,0.6923076923076923,0.75,0.6153846153846154,0.6793662204867574,4,0.001,1e-05,0.3,8,resize_cube128_hu_m300_1400
2,VALIDATION,0.7,0.7,0.7777777777777778,0.6363636363636364,0.7035264706814485,4,0.001,1e-05,0.3,8,resize_cube128_hu_m300_1400
2,TEST,0.44,0.4166666666666667,0.4166666666666667,0.46153846153846156,0.4385290096535146,4,0.001,1e-05,0.3,8,resize_cube128_hu_m300_1400
3,VALIDATION,0.85,0.8421052631578947,0.8888888888888888,0.8181818181818182,0.8528028654224418,4,0.001,1e-05,0.3,8,resize_cube128_hu_m300_1400
3,TEST,0.56,0.6451612903225806,0.8333333333333334,0.3076923076923077,0.5063696835418333,4,0.001,1e-05,0.3,8,resize_cube128_hu_m300_1400
4,VALIDATION,0.5,0.5454545454545454,0.6666666666666666,0.36363636363636365,0.49236596391733095,4,0.001,1e-05,0.3,8,resize_cube128_hu_m300_1400
4,TEST,0.48,0.5806451612903226,0.75,0.23076923076923078,0.41602514716892186,4,0.001,1e-05,0.3,8,resize_cube128_hu_m300_1400
5,VALIDATION,0.65,0.72,0.9,0.4,0.6000000000000001,4,0.001,1e-05,0.3,8,resize_cube128_hu_m300_1400
5,TEST,0.64,0.6666666666666666,0.8181818181818182,0.5,0.6396021490668313,4,0.001,1e-05,0.3,8,resize_cube128_hu_m300_1400
MEAN,VALIDATION,0.69,0.7138929141034405,0.8244444444444443,0.5709090909090909,0.6801593466223153,4,0.001,1e-05,0.3,8,resize_cube128_hu_m300_1400
MEAN,TEST,0.56,0.6002894954507857,0.7136363636363636,0.4230769230769232,0.5359784419835717,4,0.001,1e-05,0.3,8,resize_cube128_hu_m300_1400
1,VALIDATION,0.75,0.7619047619047619,0.8888888888888888,0.6363636363636364,0.7521014330903549,4,0.001,1e-05,0.5,8,resize_cube128_hu_m300_1400
1,TEST,0.68,0.7142857142857143,0.8333333333333334,0.5384615384615384,0.6698641270570836,4,0.001,1e-05,0.5,8,resize_cube128_hu_m300_1400
2,VALIDATION,0.6,0.6363636363636364,0.7777777777777778,0.45454545454545453,0.5945883900105632,4,0.001,1e-05,0.5,8,resize_cube128_hu_m300_1400
2,TEST,0.48,0.48,0.5,0.46153846153846156,0.4803844614152614,4,0.001,1e-05,0.5,8,resize_cube128_hu_m300_1400
3,VALIDATION,0.55,0.64,0.8888888888888888,0.2727272727272727,0.4923659639173309,4,0.001,1e-05,0.5,8,resize_cube128_hu_m300_1400
3,TEST,0.6,0.6875,0.9166666666666666,0.3076923076923077,0.5310850045437944,4,0.001,1e-05,0.5,8,resize_cube128_hu_m300_1400
4,VALIDATION,0.6,0.5,0.4444444444444444,0.7272727272727273,0.5685352436149611,4,0.001,1e-05,0.5,8,resize_cube128_hu_m300_1400
4,TEST,0.52,0.4,0.3333333333333333,0.6923076923076923,0.48038446141526137,4,0.001,1e-05,0.5,8,resize_cube128_hu_m300_1400
5,VALIDATION,0.65,0.6956521739130435,0.8,0.5,0.6324555320336759,4,0.001,1e-05,0.5,8,resize_cube128_hu_m300_1400
5,TEST,0.64,0.6086956521739131,0.6363636363636364,0.6428571428571429,0.6396021490668313,4,0.001,1e-05,0.5,8,resize_cube128_hu_m300_1400
MEAN,VALIDATION,0.63,0.6467841144362884,0.76,0.5181818181818182,0.6080093125333772,4,0.001,1e-05,0.5,8,resize_cube128_hu_m300_1400
MEAN,TEST,0.5840000000000001,0.5780962732919255,0.6439393939393939,0.5285714285714286,0.5602640406996464,4,0.001,1e-05,0.5,8,resize_cube128_hu_m300_1400
1,VALIDATION,0.7,0.7272727272727273,0.8888888888888888,0.5454545454545454,0.6963106238227913,8,0.001,0.0,0.0,8,resize_cube128_hu_m300_1400
1,TEST,0.52,0.6,0.75,0.3076923076923077,0.4803844614152614,8,0.001,0.0,0.0,8,resize_cube128_hu_m300_1400
2,VALIDATION,0.7,0.5714285714285714,0.4444444444444444,0.9090909090909091,0.6356417261637282,8,0.001,0.0,0.0,8,resize_cube128_hu_m300_1400
2,TEST,0.48,0.23529411764705882,0.16666666666666666,0.7692307692307693,0.35805743701971643,8,0.001,0.0,0.0,8,resize_cube128_hu_m300_1400
3,VALIDATION,0.75,0.6153846153846154,0.4444444444444444,1.0,0.6666666666666666,8,0.001,0.0,0.0,8,resize_cube128_hu_m300_1400
3,TEST,0.44,0.3,0.25,0.6153846153846154,0.3922322702763681,8,0.001,0.0,0.0,8,resize_cube128_hu_m300_1400
4,VALIDATION,0.7,0.7272727272727273,0.8888888888888888,0.5454545454545454,0.6963106238227913,8,0.001,0.0,0.0,8,resize_cube128_hu_m300_1400
4,TEST,0.48,0.6060606060606061,0.8333333333333334,0.15384615384615385,0.3580574370197165,8,0.001,0.0,0.0,8,resize_cube128_hu_m300_1400
5,VALIDATION,0.65,0.5882352941176471,0.5,0.8,0.6324555320336759,8,0.001,0.0,0.0,8,resize_cube128_hu_m300_1400
5,TEST,0.68,0.5,0.36363636363636365,0.9285714285714286,0.5810872031479765,8,0.001,0.0,0.0,8,resize_cube128_hu_m300_1400
MEAN,VALIDATION,0.7,0.6459187870952576,0.6333333333333333,0.76,0.6654770345019306,8,0.001,0.0,0.0,8,resize_cube128_hu_m300_1400
MEAN,TEST,0.52,0.44827094474153295,0.4727272727272728,0.554945054945055,0.43396376177580775,8,0.001,0.0,0.0,8,resize_cube128_hu_m300_1400
1,VALIDATION,0.75,0.782608695652174,1.0,0.5454545454545454,0.7385489458759964,8,0.001,0.0,0.3,8,resize_cube128_hu_m300_1400
1,TEST,0.6,0.6875,0.9166666666666666,0.3076923076923077,0.5310850045437944,8,0.001,0.0,0.3,8,resize_cube128_hu_m300_1400
2,VALIDATION,0.55,0.6666666666666666,1.0,0.18181818181818182,0.4264014327112209,8,0.001,0.0,0.3,8,resize_cube128_hu_m300_1400
2,TEST,0.52,0.6,0.75,0.3076923076923077,0.4803844614152614,8,0.001,0.0,0.3,8,resize_cube128_hu_m300_1400
3,VALIDATION,0.65,0.6956521739130435,0.8888888888888888,0.45454545454545453,0.6356417261637282,8,0.001,0.0,0.3,8,resize_cube128_hu_m300_1400
3,TEST,0.6,0.6875,0.9166666666666666,0.3076923076923077,0.5310850045437944,8,0.001,0.0,0.3,8,resize_cube128_hu_m300_1400
4,VALIDATION,0.45,0.5217391304347826,0.6666666666666666,0.2727272727272727,0.42640143271122083,8,0.001,0.0,0.3,8,resize_cube128_hu_m300_1400
4,TEST,0.48,0.5517241379310345,0.6666666666666666,0.3076923076923077,0.4529108136578383,8,0.001,0.0,0.3,8,resize_cube128_hu_m300_1400
5,VALIDATION,0.65,0.6666666666666666,0.7,0.6,0.648074069840786,8,0.001,0.0,0.3,8,resize_cube128_hu_m300_1400
5,TEST,0.72,0.6666666666666666,0.6363636363636364,0.7857142857142857,0.7071067811865476,8,0.001,0.0,0.3,8,resize_cube128_hu_m300_1400
MEAN,VALIDATION,0.6100000000000001,0.6666666666666666,0.8511111111111112,0.41090909090909095,0.5750135214605904,8,0.001,0.0,0.3,8,resize_cube128_hu_m300_1400
MEAN,TEST,0.584,0.6386781609195402,0.7772727272727271,0.4032967032967033,0.5405144130694473,8,0.001,0.0,0.3,8,resize_cube128_hu_m300_1400
1,VALIDATION,0.7,0.7272727272727273,0.8888888888888888,0.5454545454545454,0.6963106238227913,8,0.001,0.0,0.5,8,resize_cube128_hu_m300_1400
1,TEST,0.68,0.7142857142857143,0.8333333333333334,0.5384615384615384,0.6698641270570836,8,0.001,0.0,0.5,8,resize_cube128_hu_m300_1400
2,VALIDATION,0.65,0.6666666666666666,0.7777777777777778,0.5454545454545454,0.6513389472789296,8,0.001,0.0,0.5,8,resize_cube128_hu_m300_1400
2,TEST,0.4,0.4,0.4166666666666667,0.38461538461538464,0.40032038451271784,8,0.001,0.0,0.5,8,resize_cube128_hu_m300_1400
3,VALIDATION,0.75,0.6153846153846154,0.4444444444444444,1.0,0.6666666666666666,8,0.001,0.0,0.5,8,resize_cube128_hu_m300_1400
3,TEST,0.76,0.75,0.75,0.7692307692307693,0.75955452531275,8,0.001,0.0,0.5,8,resize_cube128_hu_m300_1400
4,VALIDATION,0.5,0.5833333333333334,0.7777777777777778,0.2727272727272727,0.4605661864718383,8,0.001,0.0,0.5,8,resize_cube128_hu_m300_1400
4,TEST,0.56,0.6206896551724138,0.75,0.38461538461538464,0.5370861555295747,8,0.001,0.0,0.5,8,resize_cube128_hu_m300_1400
5,VALIDATION,0.65,0.631578947368421,0.6,0.7,0.648074069840786,8,0.001,0.0,0.5,8,resize_cube128_hu_m300_1400
5,TEST,0.72,0.5882352941176471,0.45454545454545453,0.9285714285714286,0.6496752435470525,8,0.001,0.0,0.5,8,resize_cube128_hu_m300_1400
MEAN,VALIDATION,0.65,0.6448472580051527,0.6977777777777777,0.6127272727272727,0.6245912988162023,8,0.001,0.0,0.5,8,resize_cube128_hu_m300_1400
MEAN,TEST,0.624,0.614642132715155,0.6409090909090909,0.6010989010989011,0.6033000871918357,8,0.001,0.0,0.5,8,resize_cube128_hu_m300_1400
1,VALIDATION,0.7,0.7,0.7777777777777778,0.6363636363636364,0.7035264706814485,8,0.001,1e-05,0.0,8,resize_cube128_hu_m300_1400
1,TEST,0.48,0.43478260869565216,0.4166666666666667,0.5384615384615384,0.47366546671567095,8,0.001,1e-05,0.0,8,resize_cube128_hu_m300_1400
2,VALIDATION,0.7,0.625,0.5555555555555556,0.8181818181818182,0.6741998624632421,8,0.001,1e-05,0.0,8,resize_cube128_hu_m300_1400
2,TEST,0.44,0.3,0.25,0.6153846153846154,0.3922322702763681,8,0.001,1e-05,0.0,8,resize_cube128_hu_m300_1400
3,VALIDATION,0.75,0.7368421052631579,0.7777777777777778,0.7272727272727273,0.7521014330903549,8,0.001,1e-05,0.0,8,resize_cube128_hu_m300_1400
3,TEST,0.6,0.6666666666666666,0.8333333333333334,0.38461538461538464,0.5661385170722979,8,0.001,1e-05,0.0,8,resize_cube128_hu_m300_1400
4,VALIDATION,0.6,0.5555555555555556,0.5555555555555556,0.6363636363636364,0.5945883900105632,8,0.001,1e-05,0.0,8,resize_cube128_hu_m300_1400
4,TEST,0.48,0.5185185185185185,0.5833333333333334,0.38461538461538464,0.47366546671567095,8,0.001,1e-05,0.0,8,resize_cube128_hu_m300_1400
5,VALIDATION,0.65,0.6956521739130435,0.8,0.5,0.6324555320336759,8,0.001,1e-05,0.0,8,resize_cube128_hu_m300_1400
5,TEST,0.64,0.6086956521739131,0.6363636363636364,0.6428571428571429,0.6396021490668313,8,0.001,1e-05,0.0,8,resize_cube128_hu_m300_1400
MEAN,VALIDATION,0.6799999999999999,0.6626099669463513,0.6933333333333334,0.6636363636363636,0.671374337655857,8,0.001,1e-05,0.0,8,resize_cube128_hu_m300_1400
MEAN,TEST,0.528,0.50573268921095,0.543939393939394,0.5131868131868131,0.5090607739693679,8,0.001,1e-05,0.0,8,resize_cube128_hu_m300_1400
1,VALIDATION,0.7,0.75,1.0,0.45454545454545453,0.674199862463242,8,0.001,1e-05,0.3,8,resize_cube128_hu_m300_1400
1,TEST,0.56,0.6451612903225806,0.8333333333333334,0.3076923076923077,0.5063696835418333,8,0.001,1e-05,0.3,8,resize_cube128_hu_m300_1400
2,VALIDATION,0.7,0.75,1.0,0.45454545454545453,0.674199862463242,8,0.001,1e-05,0.3,8,resize_cube128_hu_m300_1400
2,TEST,0.6,0.6428571428571429,0.75,0.46153846153846156,0.5883484054145521,8,0.001,1e-05,0.3,8,resize_cube128_hu_m300_1400
3,VALIDATION,0.75,0.7368421052631579,0.7777777777777778,0.7272727272727273,0.7521014330903549,8,0.001,1e-05,0.3,8,resize_cube128_hu_m300_1400
3,TEST,0.68,0.7142857142857143,0.8333333333333334,0.5384615384615384,0.6698641270570836,8,0.001,1e-05,0.3,8,resize_cube128_hu_m300_1400
4,VALIDATION,0.55,0.6086956521739131,0.7777777777777778,0.36363636363636365,0.5318160234783105,8,0.001,1e-05,0.3,8,resize_cube128_hu_m300_1400
4,TEST,0.48,0.6060606060606061,0.8333333333333334,0.15384615384615385,0.3580574370197165,8,0.001,1e-05,0.3,8,resize_cube128_hu_m300_1400
5,VALIDATION,0.65,0.6666666666666666,0.7,0.6,0.648074069840786,8,0.001,1e-05,0.3,8,resize_cube128_hu_m300_1400
5,TEST,0.64,0.6086956521739131,0.6363636363636364,0.6428571428571429,0.6396021490668313,8,0.001,1e-05,0.3,8,resize_cube128_hu_m300_1400
MEAN,VALIDATION,0.67,0.7024408848207475,0.8511111111111112,0.52,0.6560782502671871,8,0.001,1e-05,0.3,8,resize_cube128_hu_m300_1400
MEAN,TEST,0.5920000000000001,0.6434120811399914,0.7772727272727273,0.4208791208791209,0.5524483604200034,8,0.001,1e-05,0.3,8,resize_cube128_hu_m300_1400
1,VALIDATION,0.75,0.782608695652174,1.0,0.5454545454545454,0.7385489458759964,8,0.001,1e-05,0.5,8,resize_cube128_hu_m300_1400
1,TEST,0.64,0.7096774193548387,0.9166666666666666,0.38461538461538464,0.5937710859953544,8,0.001,1e-05,0.5,8,resize_cube128_hu_m300_1400
2,VALIDATION,0.6,0.6923076923076923,1.0,0.2727272727272727,0.5222329678670935,8,0.001,1e-05,0.5,8,resize_cube128_hu_m300_1400
2,TEST,0.44,0.5,0.5833333333333334,0.3076923076923077,0.42365927286816174,8,0.001,1e-05,0.5,8,resize_cube128_hu_m300_1400
3,VALIDATION,0.5,0.6153846153846154,0.8888888888888888,0.18181818181818182,0.40201512610368484,8,0.001,1e-05,0.5,8,resize_cube128_hu_m300_1400
3,TEST,0.48,0.6486486486486487,1.0,0.0,0.0,8,0.001,1e-05,0.5,8,resize_cube128_hu_m300_1400
4,VALIDATION,0.5,0.6428571428571429,1.0,0.09090909090909091,0.30151134457776363,8,0.001,1e-05,0.5,8,resize_cube128_hu_m300_1400
4,TEST,0.48,0.6486486486486487,1.0,0.0,0.0,8,0.001,1e-05,0.5,8,resize_cube128_hu_m300_1400
5,VALIDATION,0.65,0.72,0.9,0.4,0.6000000000000001,8,0.001,1e-05,0.5,8,resize_cube128_hu_m300_1400
5,TEST,0.6,0.6428571428571429,0.8181818181818182,0.42857142857142855,0.592156525463792,8,0.001,1e-05,0.5,8,resize_cube128_hu_m300_1400
MEAN,VALIDATION,0.6,0.6906316292403248,0.9577777777777777,0.29818181818181816,0.5128616768849077,8,0.001,1e-05,0.5,8,resize_cube128_hu_m300_1400
MEAN,TEST,0.528,0.6299663719018558,0.8636363636363636,0.22417582417582418,0.3219173768654617,8,0.001,1e-05,0.5,8,resize_cube128_hu_m300_1400
1,VALIDATION,0.65,0.5882352941176471,0.5555555555555556,0.7272727272727273,0.6356417261637283,16,0.001,0.0,0.0,8,resize_cube128_hu_m300_1400
1,TEST,0.56,0.42105263157894735,0.3333333333333333,0.7692307692307693,0.5063696835418333,16,0.001,0.0,0.0,8,resize_cube128_hu_m300_1400
2,VALIDATION,0.8,0.8,0.8888888888888888,0.7272727272727273,0.8040302522073697,16,0.001,0.0,0.0,8,resize_cube128_hu_m300_1400
2,TEST,0.44,0.5,0.5833333333333334,0.3076923076923077,0.42365927286816174,16,0.001,0.0,0.0,8,resize_cube128_hu_m300_1400
3,VALIDATION,0.7,0.6666666666666666,0.6666666666666666,0.7272727272727273,0.6963106238227914,16,0.001,0.0,0.0,8,resize_cube128_hu_m300_1400
3,TEST,0.52,0.5384615384615384,0.5833333333333334,0.46153846153846156,0.5188745216627708,16,0.001,0.0,0.0,8,resize_cube128_hu_m300_1400
4,VALIDATION,0.6,0.5555555555555556,0.5555555555555556,0.6363636363636364,0.5945883900105632,16,0.001,0.0,0.0,8,resize_cube128_hu_m300_1400
4,TEST,0.56,0.5217391304347826,0.5,0.6153846153846154,0.5547001962252291,16,0.001,0.0,0.0,8,resize_cube128_hu_m300_1400
5,VALIDATION,0.75,0.7058823529411765,0.6,0.9,0.7348469228349535,16,0.001,0.0,0.0,8,resize_cube128_hu_m300_1400
5,TEST,0.44,0.125,0.09090909090909091,0.7142857142857143,0.2548235957188128,16,0.001,0.0,0.0,8,resize_cube128_hu_m300_1400
MEAN,VALIDATION,0.7000000000000001,0.6632679738562091,0.6533333333333334,0.7436363636363635,0.6930835830078813,16,0.001,0.0,0.0,8,resize_cube128_hu_m300_1400
MEAN,TEST,0.504,0.4212506600950537,0.41818181818181815,0.5736263736263737,0.45168545400336163,16,0.001,0.0,0.0,8,resize_cube128_hu_m300_1400
1,VALIDATION,0.75,0.7619047619047619,0.8888888888888888,0.6363636363636364,0.7521014330903549,16,0.001,0.0,0.3,8,resize_cube128_hu_m300_1400
1,TEST,0.76,0.7692307692307693,0.8333333333333334,0.6923076923076923,0.75955452531275,16,0.001,0.0,0.3,8,resize_cube128_hu_m300_1400
2,VALIDATION,0.55,0.6086956521739131,0.7777777777777778,0.36363636363636365,0.5318160234783105,16,0.001,0.0,0.3,8,resize_cube128_hu_m300_1400
2,TEST,0.44,0.46153846153846156,0.5,0.38461538461538464,0.4385290096535146,16,0.001,0.0,0.3,8,resize_cube128_hu_m300_1400
3,VALIDATION,0.75,0.7368421052631579,0.7777777777777778,0.7272727272727273,0.7521014330903549,16,0.001,0.0,0.3,8,resize_cube128_hu_m300_1400
3,TEST,0.8,0.8148148148148148,0.9166666666666666,0.6923076923076923,0.7966275068156915,16,0.001,0.0,0.3,8,resize_cube128_hu_m300_1400
4,VALIDATION,0.55,0.5714285714285714,0.6666666666666666,0.45454545454545453,0.5504818825631803,16,0.001,0.0,0.3,8,resize_cube128_hu_m300_1400
4,TEST,0.52,0.625,0.8333333333333334,0.23076923076923078,0.4385290096535146,16,0.001,0.0,0.3,8,resize_cube128_hu_m300_1400
5,VALIDATION,0.65,0.6666666666666666,0.7,0.6,0.648074069840786,16,0.001,0.0,0.3,8,resize_cube128_hu_m300_1400
5,TEST,0.64,0.6086956521739131,0.6363636363636364,0.6428571428571429,0.6396021490668313,16,0.001,0.0,0.3,8,resize_cube128_hu_m300_1400
MEAN,VALIDATION,0.6499999999999999,0.6691075514874142,0.7622222222222221,0.5563636363636364,0.6469149684125972,16,0.001,0.0,0.3,8,resize_cube128_hu_m300_1400
MEAN,TEST,0.632,0.6558559395515917,0.7439393939393939,0.5285714285714286,0.6145684401004604,16,0.001,0.0,0.3,8,resize_cube128_hu_m300_1400
1,VALIDATION,0.65,0.72,1.0,0.36363636363636365,0.6030226891555273,16,0.001,0.0,0.5,8,resize_cube128_hu_m300_1400
1,TEST,0.52,0.625,0.8333333333333334,0.23076923076923078,0.4385290096535146,16,0.001,0.0,0.5,8,resize_cube128_hu_m300_1400
2,VALIDATION,0.55,0.6666666666666666,1.0,0.18181818181818182,0.4264014327112209,16,0.001,0.0,0.5,8,resize_cube128_hu_m300_1400
2,TEST,0.52,0.6,0.75,0.3076923076923077,0.4803844614152614,16,0.001,0.0,0.5,8,resize_cube128_hu_m300_1400
3,VALIDATION,0.65,0.5333333333333333,0.4444444444444444,0.8181818181818182,0.6030226891555273,16,0.001,0.0,0.5,8,resize_cube128_hu_m300_1400
3,TEST,0.64,0.6666666666666666,0.75,0.5384615384615384,0.6354889093022426,16,0.001,0.0,0.5,8,resize_cube128_hu_m300_1400
4,VALIDATION,0.45,0.15384615384615385,0.1111111111111111,0.7272727272727273,0.28426762180748055,16,0.001,0.0,0.5,8,resize_cube128_hu_m300_1400
4,TEST,0.52,0.14285714285714285,0.08333333333333333,0.9230769230769231,0.2773500981126146,16,0.001,0.0,0.5,8,resize_cube128_hu_m300_1400
5,VALIDATION,0.55,0.6086956521739131,0.7,0.4,0.529150262212918,16,0.001,0.0,0.5,8,resize_cube128_hu_m300_1400
5,TEST,0.68,0.6923076923076923,0.8181818181818182,0.5714285714285714,0.6837634587578277,16,0.001,0.0,0.5,8,resize_cube128_hu_m300_1400
MEAN,VALIDATION,0.5700000000000001,0.5365083612040134,0.6511111111111111,0.49818181818181817,0.48917293900853476,16,0.001,0.0,0.5,8,resize_cube128_hu_m300_1400
MEAN,TEST,0.5760000000000001,0.5453663003663003,0.6469696969696971,0.5142857142857142,0.5031031874482922,16,0.001,0.0,0.5,8,resize_cube128_hu_m300_1400
1,VALIDATION,0.55,0.5714285714285714,0.6666666666666666,0.45454545454545453,0.5504818825631803,16,0.001,1e-05,0.0,8,resize_cube128_hu_m300_1400
1,TEST,0.64,0.5714285714285714,0.5,0.7692307692307693,0.6201736729460423,16,0.001,1e-05,0.0,8,resize_cube128_hu_m300_1400
2,VALIDATION,0.65,0.631578947368421,0.6666666666666666,0.6363636363636364,0.6513389472789296,16,0.001,1e-05,0.0,8,resize_cube128_hu_m300_1400
2,TEST,0.48,0.43478260869565216,0.4166666666666667,0.5384615384615384,0.47366546671567095,16,0.001,1e-05,0.0,8,resize_cube128_hu_m300_1400
3,VALIDATION,0.7,0.6666666666666666,0.6666666666666666,0.7272727272727273,0.6963106238227914,16,0.001,1e-05,0.0,8,resize_cube128_hu_m300_1400
3,TEST,0.56,0.5217391304347826,0.5,0.6153846153846154,0.5547001962252291,16,0.001,1e-05,0.0,8,resize_cube128_hu_m300_1400
4,VALIDATION,0.6,0.5,0.4444444444444444,0.7272727272727273,0.5685352436149611,16,0.001,1e-05,0.0,8,resize_cube128_hu_m300_1400
4,TEST,0.48,0.43478260869565216,0.4166666666666667,0.5384615384615384,0.47366546671567095,16,0.001,1e-05,0.0,8,resize_cube128_hu_m300_1400
5,VALIDATION,0.65,0.631578947368421,0.6,0.7,0.648074069840786,16,0.001,1e-05,0.0,8,resize_cube128_hu_m300_1400
5,TEST,0.84,0.8181818181818182,0.8181818181818182,0.8571428571428571,0.8374357893586238,16,0.001,1e-05,0.0,8,resize_cube128_hu_m300_1400
MEAN,VALIDATION,0.63,0.6002506265664159,0.6088888888888889,0.649090909090909,0.6229481534241297,16,0.001,1e-05,0.0,8,resize_cube128_hu_m300_1400
MEAN,TEST,0.6,0.5561829474872952,0.5303030303030304,0.6637362637362638,0.5919281183922475,16,0.001,1e-05,0.0,8,resize_cube128_hu_m300_1400
1,VALIDATION,0.8,0.8181818181818182,1.0,0.6363636363636364,0.7977240352174656,16,0.001,1e-05,0.3,8,resize_cube128_hu_m300_1400
1,TEST,0.68,0.6923076923076923,0.75,0.6153846153846154,0.6793662204867574,16,0.001,1e-05,0.3,8,resize_cube128_hu_m300_1400
2,VALIDATION,0.6,0.6666666666666666,0.8888888888888888,0.36363636363636365,0.5685352436149611,16,0.001,1e-05,0.3,8,resize_cube128_hu_m300_1400
2,TEST,0.44,0.46153846153846156,0.5,0.38461538461538464,0.4385290096535146,16,0.001,1e-05,0.3,8,resize_cube128_hu_m300_1400
3,VALIDATION,0.45,0.56,0.7777777777777778,0.18181818181818182,0.37605071654517747,16,0.001,1e-05,0.3,8,resize_cube128_hu_m300_1400
3,TEST,0.64,0.7096774193548387,0.9166666666666666,0.38461538461538464,0.5937710859953544,16,0.001,1e-05,0.3,8,resize_cube128_hu_m300_1400
4,VALIDATION,0.55,0.6086956521739131,0.7777777777777778,0.36363636363636365,0.5318160234783105,16,0.001,1e-05,0.3,8,resize_cube128_hu_m300_1400
4,TEST,0.52,0.625,0.8333333333333334,0.23076923076923078,0.4385290096535146,16,0.001,1e-05,0.3,8,resize_cube128_hu_m300_1400
5,VALIDATION,0.6,0.6923076923076923,0.9,0.3,0.5196152422706632,16,0.001,1e-05,0.3,8,resize_cube128_hu_m300_1400
5,TEST,0.64,0.6666666666666666,0.8181818181818182,0.5,0.6396021490668313,16,0.001,1e-05,0.3,8,resize_cube128_hu_m300_1400
MEAN,VALIDATION,0.6,0.6691703658660181,0.8688888888888888,0.3690909090909091,0.5587482522253155,16,0.001,1e-05,0.3,8,resize_cube128_hu_m300_1400
MEAN,TEST,0.5840000000000001,0.6310380479735318,0.7636363636363637,0.4230769230769231,0.5579594949711945,16,0.001,1e-05,0.3,8,resize_cube128_hu_m300_1400
1,VALIDATION,0.75,0.782608695652174,1.0,0.5454545454545454,0.7385489458759964,16,0.001,1e-05,0.5,8,resize_cube128_hu_m300_1400
1,TEST,0.68,0.7142857142857143,0.8333333333333334,0.5384615384615384,0.6698641270570836,16,0.001,1e-05,0.5,8,resize_cube128_hu_m300_1400
2,VALIDATION,0.5,0.6428571428571429,1.0,0.09090909090909091,0.30151134457776363,16,0.001,1e-05,0.5,8,resize_cube128_hu_m300_1400
2,TEST,0.48,0.6060606060606061,0.8333333333333334,0.15384615384615385,0.3580574370197165,16,0.001,1e-05,0.5,8,resize_cube128_hu_m300_1400
3,VALIDATION,0.45,0.5925925925925926,0.8888888888888888,0.09090909090909091,0.28426762180748055,16,0.001,1e-05,0.5,8,resize_cube128_hu_m300_1400
3,TEST,0.6,0.6875,0.9166666666666666,0.3076923076923077,0.5310850045437944,16,0.001,1e-05,0.5,8,resize_cube128_hu_m300_1400
4,VALIDATION,0.45,0.42105263157894735,0.4444444444444444,0.45454545454545453,0.4494665749754947,16,0.001,1e-05,0.5,8,resize_cube128_hu_m300_1400
4,TEST,0.56,0.56,0.5833333333333334,0.5384615384615384,0.560448538317805,16,0.001,1e-05,0.5,8,resize_cube128_hu_m300_1400
5,VALIDATION,0.65,0.72,0.9,0.4,0.6000000000000001,16,0.001,1e-05,0.5,8,resize_cube128_hu_m300_1400
5,TEST,0.6,0.6428571428571429,0.8181818181818182,0.42857142857142855,0.592156525463792,16,0.001,1e-05,0.5,8,resize_cube128_hu_m300_1400
MEAN,VALIDATION,0.5599999999999999,0.6318222125361714,0.8466666666666667,0.3163636363636364,0.4747588974473471,16,0.001,1e-05,0.5,8,resize_cube128_hu_m300_1400
MEAN,TEST,0.5840000000000001,0.6421406926406926,0.7969696969696971,0.3934065934065934,0.5423223264804383,16,0.001,1e-05,0.5,8,resize_cube128_hu_m300_1400
1,VALIDATION,0.7,0.7,0.7777777777777778,0.6363636363636364,0.7035264706814485,32,0.001,0.0,0.0,8,resize_cube128_hu_m300_1400
1,TEST,0.68,0.6,0.5,0.8461538461538461,0.6504436355879909,32,0.001,0.0,0.0,8,resize_cube128_hu_m300_1400
2,VALIDATION,0.7,0.7272727272727273,0.8888888888888888,0.5454545454545454,0.6963106238227913,32,0.001,0.0,0.0,8,resize_cube128_hu_m300_1400
2,TEST,0.52,0.5714285714285714,0.6666666666666666,0.38461538461538464,0.5063696835418333,32,0.001,0.0,0.0,8,resize_cube128_hu_m300_1400
3,VALIDATION,0.7,0.7272727272727273,0.8888888888888888,0.5454545454545454,0.6963106238227913,32,0.001,0.0,0.0,8,resize_cube128_hu_m300_1400
3,TEST,0.76,0.7692307692307693,0.8333333333333334,0.6923076923076923,0.75955452531275,32,0.001,0.0,0.0,8,resize_cube128_hu_m300_1400
4,VALIDATION,0.55,0.47058823529411764,0.4444444444444444,0.6363636363636364,0.5318160234783105,32,0.001,0.0,0.0,8,resize_cube128_hu_m300_1400
4,TEST,0.48,0.48,0.5,0.46153846153846156,0.4803844614152614,32,0.001,0.0,0.0,8,resize_cube128_hu_m300_1400
5,VALIDATION,0.65,0.6666666666666666,0.7,0.6,0.648074069840786,32,0.001,0.0,0.0,8,resize_cube128_hu_m300_1400
5,TEST,0.76,0.7,0.6363636363636364,0.8571428571428571,0.7385489458759964,32,0.001,0.0,0.0,8,resize_cube128_hu_m300_1400
MEAN,VALIDATION,0.6599999999999999,0.6583600713012477,0.74,0.5927272727272727,0.6552075623292255,32,0.001,0.0,0.0,8,resize_cube128_hu_m300_1400
MEAN,TEST,0.64,0.6241318681318682,0.6272727272727272,0.6483516483516484,0.6270602503467664,32,0.001,0.0,0.0,8,resize_cube128_hu_m300_1400
1,VALIDATION,0.8,0.8181818181818182,1.0,0.6363636363636364,0.7977240352174656,32,0.001,0.0,0.3,8,resize_cube128_hu_m300_1400
1,TEST,0.68,0.6923076923076923,0.75,0.6153846153846154,0.6793662204867574,32,0.001,0.0,0.3,8,resize_cube128_hu_m300_1400
2,VALIDATION,0.65,0.72,1.0,0.36363636363636365,0.6030226891555273,32,0.001,0.0,0.3,8,resize_cube128_hu_m300_1400
2,TEST,0.52,0.5714285714285714,0.6666666666666666,0.38461538461538464,0.5063696835418333,32,0.001,0.0,0.3,8,resize_cube128_hu_m300_1400
3,VALIDATION,0.75,0.7368421052631579,0.7777777777777778,0.7272727272727273,0.7521014330903549,32,0.001,0.0,0.3,8,resize_cube128_hu_m300_1400
3,TEST,0.76,0.7857142857142857,0.9166666666666666,0.6153846153846154,0.7510676161988108,32,0.001,0.0,0.3,8,resize_cube128_hu_m300_1400
4,VALIDATION,0.5,0.5,0.5555555555555556,0.45454545454545453,0.502518907629606,32,0.001,0.0,0.3,8,resize_cube128_hu_m300_1400
4,TEST,0.48,0.5517241379310345,0.6666666666666666,0.3076923076923077,0.4529108136578383,32,0.001,0.0,0.3,8,resize_cube128_hu_m300_1400
5,VALIDATION,0.65,0.631578947368421,0.6,0.7,0.648074069840786,32,0.001,0.0,0.3,8,resize_cube128_hu_m300_1400
5,TEST,0.72,0.5882352941176471,0.45454545454545453,0.9285714285714286,0.6496752435470525,32,0.001,0.0,0.3,8,resize_cube128_hu_m300_1400
MEAN,VALIDATION,0.67,0.6813205741626793,0.7866666666666666,0.5763636363636364,0.6606882269867479,32,0.001,0.0,0.3,8,resize_cube128_hu_m300_1400
MEAN,TEST,0.632,0.6378819962998462,0.6909090909090908,0.5703296703296703,0.6078779154864585,32,0.001,0.0,0.3,8,resize_cube128_hu_m300_1400
1,VALIDATION,0.7,0.7,0.7777777777777778,0.6363636363636364,0.7035264706814485,32,0.001,0.0,0.5,8,resize_cube128_hu_m300_1400
1,TEST,0.68,0.6666666666666666,0.6666666666666666,0.6923076923076923,0.6793662204867574,32,0.001,0.0,0.5,8,resize_cube128_hu_m300_1400
2,VALIDATION,0.4,0.45454545454545453,0.5555555555555556,0.2727272727272727,0.3892494720807615,32,0.001,0.0,0.5,8,resize_cube128_hu_m300_1400
2,TEST,0.44,0.46153846153846156,0.5,0.38461538461538464,0.4385290096535146,32,0.001,0.0,0.5,8,resize_cube128_hu_m300_1400
3,VALIDATION,0.7,0.7,0.7777777777777778,0.6363636363636364,0.7035264706814485,32,0.001,0.0,0.5,8,resize_cube128_hu_m300_1400
3,TEST,0.56,0.6451612903225806,0.8333333333333334,0.3076923076923077,0.5063696835418333,32,0.001,0.0,0.5,8,resize_cube128_hu_m300_1400
4,VALIDATION,0.55,0.6086956521739131,0.7777777777777778,0.36363636363636365,0.5318160234783105,32,0.001,0.0,0.5,8,resize_cube128_hu_m300_1400
4,TEST,0.56,0.6666666666666666,0.9166666666666666,0.23076923076923078,0.45993310550389993,32,0.001,0.0,0.5,8,resize_cube128_hu_m300_1400
5,VALIDATION,0.6,0.6363636363636364,0.7,0.5,0.5916079783099616,32,0.001,0.0,0.5,8,resize_cube128_hu_m300_1400
5,TEST,0.68,0.6666666666666666,0.7272727272727273,0.6428571428571429,0.6837634587578277,32,0.001,0.0,0.5,8,resize_cube128_hu_m300_1400
MEAN,VALIDATION,0.5900000000000001,0.6199209486166007,0.7177777777777777,0.4818181818181818,0.583945283046386,32,0.001,0.0,0.5,8,resize_cube128_hu_m300_1400
MEAN,TEST,0.5840000000000001,0.6213399503722083,0.7287878787878788,0.45164835164835165,0.5535922955887665,32,0.001,0.0,0.5,8,resize_cube128_hu_m300_1400
1,VALIDATION,0.7,0.7272727272727273,0.8888888888888888,0.5454545454545454,0.6963106238227913,32,0.001,1e-05,0.0,8,resize_cube128_hu_m300_1400
1,TEST,0.52,0.5714285714285714,0.6666666666666666,0.38461538461538464,0.5063696835418333,32,0.001,1e-05,0.0,8,resize_cube128_hu_m300_1400
2,VALIDATION,0.75,0.7058823529411765,0.6666666666666666,0.8181818181818182,0.7385489458759964,32,0.001,1e-05,0.0,8,resize_cube128_hu_m300_1400
2,TEST,0.52,0.45454545454545453,0.4166666666666667,0.6153846153846154,0.5063696835418333,32,0.001,1e-05,0.0,8,resize_cube128_hu_m300_1400
3,VALIDATION,0.85,0.8,0.6666666666666666,1.0,0.816496580927726,32,0.001,1e-05,0.0,8,resize_cube128_hu_m300_1400
3,TEST,0.48,0.3157894736842105,0.25,0.6923076923076923,0.41602514716892186,32,0.001,1e-05,0.0,8,resize_cube128_hu_m300_1400
4,VALIDATION,0.55,0.5714285714285714,0.6666666666666666,0.45454545454545453,0.5504818825631803,32,0.001,1e-05,0.0,8,resize_cube128_hu_m300_1400
4,TEST,0.52,0.6,0.75,0.3076923076923077,0.4803844614152614,32,0.001,1e-05,0.0,8,resize_cube128_hu_m300_1400
5,VALIDATION,0.65,0.6956521739130435,0.8,0.5,0.6324555320336759,32,0.001,1e-05,0.0,8,resize_cube128_hu_m300_1400
5,TEST,0.8,0.782608695652174,0.8181818181818182,0.7857142857142857,0.8017837257372732,32,0.001,1e-05,0.0,8,resize_cube128_hu_m300_1400
MEAN,VALIDATION,0.7,0.7000471651111038,0.7377777777777776,0.6636363636363637,0.6868587130446739,32,0.001,1e-05,0.0,8,resize_cube128_hu_m300_1400
MEAN,TEST,0.568,0.5448744390620821,0.5803030303030303,0.5571428571428572,0.5421865402810246,32,0.001,1e-05,0.0,8,resize_cube128_hu_m300_1400
1,VALIDATION,0.8,0.8181818181818182,1.0,0.6363636363636364,0.7977240352174656,32,0.001,1e-05,0.3,8,resize_cube128_hu_m300_1400
1,TEST,0.68,0.7142857142857143,0.8333333333333334,0.5384615384615384,0.6698641270570836,32,0.001,1e-05,0.3,8,resize_cube128_hu_m300_1400
2,VALIDATION,0.65,0.6666666666666666,0.7777777777777778,0.5454545454545454,0.6513389472789296,32,0.001,1e-05,0.3,8,resize_cube128_hu_m300_1400
2,TEST,0.56,0.56,0.5833333333333334,0.5384615384615384,0.560448538317805,32,0.001,1e-05,0.3,8,resize_cube128_hu_m300_1400
3,VALIDATION,0.7,0.7,0.7777777777777778,0.6363636363636364,0.7035264706814485,32,0.001,1e-05,0.3,8,resize_cube128_hu_m300_1400
3,TEST,0.56,0.6451612903225806,0.8333333333333334,0.3076923076923077,0.5063696835418333,32,0.001,1e-05,0.3,8,resize_cube128_hu_m300_1400
4,VALIDATION,0.5,0.5,0.5555555555555556,0.45454545454545453,0.502518907629606,32,0.001,1e-05,0.3,8,resize_cube128_hu_m300_1400
4,TEST,0.52,0.5714285714285714,0.6666666666666666,0.38461538461538464,0.5063696835418333,32,0.001,1e-05,0.3,8,resize_cube128_hu_m300_1400
5,VALIDATION,0.7,0.7272727272727273,0.8,0.6,0.6928203230275509,32,0.001,1e-05,0.3,8,resize_cube128_hu_m300_1400
5,TEST,0.64,0.6086956521739131,0.6363636363636364,0.6428571428571429,0.6396021490668313,32,0.001,1e-05,0.3,8,resize_cube128_hu_m300_1400
MEAN,VALIDATION,0.6700000000000002,0.6824242424242424,0.7822222222222222,0.5745454545454545,0.6695857367670002,32,0.001,1e-05,0.3,8,resize_cube128_hu_m300_1400
MEAN,TEST,0.5920000000000001,0.6199142456421558,0.7106060606060606,0.48241758241758237,0.5765308363050773,32,0.001,1e-05,0.3,8,resize_cube128_hu_m300_1400
1,VALIDATION,0.7,0.7,0.7777777777777778,0.6363636363636364,0.7035264706814485,32,0.001,1e-05,0.5,8,resize_cube128_hu_m300_1400
1,TEST,0.68,0.6666666666666666,0.6666666666666666,0.6923076923076923,0.6793662204867574,32,0.001,1e-05,0.5,8,resize_cube128_hu_m300_1400
2,VALIDATION,0.55,0.64,0.8888888888888888,0.2727272727272727,0.4923659639173309,32,0.001,1e-05,0.5,8,resize_cube128_hu_m300_1400
2,TEST,0.4,0.4827586206896552,0.5833333333333334,0.23076923076923078,0.36689969285267143,32,0.001,1e-05,0.5,8,resize_cube128_hu_m300_1400
3,VALIDATION,0.65,0.5882352941176471,0.5555555555555556,0.7272727272727273,0.6356417261637283,32,0.001,1e-05,0.5,8,resize_cube128_hu_m300_1400
3,TEST,0.64,0.6666666666666666,0.75,0.5384615384615384,0.6354889093022426,32,0.001,1e-05,0.5,8,resize_cube128_hu_m300_1400
4,VALIDATION,0.5,0.6428571428571429,1.0,0.09090909090909091,0.30151134457776363,32,0.001,1e-05,0.5,8,resize_cube128_hu_m300_1400
4,TEST,0.48,0.6486486486486487,1.0,0.0,0.0,32,0.001,1e-05,0.5,8,resize_cube128_hu_m300_1400
5,VALIDATION,0.65,0.72,0.9,0.4,0.6000000000000001,32,0.001,1e-05,0.5,8,resize_cube128_hu_m300_1400
5,TEST,0.64,0.6666666666666666,0.8181818181818182,0.5,0.6396021490668313,32,0.001,1e-05,0.5,8,resize_cube128_hu_m300_1400
MEAN,VALIDATION,0.61,0.6582184873949579,0.8244444444444445,0.4254545454545454,0.5466091010680543,32,0.001,1e-05,0.5,8,resize_cube128_hu_m300_1400
MEAN,TEST,0.5680000000000001,0.6262814538676607,0.7636363636363637,0.39230769230769236,0.46427139434170056,32,0.001,1e-05,0.5,8,resize_cube128_hu_m300_1400
1,VALIDATION,0.6,0.6,0.6666666666666666,0.5454545454545454,0.6030226891555273,4,0.001,0.0,0.0,9,resize_small_hu_m300_1400_separadas
1,TEST,0.6,0.5833333333333334,0.5833333333333334,0.6153846153846154,0.5991446895152781,4,0.001,0.0,0.0,9,resize_small_hu_m300_1400_separadas
2,VALIDATION,0.8,0.7777777777777778,0.7777777777777778,0.8181818181818182,0.7977240352174657,4,0.001,0.0,0.0,9,resize_small_hu_m300_1400_separadas
2,TEST,0.44,0.36363636363636365,0.3333333333333333,0.5384615384615384,0.4236592728681617,4,0.001,0.0,0.0,9,resize_small_hu_m300_1400_separadas
3,VALIDATION,0.75,0.7368421052631579,0.7777777777777778,0.7272727272727273,0.7521014330903549,4,0.001,0.0,0.0,9,resize_small_hu_m300_1400_separadas
3,TEST,0.6,0.6666666666666666,0.8333333333333334,0.38461538461538464,0.5661385170722979,4,0.001,0.0,0.0,9,resize_small_hu_m300_1400_separadas
4,VALIDATION,0.65,0.5882352941176471,0.5555555555555556,0.7272727272727273,0.6356417261637283,4,0.001,0.0,0.0,9,resize_small_hu_m300_1400_separadas
4,TEST,0.52,0.6470588235294118,0.9166666666666666,0.15384615384615385,0.3755338080994054,4,0.001,0.0,0.0,9,resize_small_hu_m300_1400_separadas
5,VALIDATION,0.65,0.631578947368421,0.6,0.7,0.648074069840786,4,0.001,0.0,0.0,9,resize_small_hu_m300_1400_separadas
5,TEST,0.68,0.6363636363636364,0.6363636363636364,0.7142857142857143,0.674199862463242,4,0.001,0.0,0.0,9,resize_small_hu_m300_1400_separadas
MEAN,VALIDATION,0.69,0.6668868249054007,0.6755555555555556,0.7036363636363637,0.6873127906935724,4,0.001,0.0,0.0,9,resize_small_hu_m300_1400_separadas
MEAN,TEST,0.5680000000000001,0.5794117647058823,0.6606060606060605,0.4813186813186813,0.5277352300036771,4,0.001,0.0,0.0,9,resize_small_hu_m300_1400_separadas
1,VALIDATION,0.65,0.631578947368421,0.6666666666666666,0.6363636363636364,0.6513389472789296,4,0.001,0.0,0.3,9,resize_small_hu_m300_1400_separadas
1,TEST,0.6,0.5454545454545454,0.5,0.6923076923076923,0.5883484054145521,4,0.001,0.0,0.3,9,resize_small_hu_m300_1400_separadas
2,VALIDATION,0.75,0.7368421052631579,0.7777777777777778,0.7272727272727273,0.7521014330903549,4,0.001,0.0,0.3,9,resize_small_hu_m300_1400_separadas
2,TEST,0.52,0.5384615384615384,0.5833333333333334,0.46153846153846156,0.5188745216627708,4,0.001,0.0,0.3,9,resize_small_hu_m300_1400_separadas
3,VALIDATION,0.75,0.7368421052631579,0.7777777777777778,0.7272727272727273,0.7521014330903549,4,0.001,0.0,0.3,9,resize_small_hu_m300_1400_separadas
3,TEST,0.64,0.6896551724137931,0.8333333333333334,0.46153846153846156,0.6201736729460423,4,0.001,0.0,0.3,9,resize_small_hu_m300_1400_separadas
4,VALIDATION,0.65,0.5882352941176471,0.5555555555555556,0.7272727272727273,0.6356417261637283,4,0.001,0.0,0.3,9,resize_small_hu_m300_1400_separadas
4,TEST,0.48,0.6060606060606061,0.8333333333333334,0.15384615384615385,0.3580574370197165,4,0.001,0.0,0.3,9,resize_small_hu_m300_1400_separadas
5,VALIDATION,0.7,0.7272727272727273,0.8,0.6,0.6928203230275509,4,0.001,0.0,0.3,9,resize_small_hu_m300_1400_separadas
5,TEST,0.6,0.6428571428571429,0.8181818181818182,0.42857142857142855,0.592156525463792,4,0.001,0.0,0.3,9,resize_small_hu_m300_1400_separadas
MEAN,VALIDATION,0.7,0.6841542358570223,0.7155555555555555,0.6836363636363637,0.6968007725301838,4,0.001,0.0,0.3,9,resize_small_hu_m300_1400_separadas
MEAN,TEST,0.5680000000000001,0.6044978010495251,0.7136363636363637,0.4395604395604395,0.5355221125013748,4,0.001,0.0,0.3,9,resize_small_hu_m300_1400_separadas
1,VALIDATION,0.65,0.46153846153846156,0.3333333333333333,0.9090909090909091,0.5504818825631803,4,0.001,0.0,0.5,9,resize_small_hu_m300_1400_separadas
1,TEST,0.48,0.13333333333333333,0.08333333333333333,0.8461538461538461,0.2655425022718972,4,0.001,0.0,0.5,9,resize_small_hu_m300_1400_separadas
2,VALIDATION,0.8,0.8,0.8888888888888888,0.7272727272727273,0.8040302522073697,4,0.001,0.0,0.5,9,resize_small_hu_m300_1400_separadas
2,TEST,0.6,0.6153846153846154,0.6666666666666666,0.5384615384615384,0.599144689515278,4,0.001,0.0,0.5,9,resize_small_hu_m300_1400_separadas
3,VALIDATION,0.65,0.631578947368421,0.6666666666666666,0.6363636363636364,0.6513389472789296,4,0.001,0.0,0.5,9,resize_small_hu_m300_1400_separadas
3,TEST,0.8,0.8148148148148148,0.9166666666666666,0.6923076923076923,0.7966275068156915,4,0.001,0.0,0.5,9,resize_small_hu_m300_1400_separadas
4,VALIDATION,0.6,0.5,0.4444444444444444,0.7272727272727273,0.5685352436149611,4,0.001,0.0,0.5,9,resize_small_hu_m300_1400_separadas
4,TEST,0.56,0.5217391304347826,0.5,0.6153846153846154,0.5547001962252291,4,0.001,0.0,0.5,9,resize_small_hu_m300_1400_separadas
5,VALIDATION,0.65,0.631578947368421,0.6,0.7,0.648074069840786,4,0.001,0.0,0.5,9,resize_small_hu_m300_1400_separadas
5,TEST,0.64,0.5714285714285714,0.5454545454545454,0.7142857142857143,0.6241877839323592,4,0.001,0.0,0.5,9,resize_small_hu_m300_1400_separadas
MEAN,VALIDATION,0.67,0.6049392712550608,0.5866666666666667,0.74,0.6444920791010453,4,0.001,0.0,0.5,9,resize_small_hu_m300_1400_separadas
MEAN,TEST,0.6160000000000001,0.5313400930792236,0.5424242424242424,0.6813186813186813,0.5680405357520909,4,0.001,0.0,0.5,9,resize_small_hu_m300_1400_separadas
1,VALIDATION,0.55,0.5714285714285714,0.6666666666666666,0.45454545454545453,0.5504818825631803,4,0.001,1e-05,0.0,9,resize_small_hu_m300_1400_separadas
1,TEST,0.6,0.5833333333333334,0.5833333333333334,0.6153846153846154,0.5991446895152781,4,0.001,1e-05,0.0,9,resize_small_hu_m300_1400_separadas
2,VALIDATION,0.75,0.7058823529411765,0.6666666666666666,0.8181818181818182,0.7385489458759964,4,0.001,1e-05,0.0,9,resize_small_hu_m300_1400_separadas
2,TEST,0.56,0.35294117647058826,0.25,0.8461538461538461,0.45993310550389993,4,0.001,1e-05,0.0,9,resize_small_hu_m300_1400_separadas
3,VALIDATION,0.7,0.7,0.7777777777777778,0.6363636363636364,0.7035264706814485,4,0.001,1e-05,0.0,9,resize_small_hu_m300_1400_separadas
3,TEST,0.52,0.6,0.75,0.3076923076923077,0.4803844614152614,4,0.001,1e-05,0.0,9,resize_small_hu_m300_1400_separadas
4,VALIDATION,0.7,0.7,0.7777777777777778,0.6363636363636364,0.7035264706814485,4,0.001,1e-05,0.0,9,resize_small_hu_m300_1400_separadas
4,TEST,0.44,0.5625,0.75,0.15384615384615385,0.3396831102433787,4,0.001,1e-05,0.0,9,resize_small_hu_m300_1400_separadas
5,VALIDATION,0.65,0.631578947368421,0.6,0.7,0.648074069840786,4,0.001,1e-05,0.0,9,resize_small_hu_m300_1400_separadas
5,TEST,0.6,0.5,0.45454545454545453,0.7142857142857143,0.5698028822981898,4,0.001,1e-05,0.0,9,resize_small_hu_m300_1400_separadas
MEAN,VALIDATION,0.67,0.6617779743476337,0.6977777777777778,0.649090909090909,0.6688315679285719,4,0.001,1e-05,0.0,9,resize_small_hu_m300_1400_separadas
MEAN,TEST,0.544,0.5197549019607843,0.5575757575757576,0.5274725274725276,0.48978964979520156,4,0.001,1e-05,0.0,9,resize_small_hu_m300_1400_separadas
1,VALIDATION,0.5,0.5454545454545454,0.6666666666666666,0.36363636363636365,0.49236596391733095,4,0.001,1e-05,0.3,9,resize_small_hu_m300_1400_separadas
1,TEST,0.68,0.6923076923076923,0.75,0.6153846153846154,0.6793662204867574,4,0.001,1e-05,0.3,9,resize_small_hu_m300_1400_separadas
2,VALIDATION,0.8,0.8181818181818182,1.0,0.6363636363636364,0.7977240352174656,4,0.001,1e-05,0.3,9,resize_small_hu_m300_1400_separadas
2,TEST,0.52,0.5714285714285714,0.6666666666666666,0.38461538461538464,0.5063696835418333,4,0.001,1e-05,0.3,9,resize_small_hu_m300_1400_separadas
3,VALIDATION,0.6,0.6666666666666666,0.8888888888888888,0.36363636363636365,0.5685352436149611,4,0.001,1e-05,0.3,9,resize_small_hu_m300_1400_separadas
3,TEST,0.8,0.8148148148148148,0.9166666666666666,0.6923076923076923,0.7966275068156915,4,0.001,1e-05,0.3,9,resize_small_hu_m300_1400_separadas
4,VALIDATION,0.65,0.6666666666666666,0.7777777777777778,0.5454545454545454,0.6513389472789296,4,0.001,1e-05,0.3,9,resize_small_hu_m300_1400_separadas
4,TEST,0.52,0.6666666666666666,1.0,0.07692307692307693,0.2773500981126146,4,0.001,1e-05,0.3,9,resize_small_hu_m300_1400_separadas
5,VALIDATION,0.7,0.7272727272727273,0.8,0.6,0.6928203230275509,4,0.001,1e-05,0.3,9,resize_small_hu_m300_1400_separadas
5,TEST,0.72,0.72,0.8181818181818182,0.6428571428571429,0.7252406676228423,4,0.001,1e-05,0.3,9,resize_small_hu_m300_1400_separadas
MEAN,VALIDATION,0.65,0.6848484848484848,0.8266666666666665,0.5018181818181818,0.6405569026112475,4,0.001,1e-05,0.3,9,resize_small_hu_m300_1400_separadas
MEAN,TEST,0.648,0.693043549043549,0.8303030303030303,0.48241758241758237,0.5969908353159479,4,0.001,1e-05,0.3,9,resize_small_hu_m300_1400_separadas
1,VALIDATION,0.75,0.7368421052631579,0.7777777777777778,0.7272727272727273,0.7521014330903549,4,0.001,1e-05,0.5,9,resize_small_hu_m300_1400_separadas
1,TEST,0.52,0.45454545454545453,0.4166666666666667,0.6153846153846154,0.5063696835418333,4,0.001,1e-05,0.5,9,resize_small_hu_m300_1400_separadas
2,VALIDATION,0.7,0.625,0.5555555555555556,0.8181818181818182,0.6741998624632421,4,0.001,1e-05,0.5,9,resize_small_hu_m300_1400_separadas
2,TEST,0.44,0.3,0.25,0.6153846153846154,0.3922322702763681,4,0.001,1e-05,0.5,9,resize_small_hu_m300_1400_separadas
3,VALIDATION,0.6,0.6666666666666666,0.8888888888888888,0.36363636363636365,0.5685352436149611,4,0.001,1e-05,0.5,9,resize_small_hu_m300_1400_separadas
3,TEST,0.84,0.8571428571428571,1.0,0.6923076923076923,0.8320502943378437,4,0.001,1e-05,0.5,9,resize_small_hu_m300_1400_separadas
4,VALIDATION,0.65,0.631578947368421,0.6666666666666666,0.6363636363636364,0.6513389472789296,4,0.001,1e-05,0.5,9,resize_small_hu_m300_1400_separadas
4,TEST,0.52,0.625,0.8333333333333334,0.23076923076923078,0.4385290096535146,4,0.001,1e-05,0.5,9,resize_small_hu_m300_1400_separadas
5,VALIDATION,0.7,0.6666666666666666,0.6,0.8,0.6928203230275509,4,0.001,1e-05,0.5,9,resize_small_hu_m300_1400_separadas
5,TEST,0.68,0.5555555555555556,0.45454545454545453,0.8571428571428571,0.6241877839323592,4,0.001,1e-05,0.5,9,resize_small_hu_m300_1400_separadas
MEAN,VALIDATION,0.6799999999999999,0.6653508771929825,0.6977777777777778,0.6690909090909092,0.6677991618950078,4,0.001,1e-05,0.5,9,resize_small_hu_m300_1400_separadas
MEAN,TEST,0.6,0.5584487734487734,0.5909090909090909,0.6021978021978022,0.5586738083483838,4,0.001,1e-05,0.5,9,resize_small_hu_m300_1400_separadas
1,VALIDATION,0.5,0.5454545454545454,0.6666666666666666,0.36363636363636365,0.49236596391733095,8,0.001,0.0,0.0,9,resize_small_hu_m300_1400_separadas
1,TEST,0.6,0.6153846153846154,0.6666666666666666,0.5384615384615384,0.599144689515278,8,0.001,0.0,0.0,9,resize_small_hu_m300_1400_separadas
2,VALIDATION,0.8,0.7777777777777778,0.7777777777777778,0.8181818181818182,0.7977240352174657,8,0.001,0.0,0.0,9,resize_small_hu_m300_1400_separadas
2,TEST,0.56,0.47619047619047616,0.4166666666666667,0.6923076923076923,0.5370861555295747,8,0.001,0.0,0.0,9,resize_small_hu_m300_1400_separadas
3,VALIDATION,0.75,0.7619047619047619,0.8888888888888888,0.6363636363636364,0.7521014330903549,8,0.001,0.0,0.0,9,resize_small_hu_m300_1400_separadas
3,TEST,0.52,0.6,0.75,0.3076923076923077,0.4803844614152614,8,0.001,0.0,0.0,9,resize_small_hu_m300_1400_separadas
4,VALIDATION,0.7,0.625,0.5555555555555556,0.8181818181818182,0.6741998624632421,8,0.001,0.0,0.0,9,resize_small_hu_m300_1400_separadas
4,TEST,0.52,0.5384615384615384,0.5833333333333334,0.46153846153846156,0.5188745216627708,8,0.001,0.0,0.0,9,resize_small_hu_m300_1400_separadas
5,VALIDATION,0.65,0.631578947368421,0.6,0.7,0.648074069840786,8,0.001,0.0,0.0,9,resize_small_hu_m300_1400_separadas
5,TEST,0.68,0.6363636363636364,0.6363636363636364,0.7142857142857143,0.674199862463242,8,0.001,0.0,0.0,9,resize_small_hu_m300_1400_separadas
MEAN,VALIDATION,0.6799999999999999,0.6683432065011011,0.6977777777777777,0.6672727272727274,0.6728930729058359,8,0.001,0.0,0.0,9,resize_small_hu_m300_1400_separadas
MEAN,TEST,0.5760000000000001,0.5732800532800533,0.6106060606060606,0.5428571428571429,0.5619379381172254,8,0.001,0.0,0.0,9,resize_small_hu_m300_1400_separadas
1,VALIDATION,0.5,0.5454545454545454,0.6666666666666666,0.36363636363636365,0.49236596391733095,8,0.001,0.0,0.3,9,resize_small_hu_m300_1400_separadas
1,TEST,0.6,0.6428571428571429,0.75,0.46153846153846156,0.5883484054145521,8,0.001,0.0,0.3,9,resize_small_hu_m300_1400_separadas
2,VALIDATION,0.75,0.7368421052631579,0.7777777777777778,0.7272727272727273,0.7521014330903549,8,0.001,0.0,0.3,9,resize_small_hu_m300_1400_separadas
2,TEST,0.52,0.45454545454545453,0.4166666666666667,0.6153846153846154,0.5063696835418333,8,0.001,0.0,0.3,9,resize_small_hu_m300_1400_separadas
3,VALIDATION,0.55,0.3076923076923077,0.2222222222222222,0.8181818181818182,0.4264014327112209,8,0.001,0.0,0.3,9,resize_small_hu_m300_1400_separadas
3,TEST,0.56,0.26666666666666666,0.16666666666666666,0.9230769230769231,0.3922322702763681,8,0.001,0.0,0.3,9,resize_small_hu_m300_1400_separadas
4,VALIDATION,0.7,0.7,0.7777777777777778,0.6363636363636364,0.7035264706814485,8,0.001,0.0,0.3,9,resize_small_hu_m300_1400_separadas
4,TEST,0.52,0.5714285714285714,0.6666666666666666,0.38461538461538464,0.5063696835418333,8,0.001,0.0,0.3,9,resize_small_hu_m300_1400_separadas
5,VALIDATION,0.7,0.7272727272727273,0.8,0.6,0.6928203230275509,8,0.001,0.0,0.3,9,resize_small_hu_m300_1400_separadas
5,TEST,0.6,0.6428571428571429,0.8181818181818182,0.42857142857142855,0.592156525463792,8,0.001,0.0,0.3,9,resize_small_hu_m300_1400_separadas
MEAN,VALIDATION,0.64,0.6034523371365477,0.6488888888888888,0.6290909090909091,0.6134431246855812,8,0.001,0.0,0.3,9,resize_small_hu_m300_1400_separadas
MEAN,TEST,0.56,0.5156709956709957,0.5636363636363637,0.5626373626373626,0.5170953136476758,8,0.001,0.0,0.3,9,resize_small_hu_m300_1400_separadas
1,VALIDATION,0.65,0.5882352941176471,0.5555555555555556,0.7272727272727273,0.6356417261637283,8,0.001,0.0,0.5,9,resize_small_hu_m300_1400_separadas
1,TEST,0.52,0.3333333333333333,0.25,0.7692307692307693,0.4385290096535146,8,0.001,0.0,0.5,9,resize_small_hu_m300_1400_separadas
2,VALIDATION,0.75,0.7619047619047619,0.8888888888888888,0.6363636363636364,0.7521014330903549,8,0.001,0.0,0.5,9,resize_small_hu_m300_1400_separadas
2,TEST,0.56,0.5925925925925926,0.6666666666666666,0.46153846153846156,0.5547001962252291,8,0.001,0.0,0.5,9,resize_small_hu_m300_1400_separadas
3,VALIDATION,0.65,0.5882352941176471,0.5555555555555556,0.7272727272727273,0.6356417261637283,8,0.001,0.0,0.5,9,resize_small_hu_m300_1400_separadas
3,TEST,0.64,0.6896551724137931,0.8333333333333334,0.46153846153846156,0.6201736729460423,8,0.001,0.0,0.5,9,resize_small_hu_m300_1400_separadas
4,VALIDATION,0.45,0.47619047619047616,0.5555555555555556,0.36363636363636365,0.44946657497549475,8,0.001,0.0,0.5,9,resize_small_hu_m300_1400_separadas
4,TEST,0.52,0.6666666666666666,1.0,0.07692307692307693,0.2773500981126146,8,0.001,0.0,0.5,9,resize_small_hu_m300_1400_separadas
5,VALIDATION,0.7,0.7272727272727273,0.8,0.6,0.6928203230275509,8,0.001,0.0,0.5,9,resize_small_hu_m300_1400_separadas
5,TEST,0.64,0.6666666666666666,0.8181818181818182,0.5,0.6396021490668313,8,0.001,0.0,0.5,9,resize_small_hu_m300_1400_separadas
MEAN,VALIDATION,0.64,0.628367710720652,0.671111111111111,0.610909090909091,0.6331343566841715,8,0.001,0.0,0.5,9,resize_small_hu_m300_1400_separadas
MEAN,TEST,0.5760000000000001,0.5897828863346104,0.7136363636363636,0.45384615384615384,0.5060710252008465,8,0.001,0.0,0.5,9,resize_small_hu_m300_1400_separadas
1,VALIDATION,0.6,0.42857142857142855,0.3333333333333333,0.8181818181818182,0.5222329678670935,8,0.001,1e-05,0.0,9,resize_small_hu_m300_1400_separadas
1,TEST,0.6,0.4444444444444444,0.3333333333333333,0.8461538461538461,0.5310850045437944,8,0.001,1e-05,0.0,9,resize_small_hu_m300_1400_separadas
2,VALIDATION,0.75,0.7619047619047619,0.8888888888888888,0.6363636363636364,0.7521014330903549,8,0.001,1e-05,0.0,9,resize_small_hu_m300_1400_separadas
2,TEST,0.56,0.56,0.5833333333333334,0.5384615384615384,0.560448538317805,8,0.001,1e-05,0.0,9,resize_small_hu_m300_1400_separadas
3,VALIDATION,0.7,0.7272727272727273,0.8888888888888888,0.5454545454545454,0.6963106238227913,8,0.001,1e-05,0.0,9,resize_small_hu_m300_1400_separadas
3,TEST,0.64,0.7096774193548387,0.9166666666666666,0.38461538461538464,0.5937710859953544,8,0.001,1e-05,0.0,9,resize_small_hu_m300_1400_separadas
4,VALIDATION,0.65,0.5333333333333333,0.4444444444444444,0.8181818181818182,0.6030226891555273,8,0.001,1e-05,0.0,9,resize_small_hu_m300_1400_separadas
4,TEST,0.6,0.6428571428571429,0.75,0.46153846153846156,0.5883484054145521,8,0.001,1e-05,0.0,9,resize_small_hu_m300_1400_separadas
5,VALIDATION,0.7,0.7272727272727273,0.8,0.6,0.6928203230275509,8,0.001,1e-05,0.0,9,resize_small_hu_m300_1400_separadas
5,TEST,0.76,0.7692307692307693,0.9090909090909091,0.6428571428571429,0.7644707871564383,8,0.001,1e-05,0.0,9,resize_small_hu_m300_1400_separadas
MEAN,VALIDATION,0.6799999999999999,0.6356709956709956,0.671111111111111,0.6836363636363637,0.6532976073926635,8,0.001,1e-05,0.0,9,resize_small_hu_m300_1400_separadas
MEAN,TEST,0.632,0.6252419551774391,0.6984848484848485,0.5747252747252747,0.6076247642855889,8,0.001,1e-05,0.0,9,resize_small_hu_m300_1400_separadas
1,VALIDATION,0.65,0.46153846153846156,0.3333333333333333,0.9090909090909091,0.5504818825631803,8,0.001,1e-05,0.3,9,resize_small_hu_m300_1400_separadas
1,TEST,0.48,0.13333333333333333,0.08333333333333333,0.8461538461538461,0.2655425022718972,8,0.001,1e-05,0.3,9,resize_small_hu_m300_1400_separadas
2,VALIDATION,0.8,0.8,0.8888888888888888,0.7272727272727273,0.8040302522073697,8,0.001,1e-05,0.3,9,resize_small_hu_m300_1400_separadas
2,TEST,0.4,0.2857142857142857,0.25,0.5384615384615384,0.3668996928526714,8,0.001,1e-05,0.3,9,resize_small_hu_m300_1400_separadas
3,VALIDATION,0.6,0.42857142857142855,0.3333333333333333,0.8181818181818182,0.5222329678670935,8,0.001,1e-05,0.3,9,resize_small_hu_m300_1400_separadas
3,TEST,0.8,0.782608695652174,0.75,0.8461538461538461,0.7966275068156915,8,0.001,1e-05,0.3,9,resize_small_hu_m300_1400_separadas
4,VALIDATION,0.7,0.7,0.7777777777777778,0.6363636363636364,0.7035264706814485,8,0.001,1e-05,0.3,9,resize_small_hu_m300_1400_separadas
4,TEST,0.44,0.5882352941176471,0.8333333333333334,0.07692307692307693,0.25318484177091666,8,0.001,1e-05,0.3,9,resize_small_hu_m300_1400_separadas
5,VALIDATION,0.7,0.7272727272727273,0.8,0.6,0.6928203230275509,8,0.001,1e-05,0.3,9,resize_small_hu_m300_1400_separadas
5,TEST,0.6,0.6428571428571429,0.8181818181818182,0.42857142857142855,0.592156525463792,8,0.001,1e-05,0.3,9,resize_small_hu_m300_1400_separadas
MEAN,VALIDATION,0.6900000000000001,0.6234765234765234,0.6266666666666666,0.7381818181818182,0.6546183792693286,8,0.001,1e-05,0.3,9,resize_small_hu_m300_1400_separadas
MEAN,TEST,0.544,0.48654975033491654,0.546969696969697,0.5472527472527473,0.4548822138349937,8,0.001,1e-05,0.3,9,resize_small_hu_m300_1400_separadas
1,VALIDATION,0.5,0.5454545454545454,0.6666666666666666,0.36363636363636365,0.49236596391733095,8,0.001,1e-05,0.5,9,resize_small_hu_m300_1400_separadas
1,TEST,0.64,0.6896551724137931,0.8333333333333334,0.46153846153846156,0.6201736729460423,8,0.001,1e-05,0.5,9,resize_small_hu_m300_1400_separadas
2,VALIDATION,0.8,0.8,0.8888888888888888,0.7272727272727273,0.8040302522073697,8,0.001,1e-05,0.5,9,resize_small_hu_m300_1400_separadas
2,TEST,0.56,0.56,0.5833333333333334,0.5384615384615384,0.560448538317805,8,0.001,1e-05,0.5,9,resize_small_hu_m300_1400_separadas
3,VALIDATION,0.65,0.6666666666666666,0.7777777777777778,0.5454545454545454,0.6513389472789296,8,0.001,1e-05,0.5,9,resize_small_hu_m300_1400_separadas
3,TEST,0.56,0.6451612903225806,0.8333333333333334,0.3076923076923077,0.5063696835418333,8,0.001,1e-05,0.5,9,resize_small_hu_m300_1400_separadas
4,VALIDATION,0.6,0.5555555555555556,0.5555555555555556,0.6363636363636364,0.5945883900105632,8,0.001,1e-05,0.5,9,resize_small_hu_m300_1400_separadas
4,TEST,0.48,0.6285714285714286,0.9166666666666666,0.07692307692307693,0.2655425022718972,8,0.001,1e-05,0.5,9,resize_small_hu_m300_1400_separadas
5,VALIDATION,0.7,0.7,0.7,0.7,0.7,8,0.001,1e-05,0.5,9,resize_small_hu_m300_1400_separadas
5,TEST,0.72,0.6956521739130435,0.7272727272727273,0.7142857142857143,0.7207499701564473,8,0.001,1e-05,0.5,9,resize_small_hu_m300_1400_separadas
MEAN,VALIDATION,0.65,0.6535353535353536,0.7177777777777777,0.5945454545454545,0.6484647106828387,8,0.001,1e-05,0.5,9,resize_small_hu_m300_1400_separadas
MEAN,TEST,0.592,0.6438080130441691,0.7787878787878787,0.4197802197802198,0.534656873446805,8,0.001,1e-05,0.5,9,resize_small_hu_m300_1400_separadas
1,VALIDATION,0.65,0.6956521739130435,0.8888888888888888,0.45454545454545453,0.6356417261637282,4,0.001,0.0,0.0,9,resize_small_hu_m600_1500_separadas
1,TEST,0.64,0.6896551724137931,0.8333333333333334,0.46153846153846156,0.6201736729460423,4,0.001,0.0,0.0,9,resize_small_hu_m600_1500_separadas
2,VALIDATION,0.8,0.8,0.8888888888888888,0.7272727272727273,0.8040302522073697,4,0.001,0.0,0.0,9,resize_small_hu_m600_1500_separadas
2,TEST,0.52,0.5,0.5,0.5384615384615384,0.5188745216627708,4,0.001,0.0,0.0,9,resize_small_hu_m600_1500_separadas
3,VALIDATION,0.6,0.6666666666666666,0.8888888888888888,0.36363636363636365,0.5685352436149611,4,0.001,0.0,0.0,9,resize_small_hu_m600_1500_separadas
3,TEST,0.84,0.8571428571428571,1.0,0.6923076923076923,0.8320502943378437,4,0.001,0.0,0.0,9,resize_small_hu_m600_1500_separadas
4,VALIDATION,0.7,0.6666666666666666,0.6666666666666666,0.7272727272727273,0.6963106238227914,4,0.001,0.0,0.0,9,resize_small_hu_m600_1500_separadas
4,TEST,0.52,0.6470588235294118,0.9166666666666666,0.15384615384615385,0.3755338080994054,4,0.001,0.0,0.0,9,resize_small_hu_m600_1500_separadas
5,VALIDATION,0.65,0.6666666666666666,0.7,0.6,0.648074069840786,4,0.001,0.0,0.0,9,resize_small_hu_m600_1500_separadas
5,TEST,0.68,0.6923076923076923,0.8181818181818182,0.5714285714285714,0.6837634587578277,4,0.001,0.0,0.0,9,resize_small_hu_m600_1500_separadas
MEAN,VALIDATION,0.6799999999999999,0.6991304347826086,0.8066666666666666,0.5745454545454545,0.6705183831299273,4,0.001,0.0,0.0,9,resize_small_hu_m600_1500_separadas
MEAN,TEST,0.64,0.6772329090787508,0.8136363636363637,0.4835164835164836,0.606079151160778,4,0.001,0.0,0.0,9,resize_small_hu_m600_1500_separadas
1,VALIDATION,0.65,0.5333333333333333,0.4444444444444444,0.8181818181818182,0.6030226891555273,4,0.001,0.0,0.3,9,resize_small_hu_m600_1500_separadas
1,TEST,0.56,0.35294117647058826,0.25,0.8461538461538461,0.45993310550389993,4,0.001,0.0,0.3,9,resize_small_hu_m600_1500_separadas
2,VALIDATION,0.75,0.7619047619047619,0.8888888888888888,0.6363636363636364,0.7521014330903549,4,0.001,0.0,0.3,9,resize_small_hu_m600_1500_separadas
2,TEST,0.56,0.56,0.5833333333333334,0.5384615384615384,0.560448538317805,4,0.001,0.0,0.3,9,resize_small_hu_m600_1500_separadas
3,VALIDATION,0.6,0.6363636363636364,0.7777777777777778,0.45454545454545453,0.5945883900105632,4,0.001,0.0,0.3,9,resize_small_hu_m600_1500_separadas
3,TEST,0.68,0.7142857142857143,0.8333333333333334,0.5384615384615384,0.6698641270570836,4,0.001,0.0,0.3,9,resize_small_hu_m600_1500_separadas
4,VALIDATION,0.75,0.7368421052631579,0.7777777777777778,0.7272727272727273,0.7521014330903549,4,0.001,0.0,0.3,9,resize_small_hu_m600_1500_separadas
4,TEST,0.48,0.6060606060606061,0.8333333333333334,0.15384615384615385,0.3580574370197165,4,0.001,0.0,0.3,9,resize_small_hu_m600_1500_separadas
5,VALIDATION,0.7,0.7272727272727273,0.8,0.6,0.6928203230275509,4,0.001,0.0,0.3,9,resize_small_hu_m600_1500_separadas
5,TEST,0.64,0.6666666666666666,0.8181818181818182,0.5,0.6396021490668313,4,0.001,0.0,0.3,9,resize_small_hu_m600_1500_separadas
MEAN,VALIDATION,0.6900000000000001,0.6791433128275234,0.7377777777777779,0.6472727272727273,0.6789268536748703,4,0.001,0.0,0.3,9,resize_small_hu_m600_1500_separadas
MEAN,TEST,0.5840000000000001,0.579990832696715,0.6636363636363637,0.5153846153846153,0.5375810713930672,4,0.001,0.0,0.3,9,resize_small_hu_m600_1500_separadas
1,VALIDATION,0.65,0.6666666666666666,0.7777777777777778,0.5454545454545454,0.6513389472789296,4,0.001,0.0,0.5,9,resize_small_hu_m600_1500_separadas
1,TEST,0.6,0.5,0.4166666666666667,0.7692307692307693,0.5661385170722979,4,0.001,0.0,0.5,9,resize_small_hu_m600_1500_separadas
2,VALIDATION,0.75,0.7368421052631579,0.7777777777777778,0.7272727272727273,0.7521014330903549,4,0.001,0.0,0.5,9,resize_small_hu_m600_1500_separadas
2,TEST,0.56,0.47619047619047616,0.4166666666666667,0.6923076923076923,0.5370861555295747,4,0.001,0.0,0.5,9,resize_small_hu_m600_1500_separadas
3,VALIDATION,0.65,0.6956521739130435,0.8888888888888888,0.45454545454545453,0.6356417261637282,4,0.001,0.0,0.5,9,resize_small_hu_m600_1500_separadas
3,TEST,0.52,0.6470588235294118,0.9166666666666666,0.15384615384615385,0.3755338080994054,4,0.001,0.0,0.5,9,resize_small_hu_m600_1500_separadas
4,VALIDATION,0.75,0.7058823529411765,0.6666666666666666,0.8181818181818182,0.7385489458759964,4,0.001,0.0,0.5,9,resize_small_hu_m600_1500_separadas
4,TEST,0.52,0.5714285714285714,0.6666666666666666,0.38461538461538464,0.5063696835418333,4,0.001,0.0,0.5,9,resize_small_hu_m600_1500_separadas
5,VALIDATION,0.65,0.6666666666666666,0.7,0.6,0.648074069840786,4,0.001,0.0,0.5,9,resize_small_hu_m600_1500_separadas
5,TEST,0.64,0.6086956521739131,0.6363636363636364,0.6428571428571429,0.6396021490668313,4,0.001,0.0,0.5,9,resize_small_hu_m600_1500_separadas
MEAN,VALIDATION,0.69,0.6943419930901422,0.7622222222222221,0.6290909090909091,0.685141024449959,4,0.001,0.0,0.5,9,resize_small_hu_m600_1500_separadas
MEAN,TEST,0.5680000000000001,0.5606747046644746,0.6106060606060606,0.5285714285714286,0.5249460626619885,4,0.001,0.0,0.5,9,resize_small_hu_m600_1500_separadas
1,VALIDATION,0.6,0.5555555555555556,0.5555555555555556,0.6363636363636364,0.5945883900105632,4,0.001,1e-05,0.0,9,resize_small_hu_m600_1500_separadas
1,TEST,0.56,0.5217391304347826,0.5,0.6153846153846154,0.5547001962252291,4,0.001,1e-05,0.0,9,resize_small_hu_m600_1500_separadas
2,VALIDATION,0.75,0.7619047619047619,0.8888888888888888,0.6363636363636364,0.7521014330903549,4,0.001,1e-05,0.0,9,resize_small_hu_m600_1500_separadas
2,TEST,0.52,0.5,0.5,0.5384615384615384,0.5188745216627708,4,0.001,1e-05,0.0,9,resize_small_hu_m600_1500_separadas
3,VALIDATION,0.65,0.6666666666666666,0.7777777777777778,0.5454545454545454,0.6513389472789296,4,0.001,1e-05,0.0,9,resize_small_hu_m600_1500_separadas
3,TEST,0.6,0.5833333333333334,0.5833333333333334,0.6153846153846154,0.5991446895152781,4,0.001,1e-05,0.0,9,resize_small_hu_m600_1500_separadas
4,VALIDATION,0.7,0.7,0.7777777777777778,0.6363636363636364,0.7035264706814485,4,0.001,1e-05,0.0,9,resize_small_hu_m600_1500_separadas
4,TEST,0.52,0.5714285714285714,0.6666666666666666,0.38461538461538464,0.5063696835418333,4,0.001,1e-05,0.0,9,resize_small_hu_m600_1500_separadas
5,VALIDATION,0.7,0.7272727272727273,0.8,0.6,0.6928203230275509,4,0.001,1e-05,0.0,9,resize_small_hu_m600_1500_separadas
5,TEST,0.68,0.6923076923076923,0.8181818181818182,0.5714285714285714,0.6837634587578277,4,0.001,1e-05,0.0,9,resize_small_hu_m600_1500_separadas
MEAN,VALIDATION,0.68,0.6822799422799424,0.76,0.610909090909091,0.6788751128177694,4,0.001,1e-05,0.0,9,resize_small_hu_m600_1500_separadas
MEAN,TEST,0.5760000000000001,0.573761745500876,0.6136363636363636,0.5450549450549451,0.5725705099405878,4,0.001,1e-05,0.0,9,resize_small_hu_m600_1500_separadas
1,VALIDATION,0.5,0.5454545454545454,0.6666666666666666,0.36363636363636365,0.49236596391733095,4,0.001,1e-05,0.3,9,resize_small_hu_m600_1500_separadas
1,TEST,0.6,0.6428571428571429,0.75,0.46153846153846156,0.5883484054145521,4,0.001,1e-05,0.3,9,resize_small_hu_m600_1500_separadas
2,VALIDATION,0.75,0.7619047619047619,0.8888888888888888,0.6363636363636364,0.7521014330903549,4,0.001,1e-05,0.3,9,resize_small_hu_m600_1500_separadas
2,TEST,0.56,0.56,0.5833333333333334,0.5384615384615384,0.560448538317805,4,0.001,1e-05,0.3,9,resize_small_hu_m600_1500_separadas
3,VALIDATION,0.65,0.631578947368421,0.6666666666666666,0.6363636363636364,0.6513389472789296,4,0.001,1e-05,0.3,9,resize_small_hu_m600_1500_separadas
3,TEST,0.44,0.5882352941176471,0.8333333333333334,0.07692307692307693,0.25318484177091666,4,0.001,1e-05,0.3,9,resize_small_hu_m600_1500_separadas
4,VALIDATION,0.7,0.7,0.7777777777777778,0.6363636363636364,0.7035264706814485,4,0.001,1e-05,0.3,9,resize_small_hu_m600_1500_separadas
4,TEST,0.52,0.6666666666666666,1.0,0.07692307692307693,0.2773500981126146,4,0.001,1e-05,0.3,9,resize_small_hu_m600_1500_separadas
5,VALIDATION,0.7,0.7272727272727273,0.8,0.6,0.6928203230275509,4,0.001,1e-05,0.3,9,resize_small_hu_m600_1500_separadas
5,TEST,0.64,0.6666666666666666,0.8181818181818182,0.5,0.6396021490668313,4,0.001,1e-05,0.3,9,resize_small_hu_m600_1500_separadas
MEAN,VALIDATION,0.6599999999999999,0.6732421964000912,0.76,0.5745454545454545,0.658430627599123,4,0.001,1e-05,0.3,9,resize_small_hu_m600_1500_separadas
MEAN,TEST,0.552,0.6248851540616246,0.7969696969696971,0.33076923076923076,0.4637868065365439,4,0.001,1e-05,0.3,9,resize_small_hu_m600_1500_separadas
1,VALIDATION,0.6,0.5555555555555556,0.5555555555555556,0.6363636363636364,0.5945883900105632,4,0.001,1e-05,0.5,9,resize_small_hu_m600_1500_separadas
1,TEST,0.52,0.3333333333333333,0.25,0.7692307692307693,0.4385290096535146,4,0.001,1e-05,0.5,9,resize_small_hu_m600_1500_separadas
2,VALIDATION,0.75,0.7619047619047619,0.8888888888888888,0.6363636363636364,0.7521014330903549,4,0.001,1e-05,0.5,9,resize_small_hu_m600_1500_separadas
2,TEST,0.6,0.6153846153846154,0.6666666666666666,0.5384615384615384,0.599144689515278,4,0.001,1e-05,0.5,9,resize_small_hu_m600_1500_separadas
3,VALIDATION,0.6,0.6,0.6666666666666666,0.5454545454545454,0.6030226891555273,4,0.001,1e-05,0.5,9,resize_small_hu_m600_1500_separadas
3,TEST,0.68,0.7333333333333333,0.9166666666666666,0.46153846153846156,0.6504436355879909,4,0.001,1e-05,0.5,9,resize_small_hu_m600_1500_separadas
4,VALIDATION,0.75,0.7058823529411765,0.6666666666666666,0.8181818181818182,0.7385489458759964,4,0.001,1e-05,0.5,9,resize_small_hu_m600_1500_separadas
4,TEST,0.56,0.56,0.5833333333333334,0.5384615384615384,0.560448538317805,4,0.001,1e-05,0.5,9,resize_small_hu_m600_1500_separadas
5,VALIDATION,0.7,0.7,0.7,0.7,0.7,4,0.001,1e-05,0.5,9,resize_small_hu_m600_1500_separadas
5,TEST,0.52,0.5,0.5454545454545454,0.5,0.5222329678670935,4,0.001,1e-05,0.5,9,resize_small_hu_m600_1500_separadas
MEAN,VALIDATION,0.68,0.6646685340802987,0.6955555555555556,0.6672727272727272,0.6776522916264884,4,0.001,1e-05,0.5,9,resize_small_hu_m600_1500_separadas
MEAN,TEST,0.5760000000000001,0.5484102564102564,0.5924242424242424,0.5615384615384615,0.5541597681883363,4,0.001,1e-05,0.5,9,resize_small_hu_m600_1500_separadas
1,VALIDATION,0.65,0.6666666666666666,0.7777777777777778,0.5454545454545454,0.6513389472789296,8,0.001,0.0,0.0,9,resize_small_hu_m600_1500_separadas
1,TEST,0.48,0.48,0.5,0.46153846153846156,0.4803844614152614,8,0.001,0.0,0.0,9,resize_small_hu_m600_1500_separadas
2,VALIDATION,0.75,0.7619047619047619,0.8888888888888888,0.6363636363636364,0.7521014330903549,8,0.001,0.0,0.0,9,resize_small_hu_m600_1500_separadas
2,TEST,0.56,0.56,0.5833333333333334,0.5384615384615384,0.560448538317805,8,0.001,0.0,0.0,9,resize_small_hu_m600_1500_separadas
3,VALIDATION,0.6,0.6,0.6666666666666666,0.5454545454545454,0.6030226891555273,8,0.001,0.0,0.0,9,resize_small_hu_m600_1500_separadas
3,TEST,0.52,0.5,0.5,0.5384615384615384,0.5188745216627708,8,0.001,0.0,0.0,9,resize_small_hu_m600_1500_separadas
4,VALIDATION,0.65,0.631578947368421,0.6666666666666666,0.6363636363636364,0.6513389472789296,8,0.001,0.0,0.0,9,resize_small_hu_m600_1500_separadas
4,TEST,0.48,0.5517241379310345,0.6666666666666666,0.3076923076923077,0.4529108136578383,8,0.001,0.0,0.0,9,resize_small_hu_m600_1500_separadas
5,VALIDATION,0.7,0.7,0.7,0.7,0.7,8,0.001,0.0,0.0,9,resize_small_hu_m600_1500_separadas
5,TEST,0.68,0.6363636363636364,0.6363636363636364,0.7142857142857143,0.674199862463242,8,0.001,0.0,0.0,9,resize_small_hu_m600_1500_separadas
MEAN,VALIDATION,0.6699999999999999,0.67203007518797,0.7399999999999999,0.6127272727272727,0.6715604033607482,8,0.001,0.0,0.0,9,resize_small_hu_m600_1500_separadas
MEAN,TEST,0.544,0.5456175548589342,0.5772727272727273,0.512087912087912,0.5373636395033834,8,0.001,0.0,0.0,9,resize_small_hu_m600_1500_separadas
1,VALIDATION,0.5,0.5454545454545454,0.6666666666666666,0.36363636363636365,0.49236596391733095,8,0.001,0.0,0.3,9,resize_small_hu_m600_1500_separadas
1,TEST,0.64,0.6896551724137931,0.8333333333333334,0.46153846153846156,0.6201736729460423,8,0.001,0.0,0.3,9,resize_small_hu_m600_1500_separadas
2,VALIDATION,0.8,0.8,0.8888888888888888,0.7272727272727273,0.8040302522073697,8,0.001,0.0,0.3,9,resize_small_hu_m600_1500_separadas
2,TEST,0.6,0.5454545454545454,0.5,0.6923076923076923,0.5883484054145521,8,0.001,0.0,0.3,9,resize_small_hu_m600_1500_separadas
3,VALIDATION,0.55,0.5263157894736842,0.5555555555555556,0.5454545454545454,0.5504818825631803,8,0.001,0.0,0.3,9,resize_small_hu_m600_1500_separadas
3,TEST,0.76,0.7692307692307693,0.8333333333333334,0.6923076923076923,0.75955452531275,8,0.001,0.0,0.3,9,resize_small_hu_m600_1500_separadas
4,VALIDATION,0.65,0.631578947368421,0.6666666666666666,0.6363636363636364,0.6513389472789296,8,0.001,0.0,0.3,9,resize_small_hu_m600_1500_separadas
4,TEST,0.52,0.5714285714285714,0.6666666666666666,0.38461538461538464,0.5063696835418333,8,0.001,0.0,0.3,9,resize_small_hu_m600_1500_separadas
5,VALIDATION,0.7,0.7272727272727273,0.8,0.6,0.6928203230275509,8,0.001,0.0,0.3,9,resize_small_hu_m600_1500_separadas
5,TEST,0.64,0.6666666666666666,0.8181818181818182,0.5,0.6396021490668313,8,0.001,0.0,0.3,9,resize_small_hu_m600_1500_separadas
MEAN,VALIDATION,0.64,0.6461244019138757,0.7155555555555555,0.5745454545454545,0.6382074737988723,8,0.001,0.0,0.3,9,resize_small_hu_m600_1500_separadas
MEAN,TEST,0.632,0.6484871450388691,0.7303030303030303,0.5461538461538462,0.6228096872564018,8,0.001,0.0,0.3,9,resize_small_hu_m600_1500_separadas
1,VALIDATION,0.55,0.5263157894736842,0.5555555555555556,0.5454545454545454,0.5504818825631803,8,0.001,0.0,0.5,9,resize_small_hu_m600_1500_separadas
1,TEST,0.72,0.72,0.75,0.6923076923076923,0.7205766921228921,8,0.001,0.0,0.5,9,resize_small_hu_m600_1500_separadas
2,VALIDATION,0.8,0.8,0.8888888888888888,0.7272727272727273,0.8040302522073697,8,0.001,0.0,0.5,9,resize_small_hu_m600_1500_separadas
2,TEST,0.56,0.56,0.5833333333333334,0.5384615384615384,0.560448538317805,8,0.001,0.0,0.5,9,resize_small_hu_m600_1500_separadas
3,VALIDATION,0.55,0.64,0.8888888888888888,0.2727272727272727,0.4923659639173309,8,0.001,0.0,0.5,9,resize_small_hu_m600_1500_separadas
3,TEST,0.64,0.7096774193548387,0.9166666666666666,0.38461538461538464,0.5937710859953544,8,0.001,0.0,0.5,9,resize_small_hu_m600_1500_separadas
4,VALIDATION,0.6,0.6363636363636364,0.7777777777777778,0.45454545454545453,0.5945883900105632,8,0.001,0.0,0.5,9,resize_small_hu_m600_1500_separadas
4,TEST,0.52,0.625,0.8333333333333334,0.23076923076923078,0.4385290096535146,8,0.001,0.0,0.5,9,resize_small_hu_m600_1500_separadas
5,VALIDATION,0.7,0.7,0.7,0.7,0.7,8,0.001,0.0,0.5,9,resize_small_hu_m600_1500_separadas
5,TEST,0.72,0.6956521739130435,0.7272727272727273,0.7142857142857143,0.7207499701564473,8,0.001,0.0,0.5,9,resize_small_hu_m600_1500_separadas
MEAN,VALIDATION,0.64,0.6605358851674641,0.7622222222222221,0.54,0.6282932977396888,8,0.001,0.0,0.5,9,resize_small_hu_m600_1500_separadas
MEAN,TEST,0.632,0.6620659186535764,0.7621212121212121,0.5120879120879122,0.6068150592492026,8,0.001,0.0,0.5,9,resize_small_hu_m600_1500_separadas
1,VALIDATION,0.65,0.6666666666666666,0.7777777777777778,0.5454545454545454,0.6513389472789296,8,0.001,1e-05,0.0,9,resize_small_hu_m600_1500_separadas
1,TEST,0.72,0.6956521739130435,0.6666666666666666,0.7692307692307693,0.7161148740394329,8,0.001,1e-05,0.0,9,resize_small_hu_m600_1500_separadas
2,VALIDATION,0.75,0.7368421052631579,0.7777777777777778,0.7272727272727273,0.7521014330903549,8,0.001,1e-05,0.0,9,resize_small_hu_m600_1500_separadas
2,TEST,0.56,0.5925925925925926,0.6666666666666666,0.46153846153846156,0.5547001962252291,8,0.001,1e-05,0.0,9,resize_small_hu_m600_1500_separadas
3,VALIDATION,0.65,0.631578947368421,0.6666666666666666,0.6363636363636364,0.6513389472789296,8,0.001,1e-05,0.0,9,resize_small_hu_m600_1500_separadas
3,TEST,0.6,0.6666666666666666,0.8333333333333334,0.38461538461538464,0.5661385170722979,8,0.001,1e-05,0.0,9,resize_small_hu_m600_1500_separadas
4,VALIDATION,0.7,0.7,0.7777777777777778,0.6363636363636364,0.7035264706814485,8,0.001,1e-05,0.0,9,resize_small_hu_m600_1500_separadas
4,TEST,0.4,0.4444444444444444,0.5,0.3076923076923077,0.3922322702763681,8,0.001,1e-05,0.0,9,resize_small_hu_m600_1500_separadas
5,VALIDATION,0.65,0.6666666666666666,0.7,0.6,0.648074069840786,8,0.001,1e-05,0.0,9,resize_small_hu_m600_1500_separadas
5,TEST,0.64,0.6086956521739131,0.6363636363636364,0.6428571428571429,0.6396021490668313,8,0.001,1e-05,0.0,9,resize_small_hu_m600_1500_separadas
MEAN,VALIDATION,0.6799999999999999,0.6803508771929825,0.74,0.6290909090909091,0.6812759736340898,8,0.001,1e-05,0.0,9,resize_small_hu_m600_1500_separadas
MEAN,TEST,0.584,0.601610305958132,0.6606060606060605,0.5131868131868133,0.5737576013360319,8,0.001,1e-05,0.0,9,resize_small_hu_m600_1500_separadas
1,VALIDATION,0.5,0.5454545454545454,0.6666666666666666,0.36363636363636365,0.49236596391733095,8,0.001,1e-05,0.3,9,resize_small_hu_m600_1500_separadas
1,TEST,0.64,0.6666666666666666,0.75,0.5384615384615384,0.6354889093022426,8,0.001,1e-05,0.3,9,resize_small_hu_m600_1500_separadas
2,VALIDATION,0.8,0.8,0.8888888888888888,0.7272727272727273,0.8040302522073697,8,0.001,1e-05,0.3,9,resize_small_hu_m600_1500_separadas
2,TEST,0.6,0.5833333333333334,0.5833333333333334,0.6153846153846154,0.5991446895152781,8,0.001,1e-05,0.3,9,resize_small_hu_m600_1500_separadas
3,VALIDATION,0.8,0.8,0.8888888888888888,0.7272727272727273,0.8040302522073697,8,0.001,1e-05,0.3,9,resize_small_hu_m600_1500_separadas
3,TEST,0.64,0.6896551724137931,0.8333333333333334,0.46153846153846156,0.6201736729460423,8,0.001,1e-05,0.3,9,resize_small_hu_m600_1500_separadas
4,VALIDATION,0.7,0.7,0.7777777777777778,0.6363636363636364,0.7035264706814485,8,0.001,1e-05,0.3,9,resize_small_hu_m600_1500_separadas
4,TEST,0.4,0.5454545454545454,0.75,0.07692307692307693,0.2401922307076307,8,0.001,1e-05,0.3,9,resize_small_hu_m600_1500_separadas
5,VALIDATION,0.7,0.7272727272727273,0.8,0.6,0.6928203230275509,8,0.001,1e-05,0.3,9,resize_small_hu_m600_1500_separadas
5,TEST,0.64,0.6666666666666666,0.8181818181818182,0.5,0.6396021490668313,8,0.001,1e-05,0.3,9,resize_small_hu_m600_1500_separadas
MEAN,VALIDATION,0.7,0.7145454545454546,0.8044444444444444,0.610909090909091,0.6993546524082139,8,0.001,1e-05,0.3,9,resize_small_hu_m600_1500_separadas
MEAN,TEST,0.584,0.630355276907001,0.7469696969696971,0.4384615384615385,0.546920330307605,8,0.001,1e-05,0.3,9,resize_small_hu_m600_1500_separadas
1,VALIDATION,0.65,0.631578947368421,0.6666666666666666,0.6363636363636364,0.6513389472789296,8,0.001,1e-05,0.5,9,resize_small_hu_m600_1500_separadas
1,TEST,0.64,0.6086956521739131,0.5833333333333334,0.6923076923076923,0.6354889093022426,8,0.001,1e-05,0.5,9,resize_small_hu_m600_1500_separadas
2,VALIDATION,0.75,0.782608695652174,1.0,0.5454545454545454,0.7385489458759964,8,0.001,1e-05,0.5,9,resize_small_hu_m600_1500_separadas
2,TEST,0.52,0.6,0.75,0.3076923076923077,0.4803844614152614,8,0.001,1e-05,0.5,9,resize_small_hu_m600_1500_separadas
3,VALIDATION,0.5,0.5833333333333334,0.7777777777777778,0.2727272727272727,0.4605661864718383,8,0.001,1e-05,0.5,9,resize_small_hu_m600_1500_separadas
3,TEST,0.6,0.6875,0.9166666666666666,0.3076923076923077,0.5310850045437944,8,0.001,1e-05,0.5,9,resize_small_hu_m600_1500_separadas
4,VALIDATION,0.6,0.6,0.6666666666666666,0.5454545454545454,0.6030226891555273,8,0.001,1e-05,0.5,9,resize_small_hu_m600_1500_separadas
4,TEST,0.52,0.6470588235294118,0.9166666666666666,0.15384615384615385,0.3755338080994054,8,0.001,1e-05,0.5,9,resize_small_hu_m600_1500_separadas
5,VALIDATION,0.75,0.7058823529411765,0.6,0.9,0.7348469228349535,8,0.001,1e-05,0.5,9,resize_small_hu_m600_1500_separadas
5,TEST,0.64,0.5714285714285714,0.5454545454545454,0.7142857142857143,0.6241877839323592,8,0.001,1e-05,0.5,9,resize_small_hu_m600_1500_separadas
MEAN,VALIDATION,0.65,0.6606806658590211,0.7422222222222221,0.58,0.6376647383234489,8,0.001,1e-05,0.5,9,resize_small_hu_m600_1500_separadas
MEAN,TEST,0.5840000000000001,0.6229366094263792,0.7424242424242424,0.43516483516483523,0.5293359934586126,8,0.001,1e-05,0.5,9,resize_small_hu_m600_1500_separadas
1,VALIDATION,0.6,0.6,0.6666666666666666,0.5454545454545454,0.6030226891555273,4,0.001,0.0,0.0,9,resize_cube64_hu_m600_1500
1,TEST,0.56,0.56,0.5833333333333334,0.5384615384615384,0.560448538317805,4,0.001,0.0,0.0,9,resize_cube64_hu_m600_1500
2,VALIDATION,0.75,0.7619047619047619,0.8888888888888888,0.6363636363636364,0.7521014330903549,4,0.001,0.0,0.0,9,resize_cube64_hu_m600_1500
2,TEST,0.52,0.45454545454545453,0.4166666666666667,0.6153846153846154,0.5063696835418333,4,0.001,0.0,0.0,9,resize_cube64_hu_m600_1500
3,VALIDATION,0.6,0.6,0.6666666666666666,0.5454545454545454,0.6030226891555273,4,0.001,0.0,0.0,9,resize_cube64_hu_m600_1500
3,TEST,0.68,0.7333333333333333,0.9166666666666666,0.46153846153846156,0.6504436355879909,4,0.001,0.0,0.0,9,resize_cube64_hu_m600_1500
4,VALIDATION,0.5,0.5,0.5555555555555556,0.45454545454545453,0.502518907629606,4,0.001,0.0,0.0,9,resize_cube64_hu_m600_1500
4,TEST,0.4,0.5454545454545454,0.75,0.07692307692307693,0.2401922307076307,4,0.001,0.0,0.0,9,resize_cube64_hu_m600_1500
5,VALIDATION,0.6,0.6,0.6,0.6,0.6,4,0.001,0.0,0.0,9,resize_cube64_hu_m600_1500
5,TEST,0.68,0.6363636363636364,0.6363636363636364,0.7142857142857143,0.674199862463242,4,0.001,0.0,0.0,9,resize_cube64_hu_m600_1500
MEAN,VALIDATION,0.6100000000000001,0.6123809523809525,0.6755555555555556,0.5563636363636364,0.6121331438062032,4,0.001,0.0,0.0,9,resize_cube64_hu_m600_1500
MEAN,TEST,0.5680000000000001,0.585939393939394,0.6606060606060605,0.4813186813186813,0.5263307901237003,4,0.001,0.0,0.0,9,resize_cube64_hu_m600_1500
1,VALIDATION,0.6,0.5,0.4444444444444444,0.7272727272727273,0.5685352436149611,4,0.001,0.0,0.3,9,resize_cube64_hu_m600_1500
1,TEST,0.72,0.6666666666666666,0.5833333333333334,0.8461538461538461,0.7025594235292439,4,0.001,0.0,0.3,9,resize_cube64_hu_m600_1500
2,VALIDATION,0.7,0.7,0.7777777777777778,0.6363636363636364,0.7035264706814485,4,0.001,0.0,0.3,9,resize_cube64_hu_m600_1500
2,TEST,0.48,0.23529411764705882,0.16666666666666666,0.7692307692307693,0.35805743701971643,4,0.001,0.0,0.3,9,resize_cube64_hu_m600_1500
3,VALIDATION,0.6,0.6363636363636364,0.7777777777777778,0.45454545454545453,0.5945883900105632,4,0.001,0.0,0.3,9,resize_cube64_hu_m600_1500
3,TEST,0.64,0.64,0.6666666666666666,0.6153846153846154,0.6405126152203485,4,0.001,0.0,0.3,9,resize_cube64_hu_m600_1500
4,VALIDATION,0.6,0.6666666666666666,0.8888888888888888,0.36363636363636365,0.5685352436149611,4,0.001,0.0,0.3,9,resize_cube64_hu_m600_1500
4,TEST,0.52,0.6470588235294118,0.9166666666666666,0.15384615384615385,0.3755338080994054,4,0.001,0.0,0.3,9,resize_cube64_hu_m600_1500
5,VALIDATION,0.65,0.6666666666666666,0.7,0.6,0.648074069840786,4,0.001,0.0,0.3,9,resize_cube64_hu_m600_1500
5,TEST,0.6,0.6153846153846154,0.7272727272727273,0.5,0.6030226891555273,4,0.001,0.0,0.3,9,resize_cube64_hu_m600_1500
MEAN,VALIDATION,0.63,0.6339393939393939,0.7177777777777777,0.5563636363636364,0.6166518835525439,4,0.001,0.0,0.3,9,resize_cube64_hu_m600_1500
MEAN,TEST,0.592,0.5608808446455505,0.6121212121212121,0.5769230769230769,0.5359371946048483,4,0.001,0.0,0.3,9,resize_cube64_hu_m600_1500
1,VALIDATION,0.4,0.5,0.6666666666666666,0.18181818181818182,0.3481553119113957,4,0.001,0.0,0.5,9,resize_cube64_hu_m600_1500
1,TEST,0.56,0.6451612903225806,0.8333333333333334,0.3076923076923077,0.5063696835418333,4,0.001,0.0,0.5,9,resize_cube64_hu_m600_1500
2,VALIDATION,0.75,0.6666666666666666,0.5555555555555556,0.9090909090909091,0.7106690545187014,4,0.001,0.0,0.5,9,resize_cube64_hu_m600_1500
2,TEST,0.48,0.23529411764705882,0.16666666666666666,0.7692307692307693,0.35805743701971643,4,0.001,0.0,0.5,9,resize_cube64_hu_m600_1500
3,VALIDATION,0.6,0.6,0.6666666666666666,0.5454545454545454,0.6030226891555273,4,0.001,0.0,0.5,9,resize_cube64_hu_m600_1500
3,TEST,0.56,0.6451612903225806,0.8333333333333334,0.3076923076923077,0.5063696835418333,4,0.001,0.0,0.5,9,resize_cube64_hu_m600_1500
4,VALIDATION,0.5,0.5833333333333334,0.7777777777777778,0.2727272727272727,0.4605661864718383,4,0.001,0.0,0.5,9,resize_cube64_hu_m600_1500
4,TEST,0.48,0.6486486486486487,1.0,0.0,0.0,4,0.001,0.0,0.5,9,resize_cube64_hu_m600_1500
5,VALIDATION,0.7,0.75,0.9,0.5,0.6708203932499369,4,0.001,0.0,0.5,9,resize_cube64_hu_m600_1500
5,TEST,0.68,0.6666666666666666,0.7272727272727273,0.6428571428571429,0.6837634587578277,4,0.001,0.0,0.5,9,resize_cube64_hu_m600_1500
MEAN,VALIDATION,0.5900000000000001,0.62,0.7133333333333333,0.4818181818181818,0.55864672706148,4,0.001,0.0,0.5,9,resize_cube64_hu_m600_1500
MEAN,TEST,0.552,0.568186402721507,0.7121212121212122,0.40549450549450555,0.4109120525722421,4,0.001,0.0,0.5,9,resize_cube64_hu_m600_1500
1,VALIDATION,0.65,0.5333333333333333,0.4444444444444444,0.8181818181818182,0.6030226891555273,4,0.001,1e-05,0.0,9,resize_cube64_hu_m600_1500
1,TEST,0.64,0.47058823529411764,0.3333333333333333,0.9230769230769231,0.5547001962252291,4,0.001,1e-05,0.0,9,resize_cube64_hu_m600_1500
2,VALIDATION,0.75,0.7058823529411765,0.6666666666666666,0.8181818181818182,0.7385489458759964,4,0.001,1e-05,0.0,9,resize_cube64_hu_m600_1500
2,TEST,0.6,0.5,0.4166666666666667,0.7692307692307693,0.5661385170722979,4,0.001,1e-05,0.0,9,resize_cube64_hu_m600_1500
3,VALIDATION,0.55,0.5263157894736842,0.5555555555555556,0.5454545454545454,0.5504818825631803,4,0.001,1e-05,0.0,9,resize_cube64_hu_m600_1500
3,TEST,0.6,0.6666666666666666,0.8333333333333334,0.38461538461538464,0.5661385170722979,4,0.001,1e-05,0.0,9,resize_cube64_hu_m600_1500
4,VALIDATION,0.6,0.5555555555555556,0.5555555555555556,0.6363636363636364,0.5945883900105632,4,0.001,1e-05,0.0,9,resize_cube64_hu_m600_1500
4,TEST,0.6,0.6666666666666666,0.8333333333333334,0.38461538461538464,0.5661385170722979,4,0.001,1e-05,0.0,9,resize_cube64_hu_m600_1500
5,VALIDATION,0.65,0.72,0.9,0.4,0.6000000000000001,4,0.001,1e-05,0.0,9,resize_cube64_hu_m600_1500
5,TEST,0.68,0.6666666666666666,0.7272727272727273,0.6428571428571429,0.6837634587578277,4,0.001,1e-05,0.0,9,resize_cube64_hu_m600_1500
MEAN,VALIDATION,0.6399999999999999,0.6082174062607498,0.6244444444444445,0.6436363636363636,0.6173283815210534,4,0.001,1e-05,0.0,9,resize_cube64_hu_m600_1500
MEAN,TEST,0.624,0.5941176470588234,0.6287878787878789,0.6208791208791209,0.5873758412399901,4,0.001,1e-05,0.0,9,resize_cube64_hu_m600_1500
1,VALIDATION,0.45,0.47619047619047616,0.5555555555555556,0.36363636363636365,0.44946657497549475,4,0.001,1e-05,0.3,9,resize_cube64_hu_m600_1500
1,TEST,0.64,0.6896551724137931,0.8333333333333334,0.46153846153846156,0.6201736729460423,4,0.001,1e-05,0.3,9,resize_cube64_hu_m600_1500
2,VALIDATION,0.75,0.782608695652174,1.0,0.5454545454545454,0.7385489458759964,4,0.001,1e-05,0.3,9,resize_cube64_hu_m600_1500
2,TEST,0.6,0.6153846153846154,0.6666666666666666,0.5384615384615384,0.599144689515278,4,0.001,1e-05,0.3,9,resize_cube64_hu_m600_1500
3,VALIDATION,0.65,0.5333333333333333,0.4444444444444444,0.8181818181818182,0.6030226891555273,4,0.001,1e-05,0.3,9,resize_cube64_hu_m600_1500
3,TEST,0.6,0.6153846153846154,0.6666666666666666,0.5384615384615384,0.599144689515278,4,0.001,1e-05,0.3,9,resize_cube64_hu_m600_1500
4,VALIDATION,0.65,0.6666666666666666,0.7777777777777778,0.5454545454545454,0.6513389472789296,4,0.001,1e-05,0.3,9,resize_cube64_hu_m600_1500
4,TEST,0.52,0.6666666666666666,1.0,0.07692307692307693,0.2773500981126146,4,0.001,1e-05,0.3,9,resize_cube64_hu_m600_1500
5,VALIDATION,0.65,0.72,0.9,0.4,0.6000000000000001,4,0.001,1e-05,0.3,9,resize_cube64_hu_m600_1500
5,TEST,0.64,0.6666666666666666,0.8181818181818182,0.5,0.6396021490668313,4,0.001,1e-05,0.3,9,resize_cube64_hu_m600_1500
MEAN,VALIDATION,0.63,0.63575983436853,0.7355555555555555,0.5345454545454544,0.6084754314571896,4,0.001,1e-05,0.3,9,resize_cube64_hu_m600_1500
MEAN,TEST,0.6,0.6507515473032714,0.796969696969697,0.423076923076923,0.5470830598312089,4,0.001,1e-05,0.3,9,resize_cube64_hu_m600_1500
1,VALIDATION,0.45,0.56,0.7777777777777778,0.18181818181818182,0.37605071654517747,4,0.001,1e-05,0.5,9,resize_cube64_hu_m600_1500
1,TEST,0.56,0.6666666666666666,0.9166666666666666,0.23076923076923078,0.45993310550389993,4,0.001,1e-05,0.5,9,resize_cube64_hu_m600_1500
2,VALIDATION,0.75,0.7619047619047619,0.8888888888888888,0.6363636363636364,0.7521014330903549,4,0.001,1e-05,0.5,9,resize_cube64_hu_m600_1500
2,TEST,0.48,0.5185185185185185,0.5833333333333334,0.38461538461538464,0.47366546671567095,4,0.001,1e-05,0.5,9,resize_cube64_hu_m600_1500
3,VALIDATION,0.5,0.5833333333333334,0.7777777777777778,0.2727272727272727,0.4605661864718383,4,0.001,1e-05,0.5,9,resize_cube64_hu_m600_1500
3,TEST,0.64,0.7096774193548387,0.9166666666666666,0.38461538461538464,0.5937710859953544,4,0.001,1e-05,0.5,9,resize_cube64_hu_m600_1500
4,VALIDATION,0.6,0.42857142857142855,0.3333333333333333,0.8181818181818182,0.5222329678670935,4,0.001,1e-05,0.5,9,resize_cube64_hu_m600_1500
4,TEST,0.52,0.4,0.3333333333333333,0.6923076923076923,0.48038446141526137,4,0.001,1e-05,0.5,9,resize_cube64_hu_m600_1500
5,VALIDATION,0.7,0.7272727272727273,0.8,0.6,0.6928203230275509,4,0.001,1e-05,0.5,9,resize_cube64_hu_m600_1500
5,TEST,0.68,0.6923076923076923,0.8181818181818182,0.5714285714285714,0.6837634587578277,4,0.001,1e-05,0.5,9,resize_cube64_hu_m600_1500
MEAN,VALIDATION,0.6,0.6122164502164502,0.7155555555555555,0.5018181818181818,0.560754325400403,4,0.001,1e-05,0.5,9,resize_cube64_hu_m600_1500
MEAN,TEST,0.5760000000000001,0.5974340593695432,0.7136363636363636,0.45274725274725275,0.5383035156776029,4,0.001,1e-05,0.5,9,resize_cube64_hu_m600_1500
1,VALIDATION,0.7,0.7272727272727273,0.8888888888888888,0.5454545454545454,0.6963106238227913,8,0.001,0.0,0.0,9,resize_cube64_hu_m600_1500
1,TEST,0.52,0.5714285714285714,0.6666666666666666,0.38461538461538464,0.5063696835418333,8,0.001,0.0,0.0,9,resize_cube64_hu_m600_1500
2,VALIDATION,0.75,0.7368421052631579,0.7777777777777778,0.7272727272727273,0.7521014330903549,8,0.001,0.0,0.0,9,resize_cube64_hu_m600_1500
2,TEST,0.56,0.42105263157894735,0.3333333333333333,0.7692307692307693,0.5063696835418333,8,0.001,0.0,0.0,9,resize_cube64_hu_m600_1500
3,VALIDATION,0.65,0.6956521739130435,0.8888888888888888,0.45454545454545453,0.6356417261637282,8,0.001,0.0,0.0,9,resize_cube64_hu_m600_1500
3,TEST,0.68,0.7333333333333333,0.9166666666666666,0.46153846153846156,0.6504436355879909,8,0.001,0.0,0.0,9,resize_cube64_hu_m600_1500
4,VALIDATION,0.6,0.5555555555555556,0.5555555555555556,0.6363636363636364,0.5945883900105632,8,0.001,0.0,0.0,9,resize_cube64_hu_m600_1500
4,TEST,0.52,0.6470588235294118,0.9166666666666666,0.15384615384615385,0.3755338080994054,8,0.001,0.0,0.0,9,resize_cube64_hu_m600_1500
5,VALIDATION,0.65,0.6956521739130435,0.8,0.5,0.6324555320336759,8,0.001,0.0,0.0,9,resize_cube64_hu_m600_1500
5,TEST,0.8,0.7619047619047619,0.7272727272727273,0.8571428571428571,0.7895420339517227,8,0.001,0.0,0.0,9,resize_cube64_hu_m600_1500
MEAN,VALIDATION,0.67,0.6821949471835056,0.7822222222222222,0.5727272727272728,0.6622195410242228,8,0.001,0.0,0.0,9,resize_cube64_hu_m600_1500
MEAN,TEST,0.616,0.6269556243550051,0.7121212121212122,0.5252747252747253,0.5656517689445572,8,0.001,0.0,0.0,9,resize_cube64_hu_m600_1500
1,VALIDATION,0.45,0.5217391304347826,0.6666666666666666,0.2727272727272727,0.42640143271122083,8,0.001,0.0,0.3,9,resize_cube64_hu_m600_1500
1,TEST,0.6,0.6875,0.9166666666666666,0.3076923076923077,0.5310850045437944,8,0.001,0.0,0.3,9,resize_cube64_hu_m600_1500
2,VALIDATION,0.7,0.75,1.0,0.45454545454545453,0.674199862463242,8,0.001,0.0,0.3,9,resize_cube64_hu_m600_1500
2,TEST,0.56,0.6451612903225806,0.8333333333333334,0.3076923076923077,0.5063696835418333,8,0.001,0.0,0.3,9,resize_cube64_hu_m600_1500
3,VALIDATION,0.7,0.7,0.7777777777777778,0.6363636363636364,0.7035264706814485,8,0.001,0.0,0.3,9,resize_cube64_hu_m600_1500
3,TEST,0.56,0.6451612903225806,0.8333333333333334,0.3076923076923077,0.5063696835418333,8,0.001,0.0,0.3,9,resize_cube64_hu_m600_1500
4,VALIDATION,0.6,0.5,0.4444444444444444,0.7272727272727273,0.5685352436149611,8,0.001,0.0,0.3,9,resize_cube64_hu_m600_1500
4,TEST,0.48,0.43478260869565216,0.4166666666666667,0.5384615384615384,0.47366546671567095,8,0.001,0.0,0.3,9,resize_cube64_hu_m600_1500
5,VALIDATION,0.75,0.7058823529411765,0.6,0.9,0.7348469228349535,8,0.001,0.0,0.3,9,resize_cube64_hu_m600_1500
5,TEST,0.6,0.4444444444444444,0.36363636363636365,0.7857142857142857,0.5345224838248488,8,0.001,0.0,0.3,9,resize_cube64_hu_m600_1500
MEAN,VALIDATION,0.6399999999999999,0.6355242966751918,0.6977777777777777,0.5981818181818181,0.6215019864611652,8,0.001,0.0,0.3,9,resize_cube64_hu_m600_1500
MEAN,TEST,0.56,0.5714099267570516,0.6727272727272727,0.44945054945054946,0.5104024644335962,8,0.001,0.0,0.3,9,resize_cube64_hu_m600_1500
1,VALIDATION,0.55,0.6666666666666666,1.0,0.18181818181818182,0.4264014327112209,8,0.001,0.0,0.5,9,resize_cube64_hu_m600_1500
1,TEST,0.48,0.6285714285714286,0.9166666666666666,0.07692307692307693,0.2655425022718972,8,0.001,0.0,0.5,9,resize_cube64_hu_m600_1500
2,VALIDATION,0.55,0.6666666666666666,1.0,0.18181818181818182,0.4264014327112209,8,0.001,0.0,0.5,9,resize_cube64_hu_m600_1500
2,TEST,0.56,0.6857142857142857,1.0,0.15384615384615385,0.3922322702763681,8,0.001,0.0,0.5,9,resize_cube64_hu_m600_1500
3,VALIDATION,0.55,0.6086956521739131,0.7777777777777778,0.36363636363636365,0.5318160234783105,8,0.001,0.0,0.5,9,resize_cube64_hu_m600_1500
3,TEST,0.6,0.6666666666666666,0.8333333333333334,0.38461538461538464,0.5661385170722979,8,0.001,0.0,0.5,9,resize_cube64_hu_m600_1500
4,VALIDATION,0.5,0.6153846153846154,0.8888888888888888,0.18181818181818182,0.40201512610368484,8,0.001,0.0,0.5,9,resize_cube64_hu_m600_1500
4,TEST,0.48,0.6486486486486487,1.0,0.0,0.0,8,0.001,0.0,0.5,9,resize_cube64_hu_m600_1500
5,VALIDATION,0.8,0.8,0.8,0.8,0.8,8,0.001,0.0,0.5,9,resize_cube64_hu_m600_1500
5,TEST,0.68,0.6363636363636364,0.6363636363636364,0.7142857142857143,0.674199862463242,8,0.001,0.0,0.5,9,resize_cube64_hu_m600_1500
MEAN,VALIDATION,0.5900000000000001,0.6714827201783724,0.8933333333333333,0.34181818181818185,0.5173268030008874,8,0.001,0.0,0.5,9,resize_cube64_hu_m600_1500
MEAN,TEST,0.56,0.6531929331929331,0.8772727272727273,0.265934065934066,0.37962263041676103,8,0.001,0.0,0.5,9,resize_cube64_hu_m600_1500
1,VALIDATION,0.6,0.5555555555555556,0.5555555555555556,0.6363636363636364,0.5945883900105632,8,0.001,1e-05,0.0,9,resize_cube64_hu_m600_1500
1,TEST,0.56,0.56,0.5833333333333334,0.5384615384615384,0.560448538317805,8,0.001,1e-05,0.0,9,resize_cube64_hu_m600_1500
2,VALIDATION,0.75,0.7368421052631579,0.7777777777777778,0.7272727272727273,0.7521014330903549,8,0.001,1e-05,0.0,9,resize_cube64_hu_m600_1500
2,TEST,0.44,0.3,0.25,0.6153846153846154,0.3922322702763681,8,0.001,1e-05,0.0,9,resize_cube64_hu_m600_1500
3,VALIDATION,0.7,0.625,0.5555555555555556,0.8181818181818182,0.6741998624632421,8,0.001,1e-05,0.0,9,resize_cube64_hu_m600_1500
3,TEST,0.56,0.56,0.5833333333333334,0.5384615384615384,0.560448538317805,8,0.001,1e-05,0.0,9,resize_cube64_hu_m600_1500
4,VALIDATION,0.65,0.5882352941176471,0.5555555555555556,0.7272727272727273,0.6356417261637283,8,0.001,1e-05,0.0,9,resize_cube64_hu_m600_1500
4,TEST,0.6,0.5833333333333334,0.5833333333333334,0.6153846153846154,0.5991446895152781,8,0.001,1e-05,0.0,9,resize_cube64_hu_m600_1500
5,VALIDATION,0.65,0.6666666666666666,0.7,0.6,0.648074069840786,8,0.001,1e-05,0.0,9,resize_cube64_hu_m600_1500
5,TEST,0.68,0.6363636363636364,0.6363636363636364,0.7142857142857143,0.674199862463242,8,0.001,1e-05,0.0,9,resize_cube64_hu_m600_1500
MEAN,VALIDATION,0.6699999999999999,0.6344599243206054,0.6288888888888889,0.7018181818181819,0.660921096313735,8,0.001,1e-05,0.0,9,resize_cube64_hu_m600_1500
MEAN,TEST,0.5680000000000001,0.5279393939393939,0.5272727272727272,0.6043956043956044,0.5572947797780996,8,0.001,1e-05,0.0,9,resize_cube64_hu_m600_1500
1,VALIDATION,0.45,0.47619047619047616,0.5555555555555556,0.36363636363636365,0.44946657497549475,8,0.001,1e-05,0.3,9,resize_cube64_hu_m600_1500
1,TEST,0.64,0.7096774193548387,0.9166666666666666,0.38461538461538464,0.5937710859953544,8,0.001,1e-05,0.3,9,resize_cube64_hu_m600_1500
2,VALIDATION,0.7,0.6666666666666666,0.6666666666666666,0.7272727272727273,0.6963106238227914,8,0.001,1e-05,0.3,9,resize_cube64_hu_m600_1500
2,TEST,0.48,0.3157894736842105,0.25,0.6923076923076923,0.41602514716892186,8,0.001,1e-05,0.3,9,resize_cube64_hu_m600_1500
3,VALIDATION,0.65,0.6956521739130435,0.8888888888888888,0.45454545454545453,0.6356417261637282,8,0.001,1e-05,0.3,9,resize_cube64_hu_m600_1500
3,TEST,0.64,0.6896551724137931,0.8333333333333334,0.46153846153846156,0.6201736729460423,8,0.001,1e-05,0.3,9,resize_cube64_hu_m600_1500
4,VALIDATION,0.6,0.6923076923076923,1.0,0.2727272727272727,0.5222329678670935,8,0.001,1e-05,0.3,9,resize_cube64_hu_m600_1500
4,TEST,0.52,0.6470588235294118,0.9166666666666666,0.15384615384615385,0.3755338080994054,8,0.001,1e-05,0.3,9,resize_cube64_hu_m600_1500
5,VALIDATION,0.65,0.631578947368421,0.6,0.7,0.648074069840786,8,0.001,1e-05,0.3,9,resize_cube64_hu_m600_1500
5,TEST,0.76,0.7,0.6363636363636364,0.8571428571428571,0.7385489458759964,8,0.001,1e-05,0.3,9,resize_cube64_hu_m600_1500
MEAN,VALIDATION,0.61,0.63247919128926,0.7422222222222222,0.5036363636363637,0.5903451925339788,8,0.001,1e-05,0.3,9,resize_cube64_hu_m600_1500
MEAN,TEST,0.608,0.6124361777964508,0.7106060606060606,0.5098901098901099,0.548810532017144,8,0.001,1e-05,0.3,9,resize_cube64_hu_m600_1500
1,VALIDATION,0.5,0.6428571428571429,1.0,0.09090909090909091,0.30151134457776363,8,0.001,1e-05,0.5,9,resize_cube64_hu_m600_1500
1,TEST,0.48,0.6285714285714286,0.9166666666666666,0.07692307692307693,0.2655425022718972,8,0.001,1e-05,0.5,9,resize_cube64_hu_m600_1500
2,VALIDATION,0.65,0.6956521739130435,0.8888888888888888,0.45454545454545453,0.6356417261637282,8,0.001,1e-05,0.5,9,resize_cube64_hu_m600_1500
2,TEST,0.44,0.5,0.5833333333333334,0.3076923076923077,0.42365927286816174,8,0.001,1e-05,0.5,9,resize_cube64_hu_m600_1500
3,VALIDATION,0.5,0.6153846153846154,0.8888888888888888,0.18181818181818182,0.40201512610368484,8,0.001,1e-05,0.5,9,resize_cube64_hu_m600_1500
3,TEST,0.56,0.6666666666666666,0.9166666666666666,0.23076923076923078,0.45993310550389993,8,0.001,1e-05,0.5,9,resize_cube64_hu_m600_1500
4,VALIDATION,0.6,0.6363636363636364,0.7777777777777778,0.45454545454545453,0.5945883900105632,8,0.001,1e-05,0.5,9,resize_cube64_hu_m600_1500
4,TEST,0.44,0.5882352941176471,0.8333333333333334,0.07692307692307693,0.25318484177091666,8,0.001,1e-05,0.5,9,resize_cube64_hu_m600_1500
5,VALIDATION,0.65,0.6956521739130435,0.8,0.5,0.6324555320336759,8,0.001,1e-05,0.5,9,resize_cube64_hu_m600_1500
5,TEST,0.64,0.6666666666666666,0.8181818181818182,0.5,0.6396021490668313,8,0.001,1e-05,0.5,9,resize_cube64_hu_m600_1500
MEAN,VALIDATION,0.58,0.6571819484862963,0.8711111111111111,0.33636363636363636,0.5132424237778832,8,0.001,1e-05,0.5,9,resize_cube64_hu_m600_1500
MEAN,TEST,0.512,0.6100280112044818,0.8136363636363637,0.23846153846153845,0.40838437429634133,8,0.001,1e-05,0.5,9,resize_cube64_hu_m600_1500
1,VALIDATION,0.55,0.5263157894736842,0.5555555555555556,0.5454545454545454,0.5504818825631803,16,0.001,0.0,0.0,9,resize_cube64_hu_m600_1500
1,TEST,0.72,0.6956521739130435,0.6666666666666666,0.7692307692307693,0.7161148740394329,16,0.001,0.0,0.0,9,resize_cube64_hu_m600_1500
2,VALIDATION,0.75,0.7058823529411765,0.6666666666666666,0.8181818181818182,0.7385489458759964,16,0.001,0.0,0.0,9,resize_cube64_hu_m600_1500
2,TEST,0.52,0.25,0.16666666666666666,0.8461538461538461,0.3755338080994054,16,0.001,0.0,0.0,9,resize_cube64_hu_m600_1500
3,VALIDATION,0.65,0.6666666666666666,0.7777777777777778,0.5454545454545454,0.6513389472789296,16,0.001,0.0,0.0,9,resize_cube64_hu_m600_1500
3,TEST,0.6,0.6428571428571429,0.75,0.46153846153846156,0.5883484054145521,16,0.001,0.0,0.0,9,resize_cube64_hu_m600_1500
4,VALIDATION,0.55,0.6086956521739131,0.7777777777777778,0.36363636363636365,0.5318160234783105,16,0.001,0.0,0.0,9,resize_cube64_hu_m600_1500
4,TEST,0.48,0.5806451612903226,0.75,0.23076923076923078,0.41602514716892186,16,0.001,0.0,0.0,9,resize_cube64_hu_m600_1500
5,VALIDATION,0.55,0.5714285714285714,0.6,0.5,0.5477225575051661,16,0.001,0.0,0.0,9,resize_cube64_hu_m600_1500
5,TEST,0.64,0.5714285714285714,0.5454545454545454,0.7142857142857143,0.6241877839323592,16,0.001,0.0,0.0,9,resize_cube64_hu_m600_1500
MEAN,VALIDATION,0.61,0.6157978065368024,0.6755555555555556,0.5545454545454546,0.6039816713403166,16,0.001,0.0,0.0,9,resize_cube64_hu_m600_1500
MEAN,TEST,0.592,0.5481166098978161,0.5757575757575757,0.6043956043956045,0.5440420037309343,16,0.001,0.0,0.0,9,resize_cube64_hu_m600_1500
1,VALIDATION,0.6,0.3333333333333333,0.2222222222222222,0.9090909090909091,0.4494665749754947,16,0.001,0.0,0.3,9,resize_cube64_hu_m600_1500
1,TEST,0.52,0.25,0.16666666666666666,0.8461538461538461,0.3755338080994054,16,0.001,0.0,0.3,9,resize_cube64_hu_m600_1500
2,VALIDATION,0.7,0.6666666666666666,0.6666666666666666,0.7272727272727273,0.6963106238227914,16,0.001,0.0,0.3,9,resize_cube64_hu_m600_1500
2,TEST,0.4,0.21052631578947367,0.16666666666666666,0.6153846153846154,0.32025630761017426,16,0.001,0.0,0.3,9,resize_cube64_hu_m600_1500
3,VALIDATION,0.7,0.625,0.5555555555555556,0.8181818181818182,0.6741998624632421,16,0.001,0.0,0.3,9,resize_cube64_hu_m600_1500
3,TEST,0.44,0.4166666666666667,0.4166666666666667,0.46153846153846156,0.4385290096535146,16,0.001,0.0,0.3,9,resize_cube64_hu_m600_1500
4,VALIDATION,0.65,0.46153846153846156,0.3333333333333333,0.9090909090909091,0.5504818825631803,16,0.001,0.0,0.3,9,resize_cube64_hu_m600_1500
4,TEST,0.56,0.47619047619047616,0.4166666666666667,0.6923076923076923,0.5370861555295747,16,0.001,0.0,0.3,9,resize_cube64_hu_m600_1500
5,VALIDATION,0.7,0.6666666666666666,0.6,0.8,0.6928203230275509,16,0.001,0.0,0.3,9,resize_cube64_hu_m600_1500
5,TEST,0.68,0.5,0.36363636363636365,0.9285714285714286,0.5810872031479765,16,0.001,0.0,0.3,9,resize_cube64_hu_m600_1500
MEAN,VALIDATION,0.6699999999999999,0.5506410256410257,0.47555555555555556,0.8327272727272728,0.6126558533704518,16,0.001,0.0,0.3,9,resize_cube64_hu_m600_1500
MEAN,TEST,0.52,0.3706766917293233,0.30606060606060603,0.7087912087912089,0.4504984968081291,16,0.001,0.0,0.3,9,resize_cube64_hu_m600_1500
1,VALIDATION,0.55,0.6666666666666666,1.0,0.18181818181818182,0.4264014327112209,16,0.001,0.0,0.5,9,resize_cube64_hu_m600_1500
1,TEST,0.48,0.6285714285714286,0.9166666666666666,0.07692307692307693,0.2655425022718972,16,0.001,0.0,0.5,9,resize_cube64_hu_m600_1500
2,VALIDATION,0.55,0.6666666666666666,1.0,0.18181818181818182,0.4264014327112209,16,0.001,0.0,0.5,9,resize_cube64_hu_m600_1500
2,TEST,0.48,0.6060606060606061,0.8333333333333334,0.15384615384615385,0.3580574370197165,16,0.001,0.0,0.5,9,resize_cube64_hu_m600_1500
3,VALIDATION,0.5,0.6428571428571429,1.0,0.09090909090909091,0.30151134457776363,16,0.001,0.0,0.5,9,resize_cube64_hu_m600_1500
3,TEST,0.6,0.7058823529411765,1.0,0.23076923076923078,0.4803844614152614,16,0.001,0.0,0.5,9,resize_cube64_hu_m600_1500
4,VALIDATION,0.5,0.6428571428571429,1.0,0.09090909090909091,0.30151134457776363,16,0.001,0.0,0.5,9,resize_cube64_hu_m600_1500
4,TEST,0.48,0.6486486486486487,1.0,0.0,0.0,16,0.001,0.0,0.5,9,resize_cube64_hu_m600_1500
5,VALIDATION,0.75,0.7368421052631579,0.7,0.8,0.7483314773547882,16,0.001,0.0,0.5,9,resize_cube64_hu_m600_1500
5,TEST,0.56,0.42105263157894735,0.36363636363636365,0.7142857142857143,0.5096471914376256,16,0.001,0.0,0.5,9,resize_cube64_hu_m600_1500
MEAN,VALIDATION,0.5700000000000001,0.6711779448621554,0.9400000000000001,0.26909090909090916,0.44083140638655144,16,0.001,0.0,0.5,9,resize_cube64_hu_m600_1500
MEAN,TEST,0.52,0.6020431335601615,0.8227272727272726,0.23516483516483516,0.32272631842890015,16,0.001,0.0,0.5,9,resize_cube64_hu_m600_1500
1,VALIDATION,0.55,0.5263157894736842,0.5555555555555556,0.5454545454545454,0.5504818825631803,16,0.001,1e-05,0.0,9,resize_cube64_hu_m600_1500
1,TEST,0.56,0.5925925925925926,0.6666666666666666,0.46153846153846156,0.5547001962252291,16,0.001,1e-05,0.0,9,resize_cube64_hu_m600_1500
2,VALIDATION,0.75,0.7368421052631579,0.7777777777777778,0.7272727272727273,0.7521014330903549,16,0.001,1e-05,0.0,9,resize_cube64_hu_m600_1500
2,TEST,0.6,0.5454545454545454,0.5,0.6923076923076923,0.5883484054145521,16,0.001,1e-05,0.0,9,resize_cube64_hu_m600_1500
3,VALIDATION,0.65,0.5333333333333333,0.4444444444444444,0.8181818181818182,0.6030226891555273,16,0.001,1e-05,0.0,9,resize_cube64_hu_m600_1500
3,TEST,0.68,0.6363636363636364,0.5833333333333334,0.7692307692307693,0.6698641270570838,16,0.001,1e-05,0.0,9,resize_cube64_hu_m600_1500
4,VALIDATION,0.6,0.5555555555555556,0.5555555555555556,0.6363636363636364,0.5945883900105632,16,0.001,1e-05,0.0,9,resize_cube64_hu_m600_1500
4,TEST,0.56,0.6206896551724138,0.75,0.38461538461538464,0.5370861555295747,16,0.001,1e-05,0.0,9,resize_cube64_hu_m600_1500
5,VALIDATION,0.7,0.7272727272727273,0.8,0.6,0.6928203230275509,16,0.001,1e-05,0.0,9,resize_cube64_hu_m600_1500
5,TEST,0.68,0.6363636363636364,0.6363636363636364,0.7142857142857143,0.674199862463242,16,0.001,1e-05,0.0,9,resize_cube64_hu_m600_1500
MEAN,VALIDATION,0.65,0.6158639021796917,0.6266666666666667,0.6654545454545454,0.6386029435694353,16,0.001,1e-05,0.0,9,resize_cube64_hu_m600_1500
MEAN,TEST,0.6160000000000001,0.6062928131893648,0.6272727272727272,0.6043956043956044,0.6048397493379364,16,0.001,1e-05,0.0,9,resize_cube64_hu_m600_1500
1,VALIDATION,0.65,0.46153846153846156,0.3333333333333333,0.9090909090909091,0.5504818825631803,16,0.001,1e-05,0.3,9,resize_cube64_hu_m600_1500
1,TEST,0.52,0.25,0.16666666666666666,0.8461538461538461,0.3755338080994054,16,0.001,1e-05,0.3,9,resize_cube64_hu_m600_1500
2,VALIDATION,0.7,0.5714285714285714,0.4444444444444444,0.9090909090909091,0.6356417261637282,16,0.001,1e-05,0.3,9,resize_cube64_hu_m600_1500
2,TEST,0.44,0.0,0.0,0.8461538461538461,0.0,16,0.001,1e-05,0.3,9,resize_cube64_hu_m600_1500
3,VALIDATION,0.6,0.5,0.4444444444444444,0.7272727272727273,0.5685352436149611,16,0.001,1e-05,0.3,9,resize_cube64_hu_m600_1500
3,TEST,0.64,0.6666666666666666,0.75,0.5384615384615384,0.6354889093022426,16,0.001,1e-05,0.3,9,resize_cube64_hu_m600_1500
4,VALIDATION,0.65,0.5333333333333333,0.4444444444444444,0.8181818181818182,0.6030226891555273,16,0.001,1e-05,0.3,9,resize_cube64_hu_m600_1500
4,TEST,0.52,0.4,0.3333333333333333,0.6923076923076923,0.48038446141526137,16,0.001,1e-05,0.3,9,resize_cube64_hu_m600_1500
5,VALIDATION,0.65,0.6956521739130435,0.8,0.5,0.6324555320336759,16,0.001,1e-05,0.3,9,resize_cube64_hu_m600_1500
5,TEST,0.6,0.6428571428571429,0.8181818181818182,0.42857142857142855,0.592156525463792,16,0.001,1e-05,0.3,9,resize_cube64_hu_m600_1500
MEAN,VALIDATION,0.65,0.5523905080426819,0.49333333333333335,0.7727272727272727,0.5980274147062146,16,0.001,1e-05,0.3,9,resize_cube64_hu_m600_1500
MEAN,TEST,0.544,0.3919047619047619,0.4136363636363637,0.6703296703296704,0.4167127408561403,16,0.001,1e-05,0.3,9,resize_cube64_hu_m600_1500
1,VALIDATION,0.5,0.6428571428571429,1.0,0.09090909090909091,0.30151134457776363,16,0.001,1e-05,0.5,9,resize_cube64_hu_m600_1500
1,TEST,0.48,0.6285714285714286,0.9166666666666666,0.07692307692307693,0.2655425022718972,16,0.001,1e-05,0.5,9,resize_cube64_hu_m600_1500
2,VALIDATION,0.55,0.6086956521739131,0.7777777777777778,0.36363636363636365,0.5318160234783105,16,0.001,1e-05,0.5,9,resize_cube64_hu_m600_1500
2,TEST,0.64,0.64,0.6666666666666666,0.6153846153846154,0.6405126152203485,16,0.001,1e-05,0.5,9,resize_cube64_hu_m600_1500
3,VALIDATION,0.55,0.4,0.3333333333333333,0.7272727272727273,0.49236596391733095,16,0.001,1e-05,0.5,9,resize_cube64_hu_m600_1500
3,TEST,0.72,0.6956521739130435,0.6666666666666666,0.7692307692307693,0.7161148740394329,16,0.001,1e-05,0.5,9,resize_cube64_hu_m600_1500
4,VALIDATION,0.5,0.6428571428571429,1.0,0.09090909090909091,0.30151134457776363,16,0.001,1e-05,0.5,9,resize_cube64_hu_m600_1500
4,TEST,0.48,0.6486486486486487,1.0,0.0,0.0,16,0.001,1e-05,0.5,9,resize_cube64_hu_m600_1500
5,VALIDATION,0.6,0.6,0.6,0.6,0.6,16,0.001,1e-05,0.5,9,resize_cube64_hu_m600_1500
5,TEST,0.68,0.6363636363636364,0.6363636363636364,0.7142857142857143,0.674199862463242,16,0.001,1e-05,0.5,9,resize_cube64_hu_m600_1500
MEAN,VALIDATION,0.54,0.5788819875776398,0.7422222222222222,0.3745454545454545,0.44544093531023377,16,0.001,1e-05,0.5,9,resize_cube64_hu_m600_1500
MEAN,TEST,0.6000000000000001,0.6498471774993514,0.7772727272727272,0.43516483516483523,0.4592739707989841,16,0.001,1e-05,0.5,9,resize_cube64_hu_m600_1500
1,VALIDATION,0.65,0.46153846153846156,0.3333333333333333,0.9090909090909091,0.5504818825631803,32,0.001,0.0,0.0,9,resize_cube64_hu_m600_1500
1,TEST,0.6,0.4444444444444444,0.3333333333333333,0.8461538461538461,0.5310850045437944,32,0.001,0.0,0.0,9,resize_cube64_hu_m600_1500
2,VALIDATION,0.7,0.6666666666666666,0.6666666666666666,0.7272727272727273,0.6963106238227914,32,0.001,0.0,0.0,9,resize_cube64_hu_m600_1500
2,TEST,0.4,0.2857142857142857,0.25,0.5384615384615384,0.3668996928526714,32,0.001,0.0,0.0,9,resize_cube64_hu_m600_1500
3,VALIDATION,0.7,0.5714285714285714,0.4444444444444444,0.9090909090909091,0.6356417261637282,32,0.001,0.0,0.0,9,resize_cube64_hu_m600_1500
3,TEST,0.64,0.5263157894736842,0.4166666666666667,0.8461538461538461,0.5937710859953544,32,0.001,0.0,0.0,9,resize_cube64_hu_m600_1500
4,VALIDATION,0.65,0.46153846153846156,0.3333333333333333,0.9090909090909091,0.5504818825631803,32,0.001,0.0,0.0,9,resize_cube64_hu_m600_1500
4,TEST,0.56,0.42105263157894735,0.3333333333333333,0.7692307692307693,0.5063696835418333,32,0.001,0.0,0.0,9,resize_cube64_hu_m600_1500
5,VALIDATION,0.65,0.5333333333333333,0.4,0.9,0.6000000000000001,32,0.001,0.0,0.0,9,resize_cube64_hu_m600_1500
5,TEST,0.6,0.2857142857142857,0.18181818181818182,0.9285714285714286,0.4108907018066591,32,0.001,0.0,0.0,9,resize_cube64_hu_m600_1500
MEAN,VALIDATION,0.6699999999999999,0.5389010989010988,0.43555555555555553,0.8709090909090909,0.6065832230225761,32,0.001,0.0,0.0,9,resize_cube64_hu_m600_1500
MEAN,TEST,0.56,0.39264828738512947,0.30303030303030304,0.7857142857142858,0.48180323374806255,32,0.001,0.0,0.0,9,resize_cube64_hu_m600_1500
1,VALIDATION,0.55,0.3076923076923077,0.2222222222222222,0.8181818181818182,0.4264014327112209,32,0.001,0.0,0.3,9,resize_cube64_hu_m600_1500
1,TEST,0.52,0.25,0.16666666666666666,0.8461538461538461,0.3755338080994054,32,0.001,0.0,0.3,9,resize_cube64_hu_m600_1500
2,VALIDATION,0.7,0.6666666666666666,0.6666666666666666,0.7272727272727273,0.6963106238227914,32,0.001,0.0,0.3,9,resize_cube64_hu_m600_1500
2,TEST,0.48,0.3157894736842105,0.25,0.6923076923076923,0.41602514716892186,32,0.001,0.0,0.3,9,resize_cube64_hu_m600_1500
3,VALIDATION,0.6,0.5555555555555556,0.5555555555555556,0.6363636363636364,0.5945883900105632,32,0.001,0.0,0.3,9,resize_cube64_hu_m600_1500
3,TEST,0.68,0.7142857142857143,0.8333333333333334,0.5384615384615384,0.6698641270570836,32,0.001,0.0,0.3,9,resize_cube64_hu_m600_1500
4,VALIDATION,0.65,0.631578947368421,0.6666666666666666,0.6363636363636364,0.6513389472789296,32,0.001,0.0,0.3,9,resize_cube64_hu_m600_1500
4,TEST,0.52,0.625,0.8333333333333334,0.23076923076923078,0.4385290096535146,32,0.001,0.0,0.3,9,resize_cube64_hu_m600_1500
5,VALIDATION,0.6,0.6666666666666666,0.8,0.4,0.5656854249492381,32,0.001,0.0,0.3,9,resize_cube64_hu_m600_1500
5,TEST,0.6,0.6428571428571429,0.8181818181818182,0.42857142857142855,0.592156525463792,32,0.001,0.0,0.3,9,resize_cube64_hu_m600_1500
MEAN,VALIDATION,0.62,0.5656320287899235,0.5822222222222223,0.6436363636363636,0.5868649637545487,32,0.001,0.0,0.3,9,resize_cube64_hu_m600_1500
MEAN,TEST,0.56,0.5095864661654136,0.5803030303030303,0.5472527472527472,0.49842172348854347,32,0.001,0.0,0.3,9,resize_cube64_hu_m600_1500
1,VALIDATION,0.5,0.6428571428571429,1.0,0.09090909090909091,0.30151134457776363,32,0.001,0.0,0.5,9,resize_cube64_hu_m600_1500
1,TEST,0.52,0.6666666666666666,1.0,0.07692307692307693,0.2773500981126146,32,0.001,0.0,0.5,9,resize_cube64_hu_m600_1500
2,VALIDATION,0.65,0.46153846153846156,0.3333333333333333,0.9090909090909091,0.5504818825631803,32,0.001,0.0,0.5,9,resize_cube64_hu_m600_1500
2,TEST,0.44,0.0,0.0,0.8461538461538461,0.0,32,0.001,0.0,0.5,9,resize_cube64_hu_m600_1500
3,VALIDATION,0.55,0.3076923076923077,0.2222222222222222,0.8181818181818182,0.4264014327112209,32,0.001,0.0,0.5,9,resize_cube64_hu_m600_1500
3,TEST,0.64,0.5263157894736842,0.4166666666666667,0.8461538461538461,0.5937710859953544,32,0.001,0.0,0.5,9,resize_cube64_hu_m600_1500
4,VALIDATION,0.5,0.6428571428571429,1.0,0.09090909090909091,0.30151134457776363,32,0.001,0.0,0.5,9,resize_cube64_hu_m600_1500
4,TEST,0.48,0.6486486486486487,1.0,0.0,0.0,32,0.001,0.0,0.5,9,resize_cube64_hu_m600_1500
5,VALIDATION,0.75,0.7368421052631579,0.7,0.8,0.7483314773547882,32,0.001,0.0,0.5,9,resize_cube64_hu_m600_1500
5,TEST,0.56,0.42105263157894735,0.36363636363636365,0.7142857142857143,0.5096471914376256,32,0.001,0.0,0.5,9,resize_cube64_hu_m600_1500
MEAN,VALIDATION,0.5900000000000001,0.5583574320416427,0.6511111111111111,0.5418181818181818,0.46564749635694336,32,0.001,0.0,0.5,9,resize_cube64_hu_m600_1500
MEAN,TEST,0.528,0.4525367472735894,0.5560606060606061,0.4967032967032967,0.2761536751091189,32,0.001,0.0,0.5,9,resize_cube64_hu_m600_1500
1,VALIDATION,0.6,0.5555555555555556,0.5555555555555556,0.6363636363636364,0.5945883900105632,32,0.001,1e-05,0.0,9,resize_cube64_hu_m600_1500
1,TEST,0.56,0.35294117647058826,0.25,0.8461538461538461,0.45993310550389993,32,0.001,1e-05,0.0,9,resize_cube64_hu_m600_1500
2,VALIDATION,0.75,0.6666666666666666,0.5555555555555556,0.9090909090909091,0.7106690545187014,32,0.001,1e-05,0.0,9,resize_cube64_hu_m600_1500
2,TEST,0.52,0.25,0.16666666666666666,0.8461538461538461,0.3755338080994054,32,0.001,1e-05,0.0,9,resize_cube64_hu_m600_1500
3,VALIDATION,0.65,0.6956521739130435,0.8888888888888888,0.45454545454545453,0.6356417261637282,32,0.001,1e-05,0.0,9,resize_cube64_hu_m600_1500
3,TEST,0.6,0.6428571428571429,0.75,0.46153846153846156,0.5883484054145521,32,0.001,1e-05,0.0,9,resize_cube64_hu_m600_1500
4,VALIDATION,0.6,0.3333333333333333,0.2222222222222222,0.9090909090909091,0.4494665749754947,32,0.001,1e-05,0.0,9,resize_cube64_hu_m600_1500
4,TEST,0.56,0.15384615384615385,0.08333333333333333,1.0,0.28867513459481287,32,0.001,1e-05,0.0,9,resize_cube64_hu_m600_1500
5,VALIDATION,0.65,0.6956521739130435,0.8,0.5,0.6324555320336759,32,0.001,1e-05,0.0,9,resize_cube64_hu_m600_1500
5,TEST,0.8,0.782608695652174,0.8181818181818182,0.7857142857142857,0.8017837257372732,32,0.001,1e-05,0.0,9,resize_cube64_hu_m600_1500
MEAN,VALIDATION,0.65,0.5893719806763286,0.6044444444444445,0.6818181818181819,0.6045642555404327,32,0.001,1e-05,0.0,9,resize_cube64_hu_m600_1500
MEAN,TEST,0.608,0.43645063376521176,0.4136363636363636,0.7879120879120879,0.5028548358699887,32,0.001,1e-05,0.0,9,resize_cube64_hu_m600_1500
1,VALIDATION,0.55,0.47058823529411764,0.4444444444444444,0.6363636363636364,0.5318160234783105,32,0.001,1e-05,0.3,9,resize_cube64_hu_m600_1500
1,TEST,0.68,0.6363636363636364,0.5833333333333334,0.7692307692307693,0.6698641270570838,32,0.001,1e-05,0.3,9,resize_cube64_hu_m600_1500
2,VALIDATION,0.65,0.631578947368421,0.6666666666666666,0.6363636363636364,0.6513389472789296,32,0.001,1e-05,0.3,9,resize_cube64_hu_m600_1500
2,TEST,0.48,0.3157894736842105,0.25,0.6923076923076923,0.41602514716892186,32,0.001,1e-05,0.3,9,resize_cube64_hu_m600_1500
3,VALIDATION,0.65,0.46153846153846156,0.3333333333333333,0.9090909090909091,0.5504818825631803,32,0.001,1e-05,0.3,9,resize_cube64_hu_m600_1500
3,TEST,0.72,0.6666666666666666,0.5833333333333334,0.8461538461538461,0.7025594235292439,32,0.001,1e-05,0.3,9,resize_cube64_hu_m600_1500
4,VALIDATION,0.5,0.5454545454545454,0.6666666666666666,0.36363636363636365,0.49236596391733095,32,0.001,1e-05,0.3,9,resize_cube64_hu_m600_1500
4,TEST,0.56,0.6666666666666666,0.9166666666666666,0.23076923076923078,0.45993310550389993,32,0.001,1e-05,0.3,9,resize_cube64_hu_m600_1500
5,VALIDATION,0.75,0.7619047619047619,0.8,0.7,0.7483314773547882,32,0.001,1e-05,0.3,9,resize_cube64_hu_m600_1500
5,TEST,0.6,0.5833333333333334,0.6363636363636364,0.5714285714285714,0.6030226891555273,32,0.001,1e-05,0.3,9,resize_cube64_hu_m600_1500
MEAN,VALIDATION,0.62,0.5742129903120615,0.5822222222222223,0.649090909090909,0.5948668589185079,32,0.001,1e-05,0.3,9,resize_cube64_hu_m600_1500
MEAN,TEST,0.6080000000000001,0.5737639553429027,0.593939393939394,0.6219780219780221,0.5702808984829353,32,0.001,1e-05,0.3,9,resize_cube64_hu_m600_1500
1,VALIDATION,0.65,0.5333333333333333,0.4444444444444444,0.8181818181818182,0.6030226891555273,32,0.001,1e-05,0.5,9,resize_cube64_hu_m600_1500
1,TEST,0.56,0.35294117647058826,0.25,0.8461538461538461,0.45993310550389993,32,0.001,1e-05,0.5,9,resize_cube64_hu_m600_1500
2,VALIDATION,0.7,0.5714285714285714,0.4444444444444444,0.9090909090909091,0.6356417261637282,32,0.001,1e-05,0.5,9,resize_cube64_hu_m600_1500
2,TEST,0.44,0.0,0.0,0.8461538461538461,0.0,32,0.001,1e-05,0.5,9,resize_cube64_hu_m600_1500
3,VALIDATION,0.55,0.6086956521739131,0.7777777777777778,0.36363636363636365,0.5318160234783105,32,0.001,1e-05,0.5,9,resize_cube64_hu_m600_1500
3,TEST,0.56,0.6451612903225806,0.8333333333333334,0.3076923076923077,0.5063696835418333,32,0.001,1e-05,0.5,9,resize_cube64_hu_m600_1500
4,VALIDATION,0.6,0.5,0.4444444444444444,0.7272727272727273,0.5685352436149611,32,0.001,1e-05,0.5,9,resize_cube64_hu_m600_1500
4,TEST,0.52,0.4,0.3333333333333333,0.6923076923076923,0.48038446141526137,32,0.001,1e-05,0.5,9,resize_cube64_hu_m600_1500
5,VALIDATION,0.7,0.7272727272727273,0.8,0.6,0.6928203230275509,32,0.001,1e-05,0.5,9,resize_cube64_hu_m600_1500
5,TEST,0.68,0.6363636363636364,0.6363636363636364,0.7142857142857143,0.674199862463242,32,0.001,1e-05,0.5,9,resize_cube64_hu_m600_1500
MEAN,VALIDATION,0.64,0.588146056841709,0.5822222222222221,0.6836363636363637,0.6063672010880156,32,0.001,1e-05,0.5,9,resize_cube64_hu_m600_1500
MEAN,TEST,0.552,0.406893220631361,0.41060606060606064,0.6813186813186813,0.42417742258484725,32,0.001,1e-05,0.5,9,resize_cube64_hu_m600_1500
1,VALIDATION,0.6,0.6,0.6666666666666666,0.5454545454545454,0.6030226891555273,4,0.001,0.0,0.0,9,resize_cube64_hu_m300_1400
1,TEST,0.52,0.6,0.75,0.3076923076923077,0.4803844614152614,4,0.001,0.0,0.0,9,resize_cube64_hu_m300_1400
2,VALIDATION,0.75,0.782608695652174,1.0,0.5454545454545454,0.7385489458759964,4,0.001,0.0,0.0,9,resize_cube64_hu_m300_1400
2,TEST,0.4,0.34782608695652173,0.3333333333333333,0.46153846153846156,0.3922322702763681,4,0.001,0.0,0.0,9,resize_cube64_hu_m300_1400
3,VALIDATION,0.7,0.7272727272727273,0.8888888888888888,0.5454545454545454,0.6963106238227913,4,0.001,0.0,0.0,9,resize_cube64_hu_m300_1400
3,TEST,0.48,0.5806451612903226,0.75,0.23076923076923078,0.41602514716892186,4,0.001,0.0,0.0,9,resize_cube64_hu_m300_1400
4,VALIDATION,0.6,0.6363636363636364,0.7777777777777778,0.45454545454545453,0.5945883900105632,4,0.001,0.0,0.0,9,resize_cube64_hu_m300_1400
4,TEST,0.48,0.6285714285714286,0.9166666666666666,0.07692307692307693,0.2655425022718972,4,0.001,0.0,0.0,9,resize_cube64_hu_m300_1400
5,VALIDATION,0.65,0.6666666666666666,0.7,0.6,0.648074069840786,4,0.001,0.0,0.0,9,resize_cube64_hu_m300_1400
5,TEST,0.68,0.6666666666666666,0.7272727272727273,0.6428571428571429,0.6837634587578277,4,0.001,0.0,0.0,9,resize_cube64_hu_m300_1400
MEAN,VALIDATION,0.6599999999999999,0.6825823451910408,0.8066666666666666,0.5381818181818182,0.6561089437411328,4,0.001,0.0,0.0,9,resize_cube64_hu_m300_1400
MEAN,TEST,0.512,0.564741868696988,0.6954545454545455,0.34395604395604396,0.4475895679780552,4,0.001,0.0,0.0,9,resize_cube64_hu_m300_1400
1,VALIDATION,0.45,0.5217391304347826,0.6666666666666666,0.2727272727272727,0.42640143271122083,4,0.001,0.0,0.3,9,resize_cube64_hu_m300_1400
1,TEST,0.6,0.6428571428571429,0.75,0.46153846153846156,0.5883484054145521,4,0.001,0.0,0.3,9,resize_cube64_hu_m300_1400
2,VALIDATION,0.7,0.75,1.0,0.45454545454545453,0.674199862463242,4,0.001,0.0,0.3,9,resize_cube64_hu_m300_1400
2,TEST,0.6,0.6153846153846154,0.6666666666666666,0.5384615384615384,0.599144689515278,4,0.001,0.0,0.3,9,resize_cube64_hu_m300_1400
3,VALIDATION,0.65,0.6666666666666666,0.7777777777777778,0.5454545454545454,0.6513389472789296,4,0.001,0.0,0.3,9,resize_cube64_hu_m300_1400
3,TEST,0.64,0.6896551724137931,0.8333333333333334,0.46153846153846156,0.6201736729460423,4,0.001,0.0,0.3,9,resize_cube64_hu_m300_1400
4,VALIDATION,0.7,0.5714285714285714,0.4444444444444444,0.9090909090909091,0.6356417261637282,4,0.001,0.0,0.3,9,resize_cube64_hu_m300_1400
4,TEST,0.44,0.2222222222222222,0.16666666666666666,0.6923076923076923,0.3396831102433787,4,0.001,0.0,0.3,9,resize_cube64_hu_m300_1400
5,VALIDATION,0.65,0.6666666666666666,0.7,0.6,0.648074069840786,4,0.001,0.0,0.3,9,resize_cube64_hu_m300_1400
5,TEST,0.76,0.75,0.8181818181818182,0.7142857142857143,0.7644707871564383,4,0.001,0.0,0.3,9,resize_cube64_hu_m300_1400
MEAN,VALIDATION,0.63,0.6353002070393374,0.7177777777777777,0.5563636363636364,0.6071312076915814,4,0.001,0.0,0.3,9,resize_cube64_hu_m300_1400
MEAN,TEST,0.608,0.5840238305755547,0.646969696969697,0.5736263736263737,0.5823641330551379,4,0.001,0.0,0.3,9,resize_cube64_hu_m300_1400
1,VALIDATION,0.5,0.5454545454545454,0.6666666666666666,0.36363636363636365,0.49236596391733095,4,0.001,0.0,0.5,9,resize_cube64_hu_m300_1400
1,TEST,0.6,0.6875,0.9166666666666666,0.3076923076923077,0.5310850045437944,4,0.001,0.0,0.5,9,resize_cube64_hu_m300_1400
2,VALIDATION,0.7,0.5714285714285714,0.4444444444444444,0.9090909090909091,0.6356417261637282,4,0.001,0.0,0.5,9,resize_cube64_hu_m300_1400
2,TEST,0.48,0.23529411764705882,0.16666666666666666,0.7692307692307693,0.35805743701971643,4,0.001,0.0,0.5,9,resize_cube64_hu_m300_1400
3,VALIDATION,0.6,0.6666666666666666,0.8888888888888888,0.36363636363636365,0.5685352436149611,4,0.001,0.0,0.5,9,resize_cube64_hu_m300_1400
3,TEST,0.8,0.8275862068965517,1.0,0.6153846153846154,0.7844645405527362,4,0.001,0.0,0.5,9,resize_cube64_hu_m300_1400
4,VALIDATION,0.65,0.6956521739130435,0.8888888888888888,0.45454545454545453,0.6356417261637282,4,0.001,0.0,0.5,9,resize_cube64_hu_m300_1400
4,TEST,0.48,0.6060606060606061,0.8333333333333334,0.15384615384615385,0.3580574370197165,4,0.001,0.0,0.5,9,resize_cube64_hu_m300_1400
5,VALIDATION,0.65,0.6956521739130435,0.8,0.5,0.6324555320336759,4,0.001,0.0,0.5,9,resize_cube64_hu_m300_1400
5,TEST,0.56,0.6451612903225806,0.9090909090909091,0.2857142857142857,0.5096471914376255,4,0.001,0.0,0.5,9,resize_cube64_hu_m300_1400
MEAN,VALIDATION,0.6199999999999999,0.6349708262751741,0.7377777777777779,0.5181818181818182,0.5929280383786849,4,0.001,0.0,0.5,9,resize_cube64_hu_m300_1400
MEAN,TEST,0.5840000000000001,0.6003204441853593,0.7651515151515151,0.42637362637362636,0.5082623221147178,4,0.001,0.0,0.5,9,resize_cube64_hu_m300_1400
1,VALIDATION,0.65,0.5882352941176471,0.5555555555555556,0.7272727272727273,0.6356417261637283,4,0.001,1e-05,0.0,9,resize_cube64_hu_m300_1400
1,TEST,0.6,0.4444444444444444,0.3333333333333333,0.8461538461538461,0.5310850045437944,4,0.001,1e-05,0.0,9,resize_cube64_hu_m300_1400
2,VALIDATION,0.75,0.7368421052631579,0.7777777777777778,0.7272727272727273,0.7521014330903549,4,0.001,1e-05,0.0,9,resize_cube64_hu_m300_1400
2,TEST,0.56,0.47619047619047616,0.4166666666666667,0.6923076923076923,0.5370861555295747,4,0.001,1e-05,0.0,9,resize_cube64_hu_m300_1400
3,VALIDATION,0.75,0.7619047619047619,0.8888888888888888,0.6363636363636364,0.7521014330903549,4,0.001,1e-05,0.0,9,resize_cube64_hu_m300_1400
3,TEST,0.64,0.6896551724137931,0.8333333333333334,0.46153846153846156,0.6201736729460423,4,0.001,1e-05,0.0,9,resize_cube64_hu_m300_1400
4,VALIDATION,0.6,0.6,0.6666666666666666,0.5454545454545454,0.6030226891555273,4,0.001,1e-05,0.0,9,resize_cube64_hu_m300_1400
4,TEST,0.48,0.6285714285714286,0.9166666666666666,0.07692307692307693,0.2655425022718972,4,0.001,1e-05,0.0,9,resize_cube64_hu_m300_1400
5,VALIDATION,0.7,0.6666666666666666,0.6,0.8,0.6928203230275509,4,0.001,1e-05,0.0,9,resize_cube64_hu_m300_1400
5,TEST,0.76,0.7,0.6363636363636364,0.8571428571428571,0.7385489458759964,4,0.001,1e-05,0.0,9,resize_cube64_hu_m300_1400
MEAN,VALIDATION,0.6900000000000001,0.6707297655904467,0.6977777777777778,0.6872727272727273,0.6871375209055032,4,0.001,1e-05,0.0,9,resize_cube64_hu_m300_1400
MEAN,TEST,0.608,0.5877723043240284,0.6272727272727272,0.5868131868131868,0.538487256233461,4,0.001,1e-05,0.0,9,resize_cube64_hu_m300_1400
1,VALIDATION,0.45,0.5217391304347826,0.6666666666666666,0.2727272727272727,0.42640143271122083,4,0.001,1e-05,0.3,9,resize_cube64_hu_m300_1400
1,TEST,0.64,0.7096774193548387,0.9166666666666666,0.38461538461538464,0.5937710859953544,4,0.001,1e-05,0.3,9,resize_cube64_hu_m300_1400
2,VALIDATION,0.75,0.7619047619047619,0.8888888888888888,0.6363636363636364,0.7521014330903549,4,0.001,1e-05,0.3,9,resize_cube64_hu_m300_1400
2,TEST,0.56,0.5925925925925926,0.6666666666666666,0.46153846153846156,0.5547001962252291,4,0.001,1e-05,0.3,9,resize_cube64_hu_m300_1400
3,VALIDATION,0.6,0.6666666666666666,0.8888888888888888,0.36363636363636365,0.5685352436149611,4,0.001,1e-05,0.3,9,resize_cube64_hu_m300_1400
3,TEST,0.72,0.7741935483870968,1.0,0.46153846153846156,0.6793662204867574,4,0.001,1e-05,0.3,9,resize_cube64_hu_m300_1400
4,VALIDATION,0.6,0.5,0.4444444444444444,0.7272727272727273,0.5685352436149611,4,0.001,1e-05,0.3,9,resize_cube64_hu_m300_1400
4,TEST,0.52,0.4,0.3333333333333333,0.6923076923076923,0.48038446141526137,4,0.001,1e-05,0.3,9,resize_cube64_hu_m300_1400
5,VALIDATION,0.7,0.75,0.9,0.5,0.6708203932499369,4,0.001,1e-05,0.3,9,resize_cube64_hu_m300_1400
5,TEST,0.64,0.7096774193548387,1.0,0.35714285714285715,0.5976143046671968,4,0.001,1e-05,0.3,9,resize_cube64_hu_m300_1400
MEAN,VALIDATION,0.6199999999999999,0.6400621118012422,0.7577777777777777,0.5,0.597278749256287,4,0.001,1e-05,0.3,9,resize_cube64_hu_m300_1400
MEAN,TEST,0.6160000000000001,0.6372281959378734,0.7833333333333333,0.4714285714285714,0.5811672537579599,4,0.001,1e-05,0.3,9,resize_cube64_hu_m300_1400
1,VALIDATION,0.6,0.3333333333333333,0.2222222222222222,0.9090909090909091,0.4494665749754947,4,0.001,1e-05,0.5,9,resize_cube64_hu_m300_1400
1,TEST,0.52,0.25,0.16666666666666666,0.8461538461538461,0.3755338080994054,4,0.001,1e-05,0.5,9,resize_cube64_hu_m300_1400
2,VALIDATION,0.8,0.8,0.8888888888888888,0.7272727272727273,0.8040302522073697,4,0.001,1e-05,0.5,9,resize_cube64_hu_m300_1400
2,TEST,0.6,0.5454545454545454,0.5,0.6923076923076923,0.5883484054145521,4,0.001,1e-05,0.5,9,resize_cube64_hu_m300_1400
3,VALIDATION,0.55,0.6086956521739131,0.7777777777777778,0.36363636363636365,0.5318160234783105,4,0.001,1e-05,0.5,9,resize_cube64_hu_m300_1400
3,TEST,0.56,0.56,0.5833333333333334,0.5384615384615384,0.560448538317805,4,0.001,1e-05,0.5,9,resize_cube64_hu_m300_1400
4,VALIDATION,0.5,0.5,0.5555555555555556,0.45454545454545453,0.502518907629606,4,0.001,1e-05,0.5,9,resize_cube64_hu_m300_1400
4,TEST,0.48,0.6285714285714286,0.9166666666666666,0.07692307692307693,0.2655425022718972,4,0.001,1e-05,0.5,9,resize_cube64_hu_m300_1400
5,VALIDATION,0.75,0.7619047619047619,0.8,0.7,0.7483314773547882,4,0.001,1e-05,0.5,9,resize_cube64_hu_m300_1400
5,TEST,0.64,0.5714285714285714,0.5454545454545454,0.7142857142857143,0.6241877839323592,4,0.001,1e-05,0.5,9,resize_cube64_hu_m300_1400
MEAN,VALIDATION,0.64,0.6007867494824016,0.6488888888888888,0.6309090909090909,0.6072326471291138,4,0.001,1e-05,0.5,9,resize_cube64_hu_m300_1400
MEAN,TEST,0.56,0.5110909090909092,0.5424242424242424,0.5736263736263736,0.4828122076072038,4,0.001,1e-05,0.5,9,resize_cube64_hu_m300_1400
1,VALIDATION,0.6,0.5,0.4444444444444444,0.7272727272727273,0.5685352436149611,8,0.001,0.0,0.0,9,resize_cube64_hu_m300_1400
1,TEST,0.6,0.5,0.4166666666666667,0.7692307692307693,0.5661385170722979,8,0.001,0.0,0.0,9,resize_cube64_hu_m300_1400
2,VALIDATION,0.75,0.7368421052631579,0.7777777777777778,0.7272727272727273,0.7521014330903549,8,0.001,0.0,0.0,9,resize_cube64_hu_m300_1400
2,TEST,0.56,0.47619047619047616,0.4166666666666667,0.6923076923076923,0.5370861555295747,8,0.001,0.0,0.0,9,resize_cube64_hu_m300_1400
3,VALIDATION,0.65,0.6956521739130435,0.8888888888888888,0.45454545454545453,0.6356417261637282,8,0.001,0.0,0.0,9,resize_cube64_hu_m300_1400
3,TEST,0.56,0.5925925925925926,0.6666666666666666,0.46153846153846156,0.5547001962252291,8,0.001,0.0,0.0,9,resize_cube64_hu_m300_1400
4,VALIDATION,0.6,0.42857142857142855,0.3333333333333333,0.8181818181818182,0.5222329678670935,8,0.001,0.0,0.0,9,resize_cube64_hu_m300_1400
4,TEST,0.56,0.26666666666666666,0.16666666666666666,0.9230769230769231,0.3922322702763681,8,0.001,0.0,0.0,9,resize_cube64_hu_m300_1400
5,VALIDATION,0.65,0.6956521739130435,0.8,0.5,0.6324555320336759,8,0.001,0.0,0.0,9,resize_cube64_hu_m300_1400
5,TEST,0.56,0.5925925925925926,0.7272727272727273,0.42857142857142855,0.5582905262390825,8,0.001,0.0,0.0,9,resize_cube64_hu_m300_1400
MEAN,VALIDATION,0.65,0.6113435763321347,0.6488888888888888,0.6454545454545455,0.6221933805539628,8,0.001,0.0,0.0,9,resize_cube64_hu_m300_1400
MEAN,TEST,0.5680000000000001,0.4856084656084656,0.4787878787878788,0.6549450549450551,0.5216895330685104,8,0.001,0.0,0.0,9,resize_cube64_hu_m300_1400
1,VALIDATION,0.7,0.7,0.7777777777777778,0.6363636363636364,0.7035264706814485,8,0.001,0.0,0.3,9,resize_cube64_hu_m300_1400
1,TEST,0.52,0.5384615384615384,0.5833333333333334,0.46153846153846156,0.5188745216627708,8,0.001,0.0,0.3,9,resize_cube64_hu_m300_1400
2,VALIDATION,0.75,0.7619047619047619,0.8888888888888888,0.6363636363636364,0.7521014330903549,8,0.001,0.0,0.3,9,resize_cube64_hu_m300_1400
2,TEST,0.4,0.4827586206896552,0.5833333333333334,0.23076923076923078,0.36689969285267143,8,0.001,0.0,0.3,9,resize_cube64_hu_m300_1400
3,VALIDATION,0.7,0.7272727272727273,0.8888888888888888,0.5454545454545454,0.6963106238227913,8,0.001,0.0,0.3,9,resize_cube64_hu_m300_1400
3,TEST,0.56,0.6666666666666666,0.9166666666666666,0.23076923076923078,0.45993310550389993,8,0.001,0.0,0.3,9,resize_cube64_hu_m300_1400
4,VALIDATION,0.55,0.5714285714285714,0.6666666666666666,0.45454545454545453,0.5504818825631803,8,0.001,0.0,0.3,9,resize_cube64_hu_m300_1400
4,TEST,0.52,0.6666666666666666,1.0,0.07692307692307693,0.2773500981126146,8,0.001,0.0,0.3,9,resize_cube64_hu_m300_1400
5,VALIDATION,0.65,0.6666666666666666,0.7,0.6,0.648074069840786,8,0.001,0.0,0.3,9,resize_cube64_hu_m300_1400
5,TEST,0.68,0.6923076923076923,0.8181818181818182,0.5714285714285714,0.6837634587578277,8,0.001,0.0,0.3,9,resize_cube64_hu_m300_1400
MEAN,VALIDATION,0.67,0.6854545454545454,0.7844444444444443,0.5745454545454545,0.6700988959997122,8,0.001,0.0,0.3,9,resize_cube64_hu_m300_1400
MEAN,TEST,0.536,0.6093722369584438,0.7803030303030304,0.3142857142857143,0.4613641753779569,8,0.001,0.0,0.3,9,resize_cube64_hu_m300_1400
1,VALIDATION,0.4,0.5,0.6666666666666666,0.18181818181818182,0.3481553119113957,8,0.001,0.0,0.5,9,resize_cube64_hu_m300_1400
1,TEST,0.52,0.625,0.8333333333333334,0.23076923076923078,0.4385290096535146,8,0.001,0.0,0.5,9,resize_cube64_hu_m300_1400
2,VALIDATION,0.55,0.64,0.8888888888888888,0.2727272727272727,0.4923659639173309,8,0.001,0.0,0.5,9,resize_cube64_hu_m300_1400
2,TEST,0.44,0.5625,0.75,0.15384615384615385,0.3396831102433787,8,0.001,0.0,0.5,9,resize_cube64_hu_m300_1400
3,VALIDATION,0.5,0.6428571428571429,1.0,0.09090909090909091,0.30151134457776363,8,0.001,0.0,0.5,9,resize_cube64_hu_m300_1400
3,TEST,0.48,0.6486486486486487,1.0,0.0,0.0,8,0.001,0.0,0.5,9,resize_cube64_hu_m300_1400
4,VALIDATION,0.5,0.6428571428571429,1.0,0.09090909090909091,0.30151134457776363,8,0.001,0.0,0.5,9,resize_cube64_hu_m300_1400
4,TEST,0.48,0.6486486486486487,1.0,0.0,0.0,8,0.001,0.0,0.5,9,resize_cube64_hu_m300_1400
5,VALIDATION,0.6,0.6363636363636364,0.7,0.5,0.5916079783099616,8,0.001,0.0,0.5,9,resize_cube64_hu_m300_1400
5,TEST,0.72,0.6666666666666666,0.6363636363636364,0.7857142857142857,0.7071067811865476,8,0.001,0.0,0.5,9,resize_cube64_hu_m300_1400
MEAN,VALIDATION,0.51,0.6124155844155844,0.8511111111111112,0.22727272727272724,0.4070303886588431,8,0.001,0.0,0.5,9,resize_cube64_hu_m300_1400
MEAN,TEST,0.5279999999999999,0.6302927927927928,0.843939393939394,0.23406593406593407,0.29706378021668817,8,0.001,0.0,0.5,9,resize_cube64_hu_m300_1400
1,VALIDATION,0.65,0.631578947368421,0.6666666666666666,0.6363636363636364,0.6513389472789296,8,0.001,1e-05,0.0,9,resize_cube64_hu_m300_1400
1,TEST,0.48,0.38095238095238093,0.3333333333333333,0.6153846153846154,0.4529108136578383,8,0.001,1e-05,0.0,9,resize_cube64_hu_m300_1400
2,VALIDATION,0.7,0.6666666666666666,0.6666666666666666,0.7272727272727273,0.6963106238227914,8,0.001,1e-05,0.0,9,resize_cube64_hu_m300_1400
2,TEST,0.44,0.125,0.08333333333333333,0.7692307692307693,0.25318484177091666,8,0.001,1e-05,0.0,9,resize_cube64_hu_m300_1400
3,VALIDATION,0.7,0.6666666666666666,0.6666666666666666,0.7272727272727273,0.6963106238227914,8,0.001,1e-05,0.0,9,resize_cube64_hu_m300_1400
3,TEST,0.56,0.56,0.5833333333333334,0.5384615384615384,0.560448538317805,8,0.001,1e-05,0.0,9,resize_cube64_hu_m300_1400
4,VALIDATION,0.6,0.42857142857142855,0.3333333333333333,0.8181818181818182,0.5222329678670935,8,0.001,1e-05,0.0,9,resize_cube64_hu_m300_1400
4,TEST,0.56,0.35294117647058826,0.25,0.8461538461538461,0.45993310550389993,8,0.001,1e-05,0.0,9,resize_cube64_hu_m300_1400
5,VALIDATION,0.65,0.6666666666666666,0.7,0.6,0.648074069840786,8,0.001,1e-05,0.0,9,resize_cube64_hu_m300_1400
5,TEST,0.56,0.56,0.6363636363636364,0.5,0.5640760748177662,8,0.001,1e-05,0.0,9,resize_cube64_hu_m300_1400
MEAN,VALIDATION,0.6599999999999999,0.6120300751879698,0.6066666666666667,0.7018181818181819,0.6428534465264784,8,0.001,1e-05,0.0,9,resize_cube64_hu_m300_1400
MEAN,TEST,0.52,0.39577871148459387,0.37727272727272726,0.6538461538461539,0.45811067481364526,8,0.001,1e-05,0.0,9,resize_cube64_hu_m300_1400
1,VALIDATION,0.45,0.5217391304347826,0.6666666666666666,0.2727272727272727,0.42640143271122083,8,0.001,1e-05,0.3,9,resize_cube64_hu_m300_1400
1,TEST,0.6,0.6428571428571429,0.75,0.46153846153846156,0.5883484054145521,8,0.001,1e-05,0.3,9,resize_cube64_hu_m300_1400
2,VALIDATION,0.55,0.5714285714285714,0.6666666666666666,0.45454545454545453,0.5504818825631803,8,0.001,1e-05,0.3,9,resize_cube64_hu_m300_1400
2,TEST,0.4,0.4,0.4166666666666667,0.38461538461538464,0.40032038451271784,8,0.001,1e-05,0.3,9,resize_cube64_hu_m300_1400
3,VALIDATION,0.6,0.42857142857142855,0.3333333333333333,0.8181818181818182,0.5222329678670935,8,0.001,1e-05,0.3,9,resize_cube64_hu_m300_1400
3,TEST,0.6,0.5,0.4166666666666667,0.7692307692307693,0.5661385170722979,8,0.001,1e-05,0.3,9,resize_cube64_hu_m300_1400
4,VALIDATION,0.5,0.5,0.5555555555555556,0.45454545454545453,0.502518907629606,8,0.001,1e-05,0.3,9,resize_cube64_hu_m300_1400
4,TEST,0.56,0.6451612903225806,0.8333333333333334,0.3076923076923077,0.5063696835418333,8,0.001,1e-05,0.3,9,resize_cube64_hu_m300_1400
5,VALIDATION,0.7,0.7272727272727273,0.8,0.6,0.6928203230275509,8,0.001,1e-05,0.3,9,resize_cube64_hu_m300_1400
5,TEST,0.64,0.6666666666666666,0.8181818181818182,0.5,0.6396021490668313,8,0.001,1e-05,0.3,9,resize_cube64_hu_m300_1400
MEAN,VALIDATION,0.5599999999999999,0.5498023715415019,0.6044444444444445,0.52,0.5388911027597303,8,0.001,1e-05,0.3,9,resize_cube64_hu_m300_1400
MEAN,TEST,0.56,0.570937019969278,0.6469696969696971,0.48461538461538467,0.5401558279216465,8,0.001,1e-05,0.3,9,resize_cube64_hu_m300_1400
1,VALIDATION,0.5,0.6428571428571429,1.0,0.09090909090909091,0.30151134457776363,8,0.001,1e-05,0.5,9,resize_cube64_hu_m300_1400
1,TEST,0.48,0.6285714285714286,0.9166666666666666,0.07692307692307693,0.2655425022718972,8,0.001,1e-05,0.5,9,resize_cube64_hu_m300_1400
2,VALIDATION,0.65,0.36363636363636365,0.2222222222222222,1.0,0.4714045207910317,8,0.001,1e-05,0.5,9,resize_cube64_hu_m300_1400
2,TEST,0.44,0.0,0.0,0.8461538461538461,0.0,8,0.001,1e-05,0.5,9,resize_cube64_hu_m300_1400
3,VALIDATION,0.55,0.6086956521739131,0.7777777777777778,0.36363636363636365,0.5318160234783105,8,0.001,1e-05,0.5,9,resize_cube64_hu_m300_1400
3,TEST,0.64,0.7096774193548387,0.9166666666666666,0.38461538461538464,0.5937710859953544,8,0.001,1e-05,0.5,9,resize_cube64_hu_m300_1400
4,VALIDATION,0.55,0.5714285714285714,0.6666666666666666,0.45454545454545453,0.5504818825631803,8,0.001,1e-05,0.5,9,resize_cube64_hu_m300_1400
4,TEST,0.48,0.6285714285714286,0.9166666666666666,0.07692307692307693,0.2655425022718972,8,0.001,1e-05,0.5,9,resize_cube64_hu_m300_1400
5,VALIDATION,0.6,0.7142857142857143,1.0,0.2,0.4472135954999579,8,0.001,1e-05,0.5,9,resize_cube64_hu_m300_1400
5,TEST,0.52,0.6470588235294118,1.0,0.14285714285714285,0.3779644730092272,8,0.001,1e-05,0.5,9,resize_cube64_hu_m300_1400
MEAN,VALIDATION,0.5700000000000001,0.580180688876341,0.7333333333333333,0.42181818181818187,0.4604854733820488,8,0.001,1e-05,0.5,9,resize_cube64_hu_m300_1400
MEAN,TEST,0.512,0.5227758200054216,0.75,0.30549450549450546,0.30056411270967515,8,0.001,1e-05,0.5,9,resize_cube64_hu_m300_1400
1,VALIDATION,0.65,0.6666666666666666,0.7777777777777778,0.5454545454545454,0.6513389472789296,16,0.001,0.0,0.0,9,resize_cube64_hu_m300_1400
1,TEST,0.56,0.6206896551724138,0.75,0.38461538461538464,0.5370861555295747,16,0.001,0.0,0.0,9,resize_cube64_hu_m300_1400
2,VALIDATION,0.7,0.75,1.0,0.45454545454545453,0.674199862463242,16,0.001,0.0,0.0,9,resize_cube64_hu_m300_1400
2,TEST,0.48,0.48,0.5,0.46153846153846156,0.4803844614152614,16,0.001,0.0,0.0,9,resize_cube64_hu_m300_1400
3,VALIDATION,0.7,0.5714285714285714,0.4444444444444444,0.9090909090909091,0.6356417261637282,16,0.001,0.0,0.0,9,resize_cube64_hu_m300_1400
3,TEST,0.6,0.2857142857142857,0.16666666666666666,1.0,0.408248290463863,16,0.001,0.0,0.0,9,resize_cube64_hu_m300_1400
4,VALIDATION,0.6,0.5,0.4444444444444444,0.7272727272727273,0.5685352436149611,16,0.001,0.0,0.0,9,resize_cube64_hu_m300_1400
4,TEST,0.52,0.45454545454545453,0.4166666666666667,0.6153846153846154,0.5063696835418333,16,0.001,0.0,0.0,9,resize_cube64_hu_m300_1400
5,VALIDATION,0.7,0.7,0.7,0.7,0.7,16,0.001,0.0,0.0,9,resize_cube64_hu_m300_1400
5,TEST,0.76,0.625,0.45454545454545453,1.0,0.674199862463242,16,0.001,0.0,0.0,9,resize_cube64_hu_m300_1400
MEAN,VALIDATION,0.6699999999999999,0.6376190476190476,0.6733333333333335,0.6672727272727274,0.6459431559041722,16,0.001,0.0,0.0,9,resize_cube64_hu_m300_1400
MEAN,TEST,0.584,0.49318987908643075,0.45757575757575764,0.6923076923076923,0.5212576906827548,16,0.001,0.0,0.0,9,resize_cube64_hu_m300_1400
1,VALIDATION,0.5,0.5454545454545454,0.6666666666666666,0.36363636363636365,0.49236596391733095,16,0.001,0.0,0.3,9,resize_cube64_hu_m300_1400
1,TEST,0.72,0.6956521739130435,0.6666666666666666,0.7692307692307693,0.7161148740394329,16,0.001,0.0,0.3,9,resize_cube64_hu_m300_1400
2,VALIDATION,0.7,0.75,1.0,0.45454545454545453,0.674199862463242,16,0.001,0.0,0.3,9,resize_cube64_hu_m300_1400
2,TEST,0.44,0.5,0.5833333333333334,0.3076923076923077,0.42365927286816174,16,0.001,0.0,0.3,9,resize_cube64_hu_m300_1400
3,VALIDATION,0.65,0.631578947368421,0.6666666666666666,0.6363636363636364,0.6513389472789296,16,0.001,0.0,0.3,9,resize_cube64_hu_m300_1400
3,TEST,0.72,0.7586206896551724,0.9166666666666666,0.5384615384615384,0.7025594235292439,16,0.001,0.0,0.3,9,resize_cube64_hu_m300_1400
4,VALIDATION,0.55,0.5714285714285714,0.6666666666666666,0.45454545454545453,0.5504818825631803,16,0.001,0.0,0.3,9,resize_cube64_hu_m300_1400
4,TEST,0.56,0.6666666666666666,0.9166666666666666,0.23076923076923078,0.45993310550389993,16,0.001,0.0,0.3,9,resize_cube64_hu_m300_1400
5,VALIDATION,0.65,0.6956521739130435,0.8,0.5,0.6324555320336759,16,0.001,0.0,0.3,9,resize_cube64_hu_m300_1400
5,TEST,0.68,0.6923076923076923,0.8181818181818182,0.5714285714285714,0.6837634587578277,16,0.001,0.0,0.3,9,resize_cube64_hu_m300_1400
MEAN,VALIDATION,0.6100000000000001,0.6388228476329163,0.76,0.4818181818181818,0.6001684376512718,16,0.001,0.0,0.3,9,resize_cube64_hu_m300_1400
MEAN,TEST,0.624,0.662649444508515,0.7803030303030303,0.4835164835164836,0.5972060269397133,16,0.001,0.0,0.3,9,resize_cube64_hu_m300_1400
1,VALIDATION,0.5,0.6153846153846154,0.8888888888888888,0.18181818181818182,0.40201512610368484,16,0.001,0.0,0.5,9,resize_cube64_hu_m300_1400
1,TEST,0.52,0.6470588235294118,0.9166666666666666,0.15384615384615385,0.3755338080994054,16,0.001,0.0,0.5,9,resize_cube64_hu_m300_1400
2,VALIDATION,0.55,0.6666666666666666,1.0,0.18181818181818182,0.4264014327112209,16,0.001,0.0,0.5,9,resize_cube64_hu_m300_1400
2,TEST,0.48,0.6486486486486487,1.0,0.0,0.0,16,0.001,0.0,0.5,9,resize_cube64_hu_m300_1400
3,VALIDATION,0.55,0.0,0.0,1.0,0.0,16,0.001,0.0,0.5,9,resize_cube64_hu_m300_1400
3,TEST,0.56,0.26666666666666666,0.16666666666666666,0.9230769230769231,0.3922322702763681,16,0.001,0.0,0.5,9,resize_cube64_hu_m300_1400
4,VALIDATION,0.55,0.6666666666666666,1.0,0.18181818181818182,0.4264014327112209,16,0.001,0.0,0.5,9,resize_cube64_hu_m300_1400
4,TEST,0.48,0.6486486486486487,1.0,0.0,0.0,16,0.001,0.0,0.5,9,resize_cube64_hu_m300_1400
5,VALIDATION,0.6,0.7142857142857143,1.0,0.2,0.4472135954999579,16,0.001,0.0,0.5,9,resize_cube64_hu_m300_1400
5,TEST,0.56,0.6666666666666666,1.0,0.21428571428571427,0.4629100498862757,16,0.001,0.0,0.5,9,resize_cube64_hu_m300_1400
MEAN,VALIDATION,0.55,0.5326007326007326,0.7777777777777778,0.3490909090909091,0.3404063174052169,16,0.001,0.0,0.5,9,resize_cube64_hu_m300_1400
MEAN,TEST,0.52,0.5755378908320085,0.8166666666666667,0.25824175824175827,0.24613522565240986,16,0.001,0.0,0.5,9,resize_cube64_hu_m300_1400
1,VALIDATION,0.6,0.6363636363636364,0.7777777777777778,0.45454545454545453,0.5945883900105632,16,0.001,1e-05,0.0,9,resize_cube64_hu_m300_1400
1,TEST,0.52,0.6,0.75,0.3076923076923077,0.4803844614152614,16,0.001,1e-05,0.0,9,resize_cube64_hu_m300_1400
2,VALIDATION,0.75,0.7619047619047619,0.8888888888888888,0.6363636363636364,0.7521014330903549,16,0.001,1e-05,0.0,9,resize_cube64_hu_m300_1400
2,TEST,0.56,0.5925925925925926,0.6666666666666666,0.46153846153846156,0.5547001962252291,16,0.001,1e-05,0.0,9,resize_cube64_hu_m300_1400
3,VALIDATION,0.6,0.5,0.4444444444444444,0.7272727272727273,0.5685352436149611,16,0.001,1e-05,0.0,9,resize_cube64_hu_m300_1400
3,TEST,0.72,0.7407407407407407,0.8333333333333334,0.6153846153846154,0.716114874039433,16,0.001,1e-05,0.0,9,resize_cube64_hu_m300_1400
4,VALIDATION,0.65,0.5333333333333333,0.4444444444444444,0.8181818181818182,0.6030226891555273,16,0.001,1e-05,0.0,9,resize_cube64_hu_m300_1400
4,TEST,0.64,0.7096774193548387,0.9166666666666666,0.38461538461538464,0.5937710859953544,16,0.001,1e-05,0.0,9,resize_cube64_hu_m300_1400
5,VALIDATION,0.65,0.5882352941176471,0.5,0.8,0.6324555320336759,16,0.001,1e-05,0.0,9,resize_cube64_hu_m300_1400
5,TEST,0.76,0.625,0.45454545454545453,1.0,0.674199862463242,16,0.001,1e-05,0.0,9,resize_cube64_hu_m300_1400
MEAN,VALIDATION,0.65,0.6039674051438757,0.611111111111111,0.6872727272727273,0.6301406575810165,16,0.001,1e-05,0.0,9,resize_cube64_hu_m300_1400
MEAN,TEST,0.64,0.6536021505376344,0.7242424242424242,0.5538461538461539,0.603834096027704,16,0.001,1e-05,0.0,9,resize_cube64_hu_m300_1400
1,VALIDATION,0.55,0.64,0.8888888888888888,0.2727272727272727,0.4923659639173309,16,0.001,1e-05,0.3,9,resize_cube64_hu_m300_1400
1,TEST,0.64,0.7096774193548387,0.9166666666666666,0.38461538461538464,0.5937710859953544,16,0.001,1e-05,0.3,9,resize_cube64_hu_m300_1400
2,VALIDATION,0.65,0.631578947368421,0.6666666666666666,0.6363636363636364,0.6513389472789296,16,0.001,1e-05,0.3,9,resize_cube64_hu_m300_1400
2,TEST,0.6,0.5454545454545454,0.5,0.6923076923076923,0.5883484054145521,16,0.001,1e-05,0.3,9,resize_cube64_hu_m300_1400
3,VALIDATION,0.8,0.8,0.8888888888888888,0.7272727272727273,0.8040302522073697,16,0.001,1e-05,0.3,9,resize_cube64_hu_m300_1400
3,TEST,0.76,0.7692307692307693,0.8333333333333334,0.6923076923076923,0.75955452531275,16,0.001,1e-05,0.3,9,resize_cube64_hu_m300_1400
4,VALIDATION,0.55,0.5714285714285714,0.6666666666666666,0.45454545454545453,0.5504818825631803,16,0.001,1e-05,0.3,9,resize_cube64_hu_m300_1400
4,TEST,0.48,0.6285714285714286,0.9166666666666666,0.07692307692307693,0.2655425022718972,16,0.001,1e-05,0.3,9,resize_cube64_hu_m300_1400
5,VALIDATION,0.6,0.6,0.6,0.6,0.6,16,0.001,1e-05,0.3,9,resize_cube64_hu_m300_1400
5,TEST,0.72,0.6666666666666666,0.6363636363636364,0.7857142857142857,0.7071067811865476,16,0.001,1e-05,0.3,9,resize_cube64_hu_m300_1400
MEAN,VALIDATION,0.63,0.6486015037593984,0.7422222222222221,0.5381818181818182,0.619643409193362,16,0.001,1e-05,0.3,9,resize_cube64_hu_m300_1400
MEAN,TEST,0.64,0.6639201658556497,0.7606060606060605,0.5263736263736264,0.5828646600362203,16,0.001,1e-05,0.3,9,resize_cube64_hu_m300_1400
1,VALIDATION,0.5,0.6428571428571429,1.0,0.09090909090909091,0.30151134457776363,16,0.001,1e-05,0.5,9,resize_cube64_hu_m300_1400
1,TEST,0.48,0.6285714285714286,0.9166666666666666,0.07692307692307693,0.2655425022718972,16,0.001,1e-05,0.5,9,resize_cube64_hu_m300_1400
2,VALIDATION,0.6,0.6666666666666666,0.8888888888888888,0.36363636363636365,0.5685352436149611,16,0.001,1e-05,0.5,9,resize_cube64_hu_m300_1400
2,TEST,0.48,0.5185185185185185,0.5833333333333334,0.38461538461538464,0.47366546671567095,16,0.001,1e-05,0.5,9,resize_cube64_hu_m300_1400
3,VALIDATION,0.6,0.42857142857142855,0.3333333333333333,0.8181818181818182,0.5222329678670935,16,0.001,1e-05,0.5,9,resize_cube64_hu_m300_1400
3,TEST,0.72,0.6666666666666666,0.5833333333333334,0.8461538461538461,0.7025594235292439,16,0.001,1e-05,0.5,9,resize_cube64_hu_m300_1400
4,VALIDATION,0.5,0.5833333333333334,0.7777777777777778,0.2727272727272727,0.4605661864718383,16,0.001,1e-05,0.5,9,resize_cube64_hu_m300_1400
4,TEST,0.4,0.4,0.4166666666666667,0.38461538461538464,0.40032038451271784,16,0.001,1e-05,0.5,9,resize_cube64_hu_m300_1400
5,VALIDATION,0.6,0.6666666666666666,0.8,0.4,0.5656854249492381,16,0.001,1e-05,0.5,9,resize_cube64_hu_m300_1400
5,TEST,0.6,0.6428571428571429,0.8181818181818182,0.42857142857142855,0.592156525463792,16,0.001,1e-05,0.5,9,resize_cube64_hu_m300_1400
MEAN,VALIDATION,0.56,0.5976190476190476,0.76,0.38909090909090915,0.4837062334961789,16,0.001,1e-05,0.5,9,resize_cube64_hu_m300_1400
MEAN,TEST,0.536,0.5713227513227512,0.6636363636363637,0.42417582417582417,0.4868488604986644,16,0.001,1e-05,0.5,9,resize_cube64_hu_m300_1400
1,VALIDATION,0.65,0.6666666666666666,0.7777777777777778,0.5454545454545454,0.6513389472789296,32,0.001,0.0,0.0,9,resize_cube64_hu_m300_1400
1,TEST,0.6,0.6153846153846154,0.6666666666666666,0.5384615384615384,0.599144689515278,32,0.001,0.0,0.0,9,resize_cube64_hu_m300_1400
2,VALIDATION,0.65,0.5882352941176471,0.5555555555555556,0.7272727272727273,0.6356417261637283,32,0.001,0.0,0.0,9,resize_cube64_hu_m300_1400
2,TEST,0.56,0.42105263157894735,0.3333333333333333,0.7692307692307693,0.5063696835418333,32,0.001,0.0,0.0,9,resize_cube64_hu_m300_1400
3,VALIDATION,0.7,0.7272727272727273,0.8888888888888888,0.5454545454545454,0.6963106238227913,32,0.001,0.0,0.0,9,resize_cube64_hu_m300_1400
3,TEST,0.64,0.6666666666666666,0.75,0.5384615384615384,0.6354889093022426,32,0.001,0.0,0.0,9,resize_cube64_hu_m300_1400
4,VALIDATION,0.65,0.5333333333333333,0.4444444444444444,0.8181818181818182,0.6030226891555273,32,0.001,0.0,0.0,9,resize_cube64_hu_m300_1400
4,TEST,0.56,0.47619047619047616,0.4166666666666667,0.6923076923076923,0.5370861555295747,32,0.001,0.0,0.0,9,resize_cube64_hu_m300_1400
5,VALIDATION,0.65,0.6666666666666666,0.7,0.6,0.648074069840786,32,0.001,0.0,0.0,9,resize_cube64_hu_m300_1400
5,TEST,0.64,0.5714285714285714,0.5454545454545454,0.7142857142857143,0.6241877839323592,32,0.001,0.0,0.0,9,resize_cube64_hu_m300_1400
MEAN,VALIDATION,0.6599999999999999,0.6364349376114082,0.6733333333333335,0.6472727272727272,0.6468776112523524,32,0.001,0.0,0.0,9,resize_cube64_hu_m300_1400
MEAN,TEST,0.6000000000000001,0.5501445922498555,0.5424242424242424,0.6505494505494506,0.5804554443642574,32,0.001,0.0,0.0,9,resize_cube64_hu_m300_1400
1,VALIDATION,0.5,0.5,0.5555555555555556,0.45454545454545453,0.502518907629606,32,0.001,0.0,0.3,9,resize_cube64_hu_m300_1400
1,TEST,0.64,0.6666666666666666,0.75,0.5384615384615384,0.6354889093022426,32,0.001,0.0,0.3,9,resize_cube64_hu_m300_1400
2,VALIDATION,0.6,0.6363636363636364,0.7777777777777778,0.45454545454545453,0.5945883900105632,32,0.001,0.0,0.3,9,resize_cube64_hu_m300_1400
2,TEST,0.44,0.46153846153846156,0.5,0.38461538461538464,0.4385290096535146,32,0.001,0.0,0.3,9,resize_cube64_hu_m300_1400
3,VALIDATION,0.5,0.5454545454545454,0.6666666666666666,0.36363636363636365,0.49236596391733095,32,0.001,0.0,0.3,9,resize_cube64_hu_m300_1400
3,TEST,0.56,0.6451612903225806,0.8333333333333334,0.3076923076923077,0.5063696835418333,32,0.001,0.0,0.3,9,resize_cube64_hu_m300_1400
4,VALIDATION,0.7,0.6666666666666666,0.6666666666666666,0.7272727272727273,0.6963106238227914,32,0.001,0.0,0.3,9,resize_cube64_hu_m300_1400
4,TEST,0.48,0.6060606060606061,0.8333333333333334,0.15384615384615385,0.3580574370197165,32,0.001,0.0,0.3,9,resize_cube64_hu_m300_1400
5,VALIDATION,0.65,0.6956521739130435,0.8,0.5,0.6324555320336759,32,0.001,0.0,0.3,9,resize_cube64_hu_m300_1400
5,TEST,0.68,0.6363636363636364,0.6363636363636364,0.7142857142857143,0.674199862463242,32,0.001,0.0,0.3,9,resize_cube64_hu_m300_1400
MEAN,VALIDATION,0.59,0.6088274044795783,0.6933333333333334,0.5,0.5836478834827935,32,0.001,0.0,0.3,9,resize_cube64_hu_m300_1400
MEAN,TEST,0.56,0.6031581321903902,0.7106060606060607,0.4197802197802198,0.5225289803961097,32,0.001,0.0,0.3,9,resize_cube64_hu_m300_1400
1,VALIDATION,0.45,0.5217391304347826,0.6666666666666666,0.2727272727272727,0.42640143271122083,32,0.001,0.0,0.5,9,resize_cube64_hu_m300_1400
1,TEST,0.72,0.7407407407407407,0.8333333333333334,0.6153846153846154,0.716114874039433,32,0.001,0.0,0.5,9,resize_cube64_hu_m300_1400
2,VALIDATION,0.55,0.6666666666666666,1.0,0.18181818181818182,0.4264014327112209,32,0.001,0.0,0.5,9,resize_cube64_hu_m300_1400
2,TEST,0.52,0.6666666666666666,1.0,0.07692307692307693,0.2773500981126146,32,0.001,0.0,0.5,9,resize_cube64_hu_m300_1400
3,VALIDATION,0.5,0.6428571428571429,1.0,0.09090909090909091,0.30151134457776363,32,0.001,0.0,0.5,9,resize_cube64_hu_m300_1400
3,TEST,0.6,0.7058823529411765,1.0,0.23076923076923078,0.4803844614152614,32,0.001,0.0,0.5,9,resize_cube64_hu_m300_1400
4,VALIDATION,0.5,0.6428571428571429,1.0,0.09090909090909091,0.30151134457776363,32,0.001,0.0,0.5,9,resize_cube64_hu_m300_1400
4,TEST,0.48,0.6486486486486487,1.0,0.0,0.0,32,0.001,0.0,0.5,9,resize_cube64_hu_m300_1400
5,VALIDATION,0.65,0.6956521739130435,0.8,0.5,0.6324555320336759,32,0.001,0.0,0.5,9,resize_cube64_hu_m300_1400
5,TEST,0.68,0.6923076923076923,0.8181818181818182,0.5714285714285714,0.6837634587578277,32,0.001,0.0,0.5,9,resize_cube64_hu_m300_1400
MEAN,VALIDATION,0.53,0.6339544513457557,0.8933333333333333,0.22727272727272724,0.41765621732232905,32,0.001,0.0,0.5,9,resize_cube64_hu_m300_1400
MEAN,TEST,0.6,0.6908492202609849,0.9303030303030303,0.2989010989010989,0.43152257846502734,32,0.001,0.0,0.5,9,resize_cube64_hu_m300_1400
1,VALIDATION,0.55,0.47058823529411764,0.4444444444444444,0.6363636363636364,0.5318160234783105,32,0.001,1e-05,0.0,9,resize_cube64_hu_m300_1400
1,TEST,0.6,0.5454545454545454,0.5,0.6923076923076923,0.5883484054145521,32,0.001,1e-05,0.0,9,resize_cube64_hu_m300_1400
2,VALIDATION,0.75,0.7368421052631579,0.7777777777777778,0.7272727272727273,0.7521014330903549,32,0.001,1e-05,0.0,9,resize_cube64_hu_m300_1400
2,TEST,0.56,0.35294117647058826,0.25,0.8461538461538461,0.45993310550389993,32,0.001,1e-05,0.0,9,resize_cube64_hu_m300_1400
3,VALIDATION,0.7,0.625,0.5555555555555556,0.8181818181818182,0.6741998624632421,32,0.001,1e-05,0.0,9,resize_cube64_hu_m300_1400
3,TEST,0.68,0.6363636363636364,0.5833333333333334,0.7692307692307693,0.6698641270570838,32,0.001,1e-05,0.0,9,resize_cube64_hu_m300_1400
4,VALIDATION,0.55,0.3076923076923077,0.2222222222222222,0.8181818181818182,0.4264014327112209,32,0.001,1e-05,0.0,9,resize_cube64_hu_m300_1400
4,TEST,0.52,0.14285714285714285,0.08333333333333333,0.9230769230769231,0.2773500981126146,32,0.001,1e-05,0.0,9,resize_cube64_hu_m300_1400
5,VALIDATION,0.6,0.5,0.4,0.8,0.5656854249492381,32,0.001,1e-05,0.0,9,resize_cube64_hu_m300_1400
5,TEST,0.72,0.5333333333333333,0.36363636363636365,1.0,0.6030226891555273,32,0.001,1e-05,0.0,9,resize_cube64_hu_m300_1400
MEAN,VALIDATION,0.63,0.5280245296499166,0.48,0.7600000000000001,0.5900408353384733,32,0.001,1e-05,0.0,9,resize_cube64_hu_m300_1400
MEAN,TEST,0.616,0.4421899668958492,0.3560606060606061,0.8461538461538461,0.5197036850487355,32,0.001,1e-05,0.0,9,resize_cube64_hu_m300_1400
1,VALIDATION,0.45,0.5217391304347826,0.6666666666666666,0.2727272727272727,0.42640143271122083,32,0.001,1e-05,0.3,9,resize_cube64_hu_m300_1400
1,TEST,0.56,0.6451612903225806,0.8333333333333334,0.3076923076923077,0.5063696835418333,32,0.001,1e-05,0.3,9,resize_cube64_hu_m300_1400
2,VALIDATION,0.65,0.6956521739130435,0.8888888888888888,0.45454545454545453,0.6356417261637282,32,0.001,1e-05,0.3,9,resize_cube64_hu_m300_1400
2,TEST,0.52,0.5714285714285714,0.6666666666666666,0.38461538461538464,0.5063696835418333,32,0.001,1e-05,0.3,9,resize_cube64_hu_m300_1400
3,VALIDATION,0.65,0.631578947368421,0.6666666666666666,0.6363636363636364,0.6513389472789296,32,0.001,1e-05,0.3,9,resize_cube64_hu_m300_1400
3,TEST,0.64,0.6896551724137931,0.8333333333333334,0.46153846153846156,0.6201736729460423,32,0.001,1e-05,0.3,9,resize_cube64_hu_m300_1400
4,VALIDATION,0.6,0.6,0.6666666666666666,0.5454545454545454,0.6030226891555273,32,0.001,1e-05,0.3,9,resize_cube64_hu_m300_1400
4,TEST,0.48,0.6060606060606061,0.8333333333333334,0.15384615384615385,0.3580574370197165,32,0.001,1e-05,0.3,9,resize_cube64_hu_m300_1400
5,VALIDATION,0.65,0.6666666666666666,0.7,0.6,0.648074069840786,32,0.001,1e-05,0.3,9,resize_cube64_hu_m300_1400
5,TEST,0.72,0.6956521739130435,0.7272727272727273,0.7142857142857143,0.7207499701564473,32,0.001,1e-05,0.3,9,resize_cube64_hu_m300_1400
MEAN,VALIDATION,0.6,0.6231273836765827,0.7177777777777777,0.5018181818181818,0.5928957730300384,32,0.001,1e-05,0.3,9,resize_cube64_hu_m300_1400
MEAN,TEST,0.584,0.6415915628277189,0.7787878787878789,0.4043956043956044,0.5423440894411746,32,0.001,1e-05,0.3,9,resize_cube64_hu_m300_1400
1,VALIDATION,0.5,0.6428571428571429,1.0,0.09090909090909091,0.30151134457776363,32,0.001,1e-05,0.5,9,resize_cube64_hu_m300_1400
1,TEST,0.48,0.6285714285714286,0.9166666666666666,0.07692307692307693,0.2655425022718972,32,0.001,1e-05,0.5,9,resize_cube64_hu_m300_1400
2,VALIDATION,0.7,0.6666666666666666,0.6666666666666666,0.7272727272727273,0.6963106238227914,32,0.001,1e-05,0.5,9,resize_cube64_hu_m300_1400
2,TEST,0.4,0.2857142857142857,0.25,0.5384615384615384,0.3668996928526714,32,0.001,1e-05,0.5,9,resize_cube64_hu_m300_1400
3,VALIDATION,0.65,0.36363636363636365,0.2222222222222222,1.0,0.4714045207910317,32,0.001,1e-05,0.5,9,resize_cube64_hu_m300_1400
3,TEST,0.52,0.14285714285714285,0.08333333333333333,0.9230769230769231,0.2773500981126146,32,0.001,1e-05,0.5,9,resize_cube64_hu_m300_1400
4,VALIDATION,0.5,0.5454545454545454,0.6666666666666666,0.36363636363636365,0.49236596391733095,32,0.001,1e-05,0.5,9,resize_cube64_hu_m300_1400
4,TEST,0.6,0.6666666666666666,0.8333333333333334,0.38461538461538464,0.5661385170722979,32,0.001,1e-05,0.5,9,resize_cube64_hu_m300_1400
5,VALIDATION,0.65,0.631578947368421,0.6,0.7,0.648074069840786,32,0.001,1e-05,0.5,9,resize_cube64_hu_m300_1400
5,TEST,0.76,0.7,0.6363636363636364,0.8571428571428571,0.7385489458759964,32,0.001,1e-05,0.5,9,resize_cube64_hu_m300_1400
MEAN,VALIDATION,0.6,0.5700387331966279,0.6311111111111111,0.5763636363636364,0.5219333045899408,32,0.001,1e-05,0.5,9,resize_cube64_hu_m300_1400
MEAN,TEST,0.5519999999999999,0.48476190476190484,0.5439393939393938,0.5560439560439561,0.4428959512370955,32,0.001,1e-05,0.5,9,resize_cube64_hu_m300_1400
1,VALIDATION,0.6,0.6923076923076923,1.0,0.2727272727272727,0.5222329678670935,4,0.001,0.0,0.0,9,resize_cube128_hu_m600_1500
1,TEST,0.64,0.6896551724137931,0.8333333333333334,0.46153846153846156,0.6201736729460423,4,0.001,0.0,0.0,9,resize_cube128_hu_m600_1500
2,VALIDATION,0.8,0.8181818181818182,1.0,0.6363636363636364,0.7977240352174656,4,0.001,0.0,0.0,9,resize_cube128_hu_m600_1500
2,TEST,0.48,0.38095238095238093,0.3333333333333333,0.6153846153846154,0.4529108136578383,4,0.001,0.0,0.0,9,resize_cube128_hu_m600_1500
3,VALIDATION,0.75,0.7368421052631579,0.7777777777777778,0.7272727272727273,0.7521014330903549,4,0.001,0.0,0.0,9,resize_cube128_hu_m600_1500
3,TEST,0.52,0.5384615384615384,0.5833333333333334,0.46153846153846156,0.5188745216627708,4,0.001,0.0,0.0,9,resize_cube128_hu_m600_1500
4,VALIDATION,0.7,0.6666666666666666,0.6666666666666666,0.7272727272727273,0.6963106238227914,4,0.001,0.0,0.0,9,resize_cube128_hu_m600_1500
4,TEST,0.6,0.6428571428571429,0.75,0.46153846153846156,0.5883484054145521,4,0.001,0.0,0.0,9,resize_cube128_hu_m600_1500
5,VALIDATION,0.7,0.625,0.5,0.9,0.6708203932499369,4,0.001,0.0,0.0,9,resize_cube128_hu_m600_1500
5,TEST,0.8,0.7368421052631579,0.6363636363636364,0.9285714285714286,0.7687061147858074,4,0.001,0.0,0.0,9,resize_cube128_hu_m600_1500
MEAN,VALIDATION,0.71,0.707799656483867,0.7888888888888889,0.6527272727272726,0.6878378906495285,4,0.001,0.0,0.0,9,resize_cube128_hu_m600_1500
MEAN,TEST,0.608,0.5977536679896026,0.6272727272727272,0.5857142857142857,0.5898027056934022,4,0.001,0.0,0.0,9,resize_cube128_hu_m600_1500
1,VALIDATION,0.5,0.5454545454545454,0.6666666666666666,0.36363636363636365,0.49236596391733095,4,0.001,0.0,0.3,9,resize_cube128_hu_m600_1500
1,TEST,0.6,0.6666666666666666,0.8333333333333334,0.38461538461538464,0.5661385170722979,4,0.001,0.0,0.3,9,resize_cube128_hu_m600_1500
2,VALIDATION,0.75,0.7368421052631579,0.7777777777777778,0.7272727272727273,0.7521014330903549,4,0.001,0.0,0.3,9,resize_cube128_hu_m600_1500
2,TEST,0.48,0.43478260869565216,0.4166666666666667,0.5384615384615384,0.47366546671567095,4,0.001,0.0,0.3,9,resize_cube128_hu_m600_1500
3,VALIDATION,0.65,0.6666666666666666,0.7777777777777778,0.5454545454545454,0.6513389472789296,4,0.001,0.0,0.3,9,resize_cube128_hu_m600_1500
3,TEST,0.6,0.6666666666666666,0.8333333333333334,0.38461538461538464,0.5661385170722979,4,0.001,0.0,0.3,9,resize_cube128_hu_m600_1500
4,VALIDATION,0.75,0.7368421052631579,0.7777777777777778,0.7272727272727273,0.7521014330903549,4,0.001,0.0,0.3,9,resize_cube128_hu_m600_1500
4,TEST,0.36,0.4666666666666667,0.5833333333333334,0.15384615384615385,0.29957234475763905,4,0.001,0.0,0.3,9,resize_cube128_hu_m600_1500
5,VALIDATION,0.7,0.7272727272727273,0.8,0.6,0.6928203230275509,4,0.001,0.0,0.3,9,resize_cube128_hu_m600_1500
5,TEST,0.6,0.6428571428571429,0.8181818181818182,0.42857142857142855,0.592156525463792,4,0.001,0.0,0.3,9,resize_cube128_hu_m600_1500
MEAN,VALIDATION,0.6699999999999999,0.6826156299840511,0.76,0.5927272727272727,0.6681456200809043,4,0.001,0.0,0.3,9,resize_cube128_hu_m600_1500
MEAN,TEST,0.528,0.575527950310559,0.696969696969697,0.37802197802197807,0.49953427421633956,4,0.001,0.0,0.3,9,resize_cube128_hu_m600_1500
1,VALIDATION,0.6,0.42857142857142855,0.3333333333333333,0.8181818181818182,0.5222329678670935,4,0.001,0.0,0.5,9,resize_cube128_hu_m600_1500
1,TEST,0.52,0.25,0.16666666666666666,0.8461538461538461,0.3755338080994054,4,0.001,0.0,0.5,9,resize_cube128_hu_m600_1500
2,VALIDATION,0.8,0.8,0.8888888888888888,0.7272727272727273,0.8040302522073697,4,0.001,0.0,0.5,9,resize_cube128_hu_m600_1500
2,TEST,0.52,0.5384615384615384,0.5833333333333334,0.46153846153846156,0.5188745216627708,4,0.001,0.0,0.5,9,resize_cube128_hu_m600_1500
3,VALIDATION,0.65,0.6956521739130435,0.8888888888888888,0.45454545454545453,0.6356417261637282,4,0.001,0.0,0.5,9,resize_cube128_hu_m600_1500
3,TEST,0.72,0.7741935483870968,1.0,0.46153846153846156,0.6793662204867574,4,0.001,0.0,0.5,9,resize_cube128_hu_m600_1500
4,VALIDATION,0.7,0.6666666666666666,0.6666666666666666,0.7272727272727273,0.6963106238227914,4,0.001,0.0,0.5,9,resize_cube128_hu_m600_1500
4,TEST,0.52,0.5,0.5,0.5384615384615384,0.5188745216627708,4,0.001,0.0,0.5,9,resize_cube128_hu_m600_1500
5,VALIDATION,0.65,0.6666666666666666,0.7,0.6,0.648074069840786,4,0.001,0.0,0.5,9,resize_cube128_hu_m600_1500
5,TEST,0.68,0.6666666666666666,0.7272727272727273,0.6428571428571429,0.6837634587578277,4,0.001,0.0,0.5,9,resize_cube128_hu_m600_1500
MEAN,VALIDATION,0.6799999999999999,0.651511387163561,0.6955555555555554,0.6654545454545455,0.6612579279803537,4,0.001,0.0,0.5,9,resize_cube128_hu_m600_1500
MEAN,TEST,0.5920000000000001,0.5458643507030604,0.5954545454545455,0.59010989010989,0.5552825061339065,4,0.001,0.0,0.5,9,resize_cube128_hu_m600_1500
1,VALIDATION,0.6,0.5555555555555556,0.5555555555555556,0.6363636363636364,0.5945883900105632,4,0.001,1e-05,0.0,9,resize_cube128_hu_m600_1500
1,TEST,0.6,0.5833333333333334,0.5833333333333334,0.6153846153846154,0.5991446895152781,4,0.001,1e-05,0.0,9,resize_cube128_hu_m600_1500
2,VALIDATION,0.75,0.7619047619047619,0.8888888888888888,0.6363636363636364,0.7521014330903549,4,0.001,1e-05,0.0,9,resize_cube128_hu_m600_1500
2,TEST,0.44,0.36363636363636365,0.3333333333333333,0.5384615384615384,0.4236592728681617,4,0.001,1e-05,0.0,9,resize_cube128_hu_m600_1500
3,VALIDATION,0.7,0.7,0.7777777777777778,0.6363636363636364,0.7035264706814485,4,0.001,1e-05,0.0,9,resize_cube128_hu_m600_1500
3,TEST,0.52,0.5,0.5,0.5384615384615384,0.5188745216627708,4,0.001,1e-05,0.0,9,resize_cube128_hu_m600_1500
4,VALIDATION,0.7,0.7,0.7777777777777778,0.6363636363636364,0.7035264706814485,4,0.001,1e-05,0.0,9,resize_cube128_hu_m600_1500
4,TEST,0.52,0.5714285714285714,0.6666666666666666,0.38461538461538464,0.5063696835418333,4,0.001,1e-05,0.0,9,resize_cube128_hu_m600_1500
5,VALIDATION,0.7,0.7272727272727273,0.8,0.6,0.6928203230275509,4,0.001,1e-05,0.0,9,resize_cube128_hu_m600_1500
5,TEST,0.72,0.6956521739130435,0.7272727272727273,0.7142857142857143,0.7207499701564473,4,0.001,1e-05,0.0,9,resize_cube128_hu_m600_1500
MEAN,VALIDATION,0.6900000000000001,0.688946608946609,0.76,0.6290909090909091,0.6893126174982733,4,0.001,1e-05,0.0,9,resize_cube128_hu_m600_1500
MEAN,TEST,0.5599999999999999,0.5428100884622624,0.5621212121212121,0.5582417582417583,0.5537596275488983,4,0.001,1e-05,0.0,9,resize_cube128_hu_m600_1500
1,VALIDATION,0.5,0.5454545454545454,0.6666666666666666,0.36363636363636365,0.49236596391733095,4,0.001,1e-05,0.3,9,resize_cube128_hu_m600_1500
1,TEST,0.64,0.6896551724137931,0.8333333333333334,0.46153846153846156,0.6201736729460423,4,0.001,1e-05,0.3,9,resize_cube128_hu_m600_1500
2,VALIDATION,0.75,0.7368421052631579,0.7777777777777778,0.7272727272727273,0.7521014330903549,4,0.001,1e-05,0.3,9,resize_cube128_hu_m600_1500
2,TEST,0.48,0.38095238095238093,0.3333333333333333,0.6153846153846154,0.4529108136578383,4,0.001,1e-05,0.3,9,resize_cube128_hu_m600_1500
3,VALIDATION,0.6,0.6,0.6666666666666666,0.5454545454545454,0.6030226891555273,4,0.001,1e-05,0.3,9,resize_cube128_hu_m600_1500
3,TEST,0.68,0.7142857142857143,0.8333333333333334,0.5384615384615384,0.6698641270570836,4,0.001,1e-05,0.3,9,resize_cube128_hu_m600_1500
4,VALIDATION,0.65,0.631578947368421,0.6666666666666666,0.6363636363636364,0.6513389472789296,4,0.001,1e-05,0.3,9,resize_cube128_hu_m600_1500
4,TEST,0.44,0.5625,0.75,0.15384615384615385,0.3396831102433787,4,0.001,1e-05,0.3,9,resize_cube128_hu_m600_1500
5,VALIDATION,0.65,0.6666666666666666,0.7,0.6,0.648074069840786,4,0.001,1e-05,0.3,9,resize_cube128_hu_m600_1500
5,TEST,0.68,0.6923076923076923,0.8181818181818182,0.5714285714285714,0.6837634587578277,4,0.001,1e-05,0.3,9,resize_cube128_hu_m600_1500
MEAN,VALIDATION,0.63,0.6361084529505582,0.6955555555555556,0.5745454545454545,0.6293806206565857,4,0.001,1e-05,0.3,9,resize_cube128_hu_m600_1500
MEAN,TEST,0.5840000000000001,0.6079401919919162,0.7136363636363636,0.4681318681318681,0.5532790365324342,4,0.001,1e-05,0.3,9,resize_cube128_hu_m600_1500
1,VALIDATION,0.55,0.5263157894736842,0.5555555555555556,0.5454545454545454,0.5504818825631803,4,0.001,1e-05,0.5,9,resize_cube128_hu_m600_1500
1,TEST,0.72,0.72,0.75,0.6923076923076923,0.7205766921228921,4,0.001,1e-05,0.5,9,resize_cube128_hu_m600_1500
2,VALIDATION,0.75,0.7368421052631579,0.7777777777777778,0.7272727272727273,0.7521014330903549,4,0.001,1e-05,0.5,9,resize_cube128_hu_m600_1500
2,TEST,0.52,0.45454545454545453,0.4166666666666667,0.6153846153846154,0.5063696835418333,4,0.001,1e-05,0.5,9,resize_cube128_hu_m600_1500
3,VALIDATION,0.65,0.631578947368421,0.6666666666666666,0.6363636363636364,0.6513389472789296,4,0.001,1e-05,0.5,9,resize_cube128_hu_m600_1500
3,TEST,0.76,0.7692307692307693,0.8333333333333334,0.6923076923076923,0.75955452531275,4,0.001,1e-05,0.5,9,resize_cube128_hu_m600_1500
4,VALIDATION,0.7,0.625,0.5555555555555556,0.8181818181818182,0.6741998624632421,4,0.001,1e-05,0.5,9,resize_cube128_hu_m600_1500
4,TEST,0.52,0.5714285714285714,0.6666666666666666,0.38461538461538464,0.5063696835418333,4,0.001,1e-05,0.5,9,resize_cube128_hu_m600_1500
5,VALIDATION,0.7,0.6666666666666666,0.6,0.8,0.6928203230275509,4,0.001,1e-05,0.5,9,resize_cube128_hu_m600_1500
5,TEST,0.76,0.6666666666666666,0.5454545454545454,0.9285714285714286,0.7116835718867666,4,0.001,1e-05,0.5,9,resize_cube128_hu_m600_1500
MEAN,VALIDATION,0.6700000000000002,0.6372807017543859,0.6311111111111111,0.7054545454545454,0.6641884896846515,4,0.001,1e-05,0.5,9,resize_cube128_hu_m600_1500
MEAN,TEST,0.656,0.6363742923742923,0.6424242424242423,0.6626373626373626,0.6409108312812151,4,0.001,1e-05,0.5,9,resize_cube128_hu_m600_1500
1,VALIDATION,0.5,0.5,0.5555555555555556,0.45454545454545453,0.502518907629606,8,0.001,0.0,0.0,9,resize_cube128_hu_m600_1500
1,TEST,0.52,0.45454545454545453,0.4166666666666667,0.6153846153846154,0.5063696835418333,8,0.001,0.0,0.0,9,resize_cube128_hu_m600_1500
2,VALIDATION,0.75,0.6666666666666666,0.5555555555555556,0.9090909090909091,0.7106690545187014,8,0.001,0.0,0.0,9,resize_cube128_hu_m600_1500
2,TEST,0.64,0.4,0.25,1.0,0.5,8,0.001,0.0,0.0,9,resize_cube128_hu_m600_1500
3,VALIDATION,0.65,0.6956521739130435,0.8888888888888888,0.45454545454545453,0.6356417261637282,8,0.001,0.0,0.0,9,resize_cube128_hu_m600_1500
3,TEST,0.52,0.625,0.8333333333333334,0.23076923076923078,0.4385290096535146,8,0.001,0.0,0.0,9,resize_cube128_hu_m600_1500
4,VALIDATION,0.65,0.631578947368421,0.6666666666666666,0.6363636363636364,0.6513389472789296,8,0.001,0.0,0.0,9,resize_cube128_hu_m600_1500
4,TEST,0.44,0.5,0.5833333333333334,0.3076923076923077,0.42365927286816174,8,0.001,0.0,0.0,9,resize_cube128_hu_m600_1500
5,VALIDATION,0.6,0.6363636363636364,0.7,0.5,0.5916079783099616,8,0.001,0.0,0.0,9,resize_cube128_hu_m600_1500
5,TEST,0.68,0.6363636363636364,0.6363636363636364,0.7142857142857143,0.674199862463242,8,0.001,0.0,0.0,9,resize_cube128_hu_m600_1500
MEAN,VALIDATION,0.63,0.6260522848623535,0.6733333333333332,0.5909090909090909,0.6183553227801853,8,0.001,0.0,0.0,9,resize_cube128_hu_m600_1500
MEAN,TEST,0.56,0.5231818181818182,0.543939393939394,0.5736263736263737,0.5085515657053503,8,0.001,0.0,0.0,9,resize_cube128_hu_m600_1500
1,VALIDATION,0.45,0.5217391304347826,0.6666666666666666,0.2727272727272727,0.42640143271122083,8,0.001,0.0,0.3,9,resize_cube128_hu_m600_1500
1,TEST,0.64,0.6666666666666666,0.75,0.5384615384615384,0.6354889093022426,8,0.001,0.0,0.3,9,resize_cube128_hu_m600_1500
2,VALIDATION,0.75,0.7368421052631579,0.7777777777777778,0.7272727272727273,0.7521014330903549,8,0.001,0.0,0.3,9,resize_cube128_hu_m600_1500
2,TEST,0.52,0.45454545454545453,0.4166666666666667,0.6153846153846154,0.5063696835418333,8,0.001,0.0,0.3,9,resize_cube128_hu_m600_1500
3,VALIDATION,0.65,0.6956521739130435,0.8888888888888888,0.45454545454545453,0.6356417261637282,8,0.001,0.0,0.3,9,resize_cube128_hu_m600_1500
3,TEST,0.84,0.8571428571428571,1.0,0.6923076923076923,0.8320502943378437,8,0.001,0.0,0.3,9,resize_cube128_hu_m600_1500
4,VALIDATION,0.6,0.6363636363636364,0.7777777777777778,0.45454545454545453,0.5945883900105632,8,0.001,0.0,0.3,9,resize_cube128_hu_m600_1500
4,TEST,0.52,0.6666666666666666,1.0,0.07692307692307693,0.2773500981126146,8,0.001,0.0,0.3,9,resize_cube128_hu_m600_1500
5,VALIDATION,0.65,0.6666666666666666,0.7,0.6,0.648074069840786,8,0.001,0.0,0.3,9,resize_cube128_hu_m600_1500
5,TEST,0.64,0.6086956521739131,0.6363636363636364,0.6428571428571429,0.6396021490668313,8,0.001,0.0,0.3,9,resize_cube128_hu_m600_1500
MEAN,VALIDATION,0.62,0.6514527425282574,0.7622222222222221,0.5018181818181818,0.6113614103633306,8,0.001,0.0,0.3,9,resize_cube128_hu_m600_1500
MEAN,TEST,0.632,0.6507434594391116,0.7606060606060606,0.5131868131868131,0.5781722268722731,8,0.001,0.0,0.3,9,resize_cube128_hu_m600_1500
1,VALIDATION,0.55,0.3076923076923077,0.2222222222222222,0.8181818181818182,0.4264014327112209,8,0.001,0.0,0.5,9,resize_cube128_hu_m600_1500
1,TEST,0.44,0.125,0.08333333333333333,0.7692307692307693,0.25318484177091666,8,0.001,0.0,0.5,9,resize_cube128_hu_m600_1500
2,VALIDATION,0.75,0.7619047619047619,0.8888888888888888,0.6363636363636364,0.7521014330903549,8,0.001,0.0,0.5,9,resize_cube128_hu_m600_1500
2,TEST,0.6,0.6428571428571429,0.75,0.46153846153846156,0.5883484054145521,8,0.001,0.0,0.5,9,resize_cube128_hu_m600_1500
3,VALIDATION,0.65,0.46153846153846156,0.3333333333333333,0.9090909090909091,0.5504818825631803,8,0.001,0.0,0.5,9,resize_cube128_hu_m600_1500
3,TEST,0.8,0.782608695652174,0.75,0.8461538461538461,0.7966275068156915,8,0.001,0.0,0.5,9,resize_cube128_hu_m600_1500
4,VALIDATION,0.45,0.5217391304347826,0.6666666666666666,0.2727272727272727,0.42640143271122083,8,0.001,0.0,0.5,9,resize_cube128_hu_m600_1500
4,TEST,0.52,0.6666666666666666,1.0,0.07692307692307693,0.2773500981126146,8,0.001,0.0,0.5,9,resize_cube128_hu_m600_1500
5,VALIDATION,0.7,0.7272727272727273,0.8,0.6,0.6928203230275509,8,0.001,0.0,0.5,9,resize_cube128_hu_m600_1500
5,TEST,0.6,0.6428571428571429,0.8181818181818182,0.42857142857142855,0.592156525463792,8,0.001,0.0,0.5,9,resize_cube128_hu_m600_1500
MEAN,VALIDATION,0.6200000000000001,0.5560294777686081,0.5822222222222223,0.6472727272727273,0.5696413008207056,8,0.001,0.0,0.5,9,resize_cube128_hu_m600_1500
MEAN,TEST,0.5920000000000001,0.5719979296066253,0.6803030303030304,0.5164835164835165,0.5015334755155134,8,0.001,0.0,0.5,9,resize_cube128_hu_m600_1500
1,VALIDATION,0.5,0.5454545454545454,0.6666666666666666,0.36363636363636365,0.49236596391733095,8,0.001,1e-05,0.0,9,resize_cube128_hu_m600_1500
1,TEST,0.6,0.5833333333333334,0.5833333333333334,0.6153846153846154,0.5991446895152781,8,0.001,1e-05,0.0,9,resize_cube128_hu_m600_1500
2,VALIDATION,0.75,0.7058823529411765,0.6666666666666666,0.8181818181818182,0.7385489458759964,8,0.001,1e-05,0.0,9,resize_cube128_hu_m600_1500
2,TEST,0.56,0.42105263157894735,0.3333333333333333,0.7692307692307693,0.5063696835418333,8,0.001,1e-05,0.0,9,resize_cube128_hu_m600_1500
3,VALIDATION,0.65,0.5882352941176471,0.5555555555555556,0.7272727272727273,0.6356417261637283,8,0.001,1e-05,0.0,9,resize_cube128_hu_m600_1500
3,TEST,0.64,0.6666666666666666,0.75,0.5384615384615384,0.6354889093022426,8,0.001,1e-05,0.0,9,resize_cube128_hu_m600_1500
4,VALIDATION,0.65,0.5882352941176471,0.5555555555555556,0.7272727272727273,0.6356417261637283,8,0.001,1e-05,0.0,9,resize_cube128_hu_m600_1500
4,TEST,0.48,0.43478260869565216,0.4166666666666667,0.5384615384615384,0.47366546671567095,8,0.001,1e-05,0.0,9,resize_cube128_hu_m600_1500
5,VALIDATION,0.65,0.6666666666666666,0.7,0.6,0.648074069840786,8,0.001,1e-05,0.0,9,resize_cube128_hu_m600_1500
5,TEST,0.76,0.6666666666666666,0.5454545454545454,0.9285714285714286,0.7116835718867666,8,0.001,1e-05,0.0,9,resize_cube128_hu_m600_1500
MEAN,VALIDATION,0.6399999999999999,0.6188948306595365,0.6288888888888889,0.6472727272727273,0.630054486392314,8,0.001,1e-05,0.0,9,resize_cube128_hu_m600_1500
MEAN,TEST,0.608,0.5545003813882532,0.5257575757575758,0.678021978021978,0.5852704641923583,8,0.001,1e-05,0.0,9,resize_cube128_hu_m600_1500
1,VALIDATION,0.5,0.5454545454545454,0.6666666666666666,0.36363636363636365,0.49236596391733095,8,0.001,1e-05,0.3,9,resize_cube128_hu_m600_1500
1,TEST,0.64,0.6666666666666666,0.75,0.5384615384615384,0.6354889093022426,8,0.001,1e-05,0.3,9,resize_cube128_hu_m600_1500
2,VALIDATION,0.75,0.7058823529411765,0.6666666666666666,0.8181818181818182,0.7385489458759964,8,0.001,1e-05,0.3,9,resize_cube128_hu_m600_1500
2,TEST,0.48,0.3157894736842105,0.25,0.6923076923076923,0.41602514716892186,8,0.001,1e-05,0.3,9,resize_cube128_hu_m600_1500
3,VALIDATION,0.6,0.6923076923076923,1.0,0.2727272727272727,0.5222329678670935,8,0.001,1e-05,0.3,9,resize_cube128_hu_m600_1500
3,TEST,0.64,0.7272727272727273,1.0,0.3076923076923077,0.5547001962252291,8,0.001,1e-05,0.3,9,resize_cube128_hu_m600_1500
4,VALIDATION,0.6,0.6363636363636364,0.7777777777777778,0.45454545454545453,0.5945883900105632,8,0.001,1e-05,0.3,9,resize_cube128_hu_m600_1500
4,TEST,0.48,0.6285714285714286,0.9166666666666666,0.07692307692307693,0.2655425022718972,8,0.001,1e-05,0.3,9,resize_cube128_hu_m600_1500
5,VALIDATION,0.7,0.7272727272727273,0.8,0.6,0.6928203230275509,8,0.001,1e-05,0.3,9,resize_cube128_hu_m600_1500
5,TEST,0.68,0.6923076923076923,0.8181818181818182,0.5714285714285714,0.6837634587578277,8,0.001,1e-05,0.3,9,resize_cube128_hu_m600_1500
MEAN,VALIDATION,0.6300000000000001,0.6614561908679557,0.7822222222222222,0.5018181818181818,0.608111318139707,8,0.001,1e-05,0.3,9,resize_cube128_hu_m600_1500
MEAN,TEST,0.5840000000000001,0.6061215977005452,0.746969696969697,0.4373626373626374,0.5111040427452237,8,0.001,1e-05,0.3,9,resize_cube128_hu_m600_1500
1,VALIDATION,0.4,0.5,0.6666666666666666,0.18181818181818182,0.3481553119113957,8,0.001,1e-05,0.5,9,resize_cube128_hu_m600_1500
1,TEST,0.6,0.6875,0.9166666666666666,0.3076923076923077,0.5310850045437944,8,0.001,1e-05,0.5,9,resize_cube128_hu_m600_1500
2,VALIDATION,0.7,0.6666666666666666,0.6666666666666666,0.7272727272727273,0.6963106238227914,8,0.001,1e-05,0.5,9,resize_cube128_hu_m600_1500
2,TEST,0.44,0.4166666666666667,0.4166666666666667,0.46153846153846156,0.4385290096535146,8,0.001,1e-05,0.5,9,resize_cube128_hu_m600_1500
3,VALIDATION,0.55,0.6086956521739131,0.7777777777777778,0.36363636363636365,0.5318160234783105,8,0.001,1e-05,0.5,9,resize_cube128_hu_m600_1500
3,TEST,0.6,0.6875,0.9166666666666666,0.3076923076923077,0.5310850045437944,8,0.001,1e-05,0.5,9,resize_cube128_hu_m600_1500
4,VALIDATION,0.6,0.6363636363636364,0.7777777777777778,0.45454545454545453,0.5945883900105632,8,0.001,1e-05,0.5,9,resize_cube128_hu_m600_1500
4,TEST,0.6,0.6428571428571429,0.75,0.46153846153846156,0.5883484054145521,8,0.001,1e-05,0.5,9,resize_cube128_hu_m600_1500
5,VALIDATION,0.7,0.7272727272727273,0.8,0.6,0.6928203230275509,8,0.001,1e-05,0.5,9,resize_cube128_hu_m600_1500
5,TEST,0.6,0.6428571428571429,0.8181818181818182,0.42857142857142855,0.592156525463792,8,0.001,1e-05,0.5,9,resize_cube128_hu_m600_1500
MEAN,VALIDATION,0.5900000000000001,0.6277997364953887,0.7377777777777779,0.4654545454545455,0.5727381344501223,8,0.001,1e-05,0.5,9,resize_cube128_hu_m600_1500
MEAN,TEST,0.5680000000000001,0.6154761904761905,0.7636363636363637,0.39340659340659345,0.5362407899238895,8,0.001,1e-05,0.5,9,resize_cube128_hu_m600_1500
1,VALIDATION,0.5,0.5,0.5555555555555556,0.45454545454545453,0.502518907629606,16,0.001,0.0,0.0,9,resize_cube128_hu_m600_1500
1,TEST,0.64,0.5714285714285714,0.5,0.7692307692307693,0.6201736729460423,16,0.001,0.0,0.0,9,resize_cube128_hu_m600_1500
2,VALIDATION,0.7,0.6666666666666666,0.6666666666666666,0.7272727272727273,0.6963106238227914,16,0.001,0.0,0.0,9,resize_cube128_hu_m600_1500
2,TEST,0.44,0.125,0.08333333333333333,0.7692307692307693,0.25318484177091666,16,0.001,0.0,0.0,9,resize_cube128_hu_m600_1500
3,VALIDATION,0.7,0.75,1.0,0.45454545454545453,0.674199862463242,16,0.001,0.0,0.0,9,resize_cube128_hu_m600_1500
3,TEST,0.56,0.6451612903225806,0.8333333333333334,0.3076923076923077,0.5063696835418333,16,0.001,0.0,0.0,9,resize_cube128_hu_m600_1500
4,VALIDATION,0.55,0.5714285714285714,0.6666666666666666,0.45454545454545453,0.5504818825631803,16,0.001,0.0,0.0,9,resize_cube128_hu_m600_1500
4,TEST,0.48,0.6285714285714286,0.9166666666666666,0.07692307692307693,0.2655425022718972,16,0.001,0.0,0.0,9,resize_cube128_hu_m600_1500
5,VALIDATION,0.65,0.6956521739130435,0.8,0.5,0.6324555320336759,16,0.001,0.0,0.0,9,resize_cube128_hu_m600_1500
5,TEST,0.8,0.782608695652174,0.8181818181818182,0.7857142857142857,0.8017837257372732,16,0.001,0.0,0.0,9,resize_cube128_hu_m600_1500
MEAN,VALIDATION,0.62,0.6367494824016563,0.7377777777777779,0.5181818181818182,0.6111933617024992,16,0.001,0.0,0.0,9,resize_cube128_hu_m600_1500
MEAN,TEST,0.584,0.5505539971949509,0.6303030303030304,0.5417582417582418,0.48941088525359244,16,0.001,0.0,0.0,9,resize_cube128_hu_m600_1500
1,VALIDATION,0.45,0.5217391304347826,0.6666666666666666,0.2727272727272727,0.42640143271122083,16,0.001,0.0,0.3,9,resize_cube128_hu_m600_1500
1,TEST,0.64,0.6896551724137931,0.8333333333333334,0.46153846153846156,0.6201736729460423,16,0.001,0.0,0.3,9,resize_cube128_hu_m600_1500
2,VALIDATION,0.75,0.7058823529411765,0.6666666666666666,0.8181818181818182,0.7385489458759964,16,0.001,0.0,0.3,9,resize_cube128_hu_m600_1500
2,TEST,0.52,0.25,0.16666666666666666,0.8461538461538461,0.3755338080994054,16,0.001,0.0,0.3,9,resize_cube128_hu_m600_1500
3,VALIDATION,0.65,0.6956521739130435,0.8888888888888888,0.45454545454545453,0.6356417261637282,16,0.001,0.0,0.3,9,resize_cube128_hu_m600_1500
3,TEST,0.8,0.8275862068965517,1.0,0.6153846153846154,0.7844645405527362,16,0.001,0.0,0.3,9,resize_cube128_hu_m600_1500
4,VALIDATION,0.7,0.5714285714285714,0.4444444444444444,0.9090909090909091,0.6356417261637282,16,0.001,0.0,0.3,9,resize_cube128_hu_m600_1500
4,TEST,0.48,0.3157894736842105,0.25,0.6923076923076923,0.41602514716892186,16,0.001,0.0,0.3,9,resize_cube128_hu_m600_1500
5,VALIDATION,0.7,0.7272727272727273,0.8,0.6,0.6928203230275509,16,0.001,0.0,0.3,9,resize_cube128_hu_m600_1500
5,TEST,0.6,0.6428571428571429,0.8181818181818182,0.42857142857142855,0.592156525463792,16,0.001,0.0,0.3,9,resize_cube128_hu_m600_1500
MEAN,VALIDATION,0.65,0.6443949911980603,0.6933333333333334,0.610909090909091,0.6258108307884449,16,0.001,0.0,0.3,9,resize_cube128_hu_m600_1500
MEAN,TEST,0.6080000000000001,0.5451775991703396,0.6136363636363636,0.6087912087912087,0.5576707388461796,16,0.001,0.0,0.3,9,resize_cube128_hu_m600_1500
1,VALIDATION,0.5,0.6428571428571429,1.0,0.09090909090909091,0.30151134457776363,16,0.001,0.0,0.5,9,resize_cube128_hu_m600_1500
1,TEST,0.48,0.6285714285714286,0.9166666666666666,0.07692307692307693,0.2655425022718972,16,0.001,0.0,0.5,9,resize_cube128_hu_m600_1500
2,VALIDATION,0.75,0.7368421052631579,0.7777777777777778,0.7272727272727273,0.7521014330903549,16,0.001,0.0,0.5,9,resize_cube128_hu_m600_1500
2,TEST,0.52,0.45454545454545453,0.4166666666666667,0.6153846153846154,0.5063696835418333,16,0.001,0.0,0.5,9,resize_cube128_hu_m600_1500
3,VALIDATION,0.55,0.5714285714285714,0.6666666666666666,0.45454545454545453,0.5504818825631803,16,0.001,0.0,0.5,9,resize_cube128_hu_m600_1500
3,TEST,0.64,0.7096774193548387,0.9166666666666666,0.38461538461538464,0.5937710859953544,16,0.001,0.0,0.5,9,resize_cube128_hu_m600_1500
4,VALIDATION,0.6,0.3333333333333333,0.2222222222222222,0.9090909090909091,0.4494665749754947,16,0.001,0.0,0.5,9,resize_cube128_hu_m600_1500
4,TEST,0.44,0.125,0.08333333333333333,0.7692307692307693,0.25318484177091666,16,0.001,0.0,0.5,9,resize_cube128_hu_m600_1500
5,VALIDATION,0.7,0.7272727272727273,0.8,0.6,0.6928203230275509,16,0.001,0.0,0.5,9,resize_cube128_hu_m600_1500
5,TEST,0.64,0.6666666666666666,0.8181818181818182,0.5,0.6396021490668313,16,0.001,0.0,0.5,9,resize_cube128_hu_m600_1500
MEAN,VALIDATION,0.6199999999999999,0.6023467760309865,0.6933333333333334,0.5563636363636364,0.5492763116468689,16,0.001,0.0,0.5,9,resize_cube128_hu_m600_1500
MEAN,TEST,0.544,0.5168921938276777,0.6303030303030304,0.46923076923076923,0.4516940525293666,16,0.001,0.0,0.5,9,resize_cube128_hu_m600_1500
1,VALIDATION,0.65,0.46153846153846156,0.3333333333333333,0.9090909090909091,0.5504818825631803,16,0.001,1e-05,0.0,9,resize_cube128_hu_m600_1500
1,TEST,0.52,0.25,0.16666666666666666,0.8461538461538461,0.3755338080994054,16,0.001,1e-05,0.0,9,resize_cube128_hu_m600_1500
2,VALIDATION,0.7,0.625,0.5555555555555556,0.8181818181818182,0.6741998624632421,16,0.001,1e-05,0.0,9,resize_cube128_hu_m600_1500
2,TEST,0.48,0.23529411764705882,0.16666666666666666,0.7692307692307693,0.35805743701971643,16,0.001,1e-05,0.0,9,resize_cube128_hu_m600_1500
3,VALIDATION,0.8,0.8,0.8888888888888888,0.7272727272727273,0.8040302522073697,16,0.001,1e-05,0.0,9,resize_cube128_hu_m600_1500
3,TEST,0.56,0.6451612903225806,0.8333333333333334,0.3076923076923077,0.5063696835418333,16,0.001,1e-05,0.0,9,resize_cube128_hu_m600_1500
4,VALIDATION,0.6,0.5,0.4444444444444444,0.7272727272727273,0.5685352436149611,16,0.001,1e-05,0.0,9,resize_cube128_hu_m600_1500
4,TEST,0.6,0.6153846153846154,0.6666666666666666,0.5384615384615384,0.599144689515278,16,0.001,1e-05,0.0,9,resize_cube128_hu_m600_1500
5,VALIDATION,0.65,0.6666666666666666,0.7,0.6,0.648074069840786,16,0.001,1e-05,0.0,9,resize_cube128_hu_m600_1500
5,TEST,0.68,0.6363636363636364,0.6363636363636364,0.7142857142857143,0.674199862463242,16,0.001,1e-05,0.0,9,resize_cube128_hu_m600_1500
MEAN,VALIDATION,0.68,0.6106410256410256,0.5844444444444445,0.7563636363636363,0.6490642621379077,16,0.001,1e-05,0.0,9,resize_cube128_hu_m600_1500
MEAN,TEST,0.5680000000000001,0.4764407319435782,0.49393939393939396,0.6351648351648352,0.502661096127895,16,0.001,1e-05,0.0,9,resize_cube128_hu_m600_1500
1,VALIDATION,0.5,0.5454545454545454,0.6666666666666666,0.36363636363636365,0.49236596391733095,16,0.001,1e-05,0.3,9,resize_cube128_hu_m600_1500
1,TEST,0.64,0.6896551724137931,0.8333333333333334,0.46153846153846156,0.6201736729460423,16,0.001,1e-05,0.3,9,resize_cube128_hu_m600_1500
2,VALIDATION,0.75,0.7368421052631579,0.7777777777777778,0.7272727272727273,0.7521014330903549,16,0.001,1e-05,0.3,9,resize_cube128_hu_m600_1500
2,TEST,0.36,0.1111111111111111,0.08333333333333333,0.6153846153846154,0.22645540682891915,16,0.001,1e-05,0.3,9,resize_cube128_hu_m600_1500
3,VALIDATION,0.55,0.6086956521739131,0.7777777777777778,0.36363636363636365,0.5318160234783105,16,0.001,1e-05,0.3,9,resize_cube128_hu_m600_1500
3,TEST,0.6,0.6875,0.9166666666666666,0.3076923076923077,0.5310850045437944,16,0.001,1e-05,0.3,9,resize_cube128_hu_m600_1500
4,VALIDATION,0.7,0.625,0.5555555555555556,0.8181818181818182,0.6741998624632421,16,0.001,1e-05,0.3,9,resize_cube128_hu_m600_1500
4,TEST,0.52,0.5,0.5,0.5384615384615384,0.5188745216627708,16,0.001,1e-05,0.3,9,resize_cube128_hu_m600_1500
5,VALIDATION,0.7,0.7272727272727273,0.8,0.6,0.6928203230275509,16,0.001,1e-05,0.3,9,resize_cube128_hu_m600_1500
5,TEST,0.6,0.6428571428571429,0.8181818181818182,0.42857142857142855,0.592156525463792,16,0.001,1e-05,0.3,9,resize_cube128_hu_m600_1500
MEAN,VALIDATION,0.64,0.6486530060328688,0.7155555555555555,0.5745454545454546,0.6286607211953579,16,0.001,1e-05,0.3,9,resize_cube128_hu_m600_1500
MEAN,TEST,0.544,0.5262246852764094,0.6303030303030304,0.4703296703296703,0.49774902628906376,16,0.001,1e-05,0.3,9,resize_cube128_hu_m600_1500
1,VALIDATION,0.5,0.6428571428571429,1.0,0.09090909090909091,0.30151134457776363,16,0.001,1e-05,0.5,9,resize_cube128_hu_m600_1500
1,TEST,0.52,0.6470588235294118,0.9166666666666666,0.15384615384615385,0.3755338080994054,16,0.001,1e-05,0.5,9,resize_cube128_hu_m600_1500
2,VALIDATION,0.75,0.7368421052631579,0.7777777777777778,0.7272727272727273,0.7521014330903549,16,0.001,1e-05,0.5,9,resize_cube128_hu_m600_1500
2,TEST,0.48,0.43478260869565216,0.4166666666666667,0.5384615384615384,0.47366546671567095,16,0.001,1e-05,0.5,9,resize_cube128_hu_m600_1500
3,VALIDATION,0.65,0.631578947368421,0.6666666666666666,0.6363636363636364,0.6513389472789296,16,0.001,1e-05,0.5,9,resize_cube128_hu_m600_1500
3,TEST,0.68,0.7333333333333333,0.9166666666666666,0.46153846153846156,0.6504436355879909,16,0.001,1e-05,0.5,9,resize_cube128_hu_m600_1500
4,VALIDATION,0.65,0.46153846153846156,0.3333333333333333,0.9090909090909091,0.5504818825631803,16,0.001,1e-05,0.5,9,resize_cube128_hu_m600_1500
4,TEST,0.44,0.2222222222222222,0.16666666666666666,0.6923076923076923,0.3396831102433787,16,0.001,1e-05,0.5,9,resize_cube128_hu_m600_1500
5,VALIDATION,0.7,0.7272727272727273,0.8,0.6,0.6928203230275509,16,0.001,1e-05,0.5,9,resize_cube128_hu_m600_1500
5,TEST,0.64,0.6666666666666666,0.8181818181818182,0.5,0.6396021490668313,16,0.001,1e-05,0.5,9,resize_cube128_hu_m600_1500
MEAN,VALIDATION,0.65,0.6400178768599822,0.7155555555555555,0.5927272727272728,0.589650786107556,16,0.001,1e-05,0.5,9,resize_cube128_hu_m600_1500
MEAN,TEST,0.552,0.5408127308894572,0.646969696969697,0.4692307692307692,0.4957856339426555,16,0.001,1e-05,0.5,9,resize_cube128_hu_m600_1500
1,VALIDATION,0.65,0.46153846153846156,0.3333333333333333,0.9090909090909091,0.5504818825631803,32,0.001,0.0,0.0,9,resize_cube128_hu_m600_1500
1,TEST,0.6,0.375,0.25,0.9230769230769231,0.4803844614152614,32,0.001,0.0,0.0,9,resize_cube128_hu_m600_1500
2,VALIDATION,0.75,0.7619047619047619,0.8888888888888888,0.6363636363636364,0.7521014330903549,32,0.001,0.0,0.0,9,resize_cube128_hu_m600_1500
2,TEST,0.68,0.6666666666666666,0.6666666666666666,0.6923076923076923,0.6793662204867574,32,0.001,0.0,0.0,9,resize_cube128_hu_m600_1500
3,VALIDATION,0.6,0.5555555555555556,0.5555555555555556,0.6363636363636364,0.5945883900105632,32,0.001,0.0,0.0,9,resize_cube128_hu_m600_1500
3,TEST,0.6,0.6153846153846154,0.6666666666666666,0.5384615384615384,0.599144689515278,32,0.001,0.0,0.0,9,resize_cube128_hu_m600_1500
4,VALIDATION,0.7,0.5714285714285714,0.4444444444444444,0.9090909090909091,0.6356417261637282,32,0.001,0.0,0.0,9,resize_cube128_hu_m600_1500
4,TEST,0.52,0.6,0.75,0.3076923076923077,0.4803844614152614,32,0.001,0.0,0.0,9,resize_cube128_hu_m600_1500
5,VALIDATION,0.55,0.5263157894736842,0.5,0.6,0.5477225575051661,32,0.001,0.0,0.0,9,resize_cube128_hu_m600_1500
5,TEST,0.68,0.5,0.36363636363636365,0.9285714285714286,0.5810872031479765,32,0.001,0.0,0.0,9,resize_cube128_hu_m600_1500
MEAN,VALIDATION,0.65,0.5753486279802069,0.5444444444444445,0.7381818181818182,0.6161071978665985,32,0.001,0.0,0.0,9,resize_cube128_hu_m600_1500
MEAN,TEST,0.616,0.5514102564102564,0.5393939393939393,0.6780219780219781,0.5640734071961069,32,0.001,0.0,0.0,9,resize_cube128_hu_m600_1500
1,VALIDATION,0.5,0.5454545454545454,0.6666666666666666,0.36363636363636365,0.49236596391733095,32,0.001,0.0,0.3,9,resize_cube128_hu_m600_1500
1,TEST,0.68,0.6923076923076923,0.75,0.6153846153846154,0.6793662204867574,32,0.001,0.0,0.3,9,resize_cube128_hu_m600_1500
2,VALIDATION,0.65,0.631578947368421,0.6666666666666666,0.6363636363636364,0.6513389472789296,32,0.001,0.0,0.3,9,resize_cube128_hu_m600_1500
2,TEST,0.48,0.43478260869565216,0.4166666666666667,0.5384615384615384,0.47366546671567095,32,0.001,0.0,0.3,9,resize_cube128_hu_m600_1500
3,VALIDATION,0.75,0.7368421052631579,0.7777777777777778,0.7272727272727273,0.7521014330903549,32,0.001,0.0,0.3,9,resize_cube128_hu_m600_1500
3,TEST,0.84,0.8571428571428571,1.0,0.6923076923076923,0.8320502943378437,32,0.001,0.0,0.3,9,resize_cube128_hu_m600_1500
4,VALIDATION,0.65,0.631578947368421,0.6666666666666666,0.6363636363636364,0.6513389472789296,32,0.001,0.0,0.3,9,resize_cube128_hu_m600_1500
4,TEST,0.52,0.5714285714285714,0.6666666666666666,0.38461538461538464,0.5063696835418333,32,0.001,0.0,0.3,9,resize_cube128_hu_m600_1500
5,VALIDATION,0.7,0.7272727272727273,0.8,0.6,0.6928203230275509,32,0.001,0.0,0.3,9,resize_cube128_hu_m600_1500
5,TEST,0.64,0.6666666666666666,0.8181818181818182,0.5,0.6396021490668313,32,0.001,0.0,0.3,9,resize_cube128_hu_m600_1500
MEAN,VALIDATION,0.65,0.6545454545454545,0.7155555555555555,0.5927272727272728,0.6479931229186192,32,0.001,0.0,0.3,9,resize_cube128_hu_m600_1500
MEAN,TEST,0.632,0.6444656792482879,0.7303030303030303,0.5461538461538462,0.6262107628297874,32,0.001,0.0,0.3,9,resize_cube128_hu_m600_1500
1,VALIDATION,0.6,0.3333333333333333,0.2222222222222222,0.9090909090909091,0.4494665749754947,32,0.001,0.0,0.5,9,resize_cube128_hu_m600_1500
1,TEST,0.52,0.25,0.16666666666666666,0.8461538461538461,0.3755338080994054,32,0.001,0.0,0.5,9,resize_cube128_hu_m600_1500
2,VALIDATION,0.7,0.75,1.0,0.45454545454545453,0.674199862463242,32,0.001,0.0,0.5,9,resize_cube128_hu_m600_1500
2,TEST,0.48,0.6060606060606061,0.8333333333333334,0.15384615384615385,0.3580574370197165,32,0.001,0.0,0.5,9,resize_cube128_hu_m600_1500
3,VALIDATION,0.8,0.8,0.8888888888888888,0.7272727272727273,0.8040302522073697,32,0.001,0.0,0.5,9,resize_cube128_hu_m600_1500
3,TEST,0.84,0.8571428571428571,1.0,0.6923076923076923,0.8320502943378437,32,0.001,0.0,0.5,9,resize_cube128_hu_m600_1500
4,VALIDATION,0.65,0.5333333333333333,0.4444444444444444,0.8181818181818182,0.6030226891555273,32,0.001,0.0,0.5,9,resize_cube128_hu_m600_1500
4,TEST,0.48,0.38095238095238093,0.3333333333333333,0.6153846153846154,0.4529108136578383,32,0.001,0.0,0.5,9,resize_cube128_hu_m600_1500
5,VALIDATION,0.7,0.7272727272727273,0.8,0.6,0.6928203230275509,32,0.001,0.0,0.5,9,resize_cube128_hu_m600_1500
5,TEST,0.64,0.6666666666666666,0.8181818181818182,0.5,0.6396021490668313,32,0.001,0.0,0.5,9,resize_cube128_hu_m600_1500
MEAN,VALIDATION,0.6899999999999998,0.6287878787878787,0.671111111111111,0.7018181818181819,0.6447079403658369,32,0.001,0.0,0.5,9,resize_cube128_hu_m600_1500
MEAN,TEST,0.592,0.5521645021645021,0.6303030303030304,0.5615384615384615,0.531630900436327,32,0.001,0.0,0.5,9,resize_cube128_hu_m600_1500
1,VALIDATION,0.65,0.6666666666666666,0.7777777777777778,0.5454545454545454,0.6513389472789296,32,0.001,1e-05,0.0,9,resize_cube128_hu_m600_1500
1,TEST,0.68,0.6363636363636364,0.5833333333333334,0.7692307692307693,0.6698641270570838,32,0.001,1e-05,0.0,9,resize_cube128_hu_m600_1500
2,VALIDATION,0.75,0.6666666666666666,0.5555555555555556,0.9090909090909091,0.7106690545187014,32,0.001,1e-05,0.0,9,resize_cube128_hu_m600_1500
2,TEST,0.44,0.125,0.08333333333333333,0.7692307692307693,0.25318484177091666,32,0.001,1e-05,0.0,9,resize_cube128_hu_m600_1500
3,VALIDATION,0.75,0.7368421052631579,0.7777777777777778,0.7272727272727273,0.7521014330903549,32,0.001,1e-05,0.0,9,resize_cube128_hu_m600_1500
3,TEST,0.68,0.6923076923076923,0.75,0.6153846153846154,0.6793662204867574,32,0.001,1e-05,0.0,9,resize_cube128_hu_m600_1500
4,VALIDATION,0.5,0.5,0.5555555555555556,0.45454545454545453,0.502518907629606,32,0.001,1e-05,0.0,9,resize_cube128_hu_m600_1500
4,TEST,0.48,0.5185185185185185,0.5833333333333334,0.38461538461538464,0.47366546671567095,32,0.001,1e-05,0.0,9,resize_cube128_hu_m600_1500
5,VALIDATION,0.65,0.6666666666666666,0.7,0.6,0.648074069840786,32,0.001,1e-05,0.0,9,resize_cube128_hu_m600_1500
5,TEST,0.76,0.7,0.6363636363636364,0.8571428571428571,0.7385489458759964,32,0.001,1e-05,0.0,9,resize_cube128_hu_m600_1500
MEAN,VALIDATION,0.6599999999999999,0.6473684210526315,0.6733333333333335,0.6472727272727272,0.6529404824716756,32,0.001,1e-05,0.0,9,resize_cube128_hu_m600_1500
MEAN,TEST,0.608,0.5344379694379695,0.5272727272727272,0.6791208791208792,0.5629259203812851,32,0.001,1e-05,0.0,9,resize_cube128_hu_m600_1500
1,VALIDATION,0.55,0.47058823529411764,0.4444444444444444,0.6363636363636364,0.5318160234783105,32,0.001,1e-05,0.3,9,resize_cube128_hu_m600_1500
1,TEST,0.64,0.5714285714285714,0.5,0.7692307692307693,0.6201736729460423,32,0.001,1e-05,0.3,9,resize_cube128_hu_m600_1500
2,VALIDATION,0.7,0.625,0.5555555555555556,0.8181818181818182,0.6741998624632421,32,0.001,1e-05,0.3,9,resize_cube128_hu_m600_1500
2,TEST,0.44,0.125,0.08333333333333333,0.7692307692307693,0.25318484177091666,32,0.001,1e-05,0.3,9,resize_cube128_hu_m600_1500
3,VALIDATION,0.7,0.6666666666666666,0.6666666666666666,0.7272727272727273,0.6963106238227914,32,0.001,1e-05,0.3,9,resize_cube128_hu_m600_1500
3,TEST,0.8,0.8148148148148148,0.9166666666666666,0.6923076923076923,0.7966275068156915,32,0.001,1e-05,0.3,9,resize_cube128_hu_m600_1500
4,VALIDATION,0.65,0.631578947368421,0.6666666666666666,0.6363636363636364,0.6513389472789296,32,0.001,1e-05,0.3,9,resize_cube128_hu_m600_1500
4,TEST,0.4,0.5161290322580645,0.6666666666666666,0.15384615384615385,0.32025630761017426,32,0.001,1e-05,0.3,9,resize_cube128_hu_m600_1500
5,VALIDATION,0.7,0.7272727272727273,0.8,0.6,0.6928203230275509,32,0.001,1e-05,0.3,9,resize_cube128_hu_m600_1500
5,TEST,0.6,0.6428571428571429,0.8181818181818182,0.42857142857142855,0.592156525463792,32,0.001,1e-05,0.3,9,resize_cube128_hu_m600_1500
MEAN,VALIDATION,0.6599999999999999,0.6242213153203865,0.6266666666666666,0.6836363636363636,0.6492971560141649,32,0.001,1e-05,0.3,9,resize_cube128_hu_m600_1500
MEAN,TEST,0.5760000000000001,0.5340459122717187,0.5969696969696969,0.5626373626373626,0.5164797709213234,32,0.001,1e-05,0.3,9,resize_cube128_hu_m600_1500
1,VALIDATION,0.65,0.5333333333333333,0.4444444444444444,0.8181818181818182,0.6030226891555273,32,0.001,1e-05,0.5,9,resize_cube128_hu_m600_1500
1,TEST,0.56,0.35294117647058826,0.25,0.8461538461538461,0.45993310550389993,32,0.001,1e-05,0.5,9,resize_cube128_hu_m600_1500
2,VALIDATION,0.7,0.6666666666666666,0.6666666666666666,0.7272727272727273,0.6963106238227914,32,0.001,1e-05,0.5,9,resize_cube128_hu_m600_1500
2,TEST,0.4,0.2857142857142857,0.25,0.5384615384615384,0.3668996928526714,32,0.001,1e-05,0.5,9,resize_cube128_hu_m600_1500
3,VALIDATION,0.6,0.3333333333333333,0.2222222222222222,0.9090909090909091,0.4494665749754947,32,0.001,1e-05,0.5,9,resize_cube128_hu_m600_1500
3,TEST,0.64,0.5263157894736842,0.4166666666666667,0.8461538461538461,0.5937710859953544,32,0.001,1e-05,0.5,9,resize_cube128_hu_m600_1500
4,VALIDATION,0.6,0.3333333333333333,0.2222222222222222,0.9090909090909091,0.4494665749754947,32,0.001,1e-05,0.5,9,resize_cube128_hu_m600_1500
4,TEST,0.56,0.15384615384615385,0.08333333333333333,1.0,0.28867513459481287,32,0.001,1e-05,0.5,9,resize_cube128_hu_m600_1500
5,VALIDATION,0.65,0.6666666666666666,0.7,0.6,0.648074069840786,32,0.001,1e-05,0.5,9,resize_cube128_hu_m600_1500
5,TEST,0.64,0.64,0.7272727272727273,0.5714285714285714,0.6446583712203042,32,0.001,1e-05,0.5,9,resize_cube128_hu_m600_1500
MEAN,VALIDATION,0.64,0.5066666666666666,0.45111111111111113,0.7927272727272727,0.5692681065540188,32,0.001,1e-05,0.5,9,resize_cube128_hu_m600_1500
MEAN,TEST,0.56,0.3917634811009424,0.34545454545454546,0.7604395604395604,0.4707874780334086,32,0.001,1e-05,0.5,9,resize_cube128_hu_m600_1500
1,VALIDATION,0.5,0.5454545454545454,0.6666666666666666,0.36363636363636365,0.49236596391733095,4,0.001,0.0,0.0,9,resize_cube128_hu_m300_1400
1,TEST,0.56,0.6451612903225806,0.8333333333333334,0.3076923076923077,0.5063696835418333,4,0.001,0.0,0.0,9,resize_cube128_hu_m300_1400
2,VALIDATION,0.7,0.7,0.7777777777777778,0.6363636363636364,0.7035264706814485,4,0.001,0.0,0.0,9,resize_cube128_hu_m300_1400
2,TEST,0.44,0.3,0.25,0.6153846153846154,0.3922322702763681,4,0.001,0.0,0.0,9,resize_cube128_hu_m300_1400
3,VALIDATION,0.65,0.5882352941176471,0.5555555555555556,0.7272727272727273,0.6356417261637283,4,0.001,0.0,0.0,9,resize_cube128_hu_m300_1400
3,TEST,0.68,0.6923076923076923,0.75,0.6153846153846154,0.6793662204867574,4,0.001,0.0,0.0,9,resize_cube128_hu_m300_1400
4,VALIDATION,0.7,0.625,0.5555555555555556,0.8181818181818182,0.6741998624632421,4,0.001,0.0,0.0,9,resize_cube128_hu_m300_1400
4,TEST,0.56,0.6451612903225806,0.8333333333333334,0.3076923076923077,0.5063696835418333,4,0.001,0.0,0.0,9,resize_cube128_hu_m300_1400
5,VALIDATION,0.65,0.631578947368421,0.6,0.7,0.648074069840786,4,0.001,0.0,0.0,9,resize_cube128_hu_m300_1400
5,TEST,0.68,0.6,0.5454545454545454,0.7857142857142857,0.6546536707079771,4,0.001,0.0,0.0,9,resize_cube128_hu_m300_1400
MEAN,VALIDATION,0.6399999999999999,0.6180537573881226,0.6311111111111111,0.649090909090909,0.6307616186133072,4,0.001,0.0,0.0,9,resize_cube128_hu_m300_1400
MEAN,TEST,0.5840000000000001,0.5765260545905707,0.6424242424242425,0.5263736263736264,0.5477983057109539,4,0.001,0.0,0.0,9,resize_cube128_hu_m300_1400
1,VALIDATION,0.5,0.5454545454545454,0.6666666666666666,0.36363636363636365,0.49236596391733095,4,0.001,0.0,0.3,9,resize_cube128_hu_m300_1400
1,TEST,0.64,0.6896551724137931,0.8333333333333334,0.46153846153846156,0.6201736729460423,4,0.001,0.0,0.3,9,resize_cube128_hu_m300_1400
2,VALIDATION,0.8,0.8,0.8888888888888888,0.7272727272727273,0.8040302522073697,4,0.001,0.0,0.3,9,resize_cube128_hu_m300_1400
2,TEST,0.52,0.45454545454545453,0.4166666666666667,0.6153846153846154,0.5063696835418333,4,0.001,0.0,0.3,9,resize_cube128_hu_m300_1400
3,VALIDATION,0.55,0.6086956521739131,0.7777777777777778,0.36363636363636365,0.5318160234783105,4,0.001,0.0,0.3,9,resize_cube128_hu_m300_1400
3,TEST,0.6,0.6875,0.9166666666666666,0.3076923076923077,0.5310850045437944,4,0.001,0.0,0.3,9,resize_cube128_hu_m300_1400
4,VALIDATION,0.7,0.7,0.7777777777777778,0.6363636363636364,0.7035264706814485,4,0.001,0.0,0.3,9,resize_cube128_hu_m300_1400
4,TEST,0.4,0.5454545454545454,0.75,0.07692307692307693,0.2401922307076307,4,0.001,0.0,0.3,9,resize_cube128_hu_m300_1400
5,VALIDATION,0.7,0.7272727272727273,0.8,0.6,0.6928203230275509,4,0.001,0.0,0.3,9,resize_cube128_hu_m300_1400
5,TEST,0.68,0.6923076923076923,0.8181818181818182,0.5714285714285714,0.6837634587578277,4,0.001,0.0,0.3,9,resize_cube128_hu_m300_1400
MEAN,VALIDATION,0.65,0.6762845849802371,0.7822222222222222,0.5381818181818182,0.644911806662402,4,0.001,0.0,0.3,9,resize_cube128_hu_m300_1400
MEAN,TEST,0.5680000000000001,0.613892572944297,0.746969696969697,0.4065934065934066,0.5163168100994256,4,0.001,0.0,0.3,9,resize_cube128_hu_m300_1400
1,VALIDATION,0.6,0.42857142857142855,0.3333333333333333,0.8181818181818182,0.5222329678670935,4,0.001,0.0,0.5,9,resize_cube128_hu_m300_1400
1,TEST,0.52,0.25,0.16666666666666666,0.8461538461538461,0.3755338080994054,4,0.001,0.0,0.5,9,resize_cube128_hu_m300_1400
2,VALIDATION,0.75,0.7368421052631579,0.7777777777777778,0.7272727272727273,0.7521014330903549,4,0.001,0.0,0.5,9,resize_cube128_hu_m300_1400
2,TEST,0.52,0.45454545454545453,0.4166666666666667,0.6153846153846154,0.5063696835418333,4,0.001,0.0,0.5,9,resize_cube128_hu_m300_1400
3,VALIDATION,0.7,0.7272727272727273,0.8888888888888888,0.5454545454545454,0.6963106238227913,4,0.001,0.0,0.5,9,resize_cube128_hu_m300_1400
3,TEST,0.76,0.7692307692307693,0.8333333333333334,0.6923076923076923,0.75955452531275,4,0.001,0.0,0.5,9,resize_cube128_hu_m300_1400
4,VALIDATION,0.75,0.7058823529411765,0.6666666666666666,0.8181818181818182,0.7385489458759964,4,0.001,0.0,0.5,9,resize_cube128_hu_m300_1400
4,TEST,0.56,0.6451612903225806,0.8333333333333334,0.3076923076923077,0.5063696835418333,4,0.001,0.0,0.5,9,resize_cube128_hu_m300_1400
5,VALIDATION,0.6,0.6,0.6,0.6,0.6,4,0.001,0.0,0.5,9,resize_cube128_hu_m300_1400
5,TEST,0.64,0.64,0.7272727272727273,0.5714285714285714,0.6446583712203042,4,0.001,0.0,0.5,9,resize_cube128_hu_m300_1400
MEAN,VALIDATION,0.6799999999999999,0.6397137228096981,0.6533333333333333,0.7018181818181819,0.6618387941312472,4,0.001,0.0,0.5,9,resize_cube128_hu_m300_1400
MEAN,TEST,0.6000000000000001,0.5517875028197609,0.5954545454545455,0.6065934065934065,0.5584972143432253,4,0.001,0.0,0.5,9,resize_cube128_hu_m300_1400
1,VALIDATION,0.55,0.5263157894736842,0.5555555555555556,0.5454545454545454,0.5504818825631803,4,0.001,1e-05,0.0,9,resize_cube128_hu_m300_1400
1,TEST,0.52,0.5,0.5,0.5384615384615384,0.5188745216627708,4,0.001,1e-05,0.0,9,resize_cube128_hu_m300_1400
2,VALIDATION,0.75,0.7368421052631579,0.7777777777777778,0.7272727272727273,0.7521014330903549,4,0.001,1e-05,0.0,9,resize_cube128_hu_m300_1400
2,TEST,0.52,0.4,0.3333333333333333,0.6923076923076923,0.48038446141526137,4,0.001,1e-05,0.0,9,resize_cube128_hu_m300_1400
3,VALIDATION,0.7,0.6666666666666666,0.6666666666666666,0.7272727272727273,0.6963106238227914,4,0.001,1e-05,0.0,9,resize_cube128_hu_m300_1400
3,TEST,0.52,0.5,0.5,0.5384615384615384,0.5188745216627708,4,0.001,1e-05,0.0,9,resize_cube128_hu_m300_1400
4,VALIDATION,0.65,0.631578947368421,0.6666666666666666,0.6363636363636364,0.6513389472789296,4,0.001,1e-05,0.0,9,resize_cube128_hu_m300_1400
4,TEST,0.52,0.5714285714285714,0.6666666666666666,0.38461538461538464,0.5063696835418333,4,0.001,1e-05,0.0,9,resize_cube128_hu_m300_1400
5,VALIDATION,0.7,0.7272727272727273,0.8,0.6,0.6928203230275509,4,0.001,1e-05,0.0,9,resize_cube128_hu_m300_1400
5,TEST,0.68,0.6923076923076923,0.8181818181818182,0.5714285714285714,0.6837634587578277,4,0.001,1e-05,0.0,9,resize_cube128_hu_m300_1400
MEAN,VALIDATION,0.6699999999999999,0.6577352472089315,0.6933333333333334,0.6472727272727272,0.6686106419565615,4,0.001,1e-05,0.0,9,resize_cube128_hu_m300_1400
MEAN,TEST,0.552,0.5327472527472528,0.5636363636363637,0.5450549450549451,0.5416533294080927,4,0.001,1e-05,0.0,9,resize_cube128_hu_m300_1400
1,VALIDATION,0.45,0.5217391304347826,0.6666666666666666,0.2727272727272727,0.42640143271122083,4,0.001,1e-05,0.3,9,resize_cube128_hu_m300_1400
1,TEST,0.56,0.6451612903225806,0.8333333333333334,0.3076923076923077,0.5063696835418333,4,0.001,1e-05,0.3,9,resize_cube128_hu_m300_1400
2,VALIDATION,0.75,0.7368421052631579,0.7777777777777778,0.7272727272727273,0.7521014330903549,4,0.001,1e-05,0.3,9,resize_cube128_hu_m300_1400
2,TEST,0.48,0.38095238095238093,0.3333333333333333,0.6153846153846154,0.4529108136578383,4,0.001,1e-05,0.3,9,resize_cube128_hu_m300_1400
3,VALIDATION,0.55,0.6086956521739131,0.7777777777777778,0.36363636363636365,0.5318160234783105,4,0.001,1e-05,0.3,9,resize_cube128_hu_m300_1400
3,TEST,0.72,0.7586206896551724,0.9166666666666666,0.5384615384615384,0.7025594235292439,4,0.001,1e-05,0.3,9,resize_cube128_hu_m300_1400
4,VALIDATION,0.6,0.5555555555555556,0.5555555555555556,0.6363636363636364,0.5945883900105632,4,0.001,1e-05,0.3,9,resize_cube128_hu_m300_1400
4,TEST,0.48,0.6285714285714286,0.9166666666666666,0.07692307692307693,0.2655425022718972,4,0.001,1e-05,0.3,9,resize_cube128_hu_m300_1400
5,VALIDATION,0.65,0.6666666666666666,0.7,0.6,0.648074069840786,4,0.001,1e-05,0.3,9,resize_cube128_hu_m300_1400
5,TEST,0.68,0.6923076923076923,0.8181818181818182,0.5714285714285714,0.6837634587578277,4,0.001,1e-05,0.3,9,resize_cube128_hu_m300_1400
MEAN,VALIDATION,0.6,0.6178998220188151,0.6955555555555556,0.52,0.590596269826247,4,0.001,1e-05,0.3,9,resize_cube128_hu_m300_1400
MEAN,TEST,0.5840000000000001,0.6211226963618509,0.7636363636363637,0.421978021978022,0.522229176351728,4,0.001,1e-05,0.3,9,resize_cube128_hu_m300_1400
1,VALIDATION,0.55,0.5714285714285714,0.6666666666666666,0.45454545454545453,0.5504818825631803,4,0.001,1e-05,0.5,9,resize_cube128_hu_m300_1400
1,TEST,0.64,0.6666666666666666,0.75,0.5384615384615384,0.6354889093022426,4,0.001,1e-05,0.5,9,resize_cube128_hu_m300_1400
2,VALIDATION,0.75,0.7368421052631579,0.7777777777777778,0.7272727272727273,0.7521014330903549,4,0.001,1e-05,0.5,9,resize_cube128_hu_m300_1400
2,TEST,0.56,0.47619047619047616,0.4166666666666667,0.6923076923076923,0.5370861555295747,4,0.001,1e-05,0.5,9,resize_cube128_hu_m300_1400
3,VALIDATION,0.55,0.6086956521739131,0.7777777777777778,0.36363636363636365,0.5318160234783105,4,0.001,1e-05,0.5,9,resize_cube128_hu_m300_1400
3,TEST,0.68,0.7333333333333333,0.9166666666666666,0.46153846153846156,0.6504436355879909,4,0.001,1e-05,0.5,9,resize_cube128_hu_m300_1400
4,VALIDATION,0.65,0.5333333333333333,0.4444444444444444,0.8181818181818182,0.6030226891555273,4,0.001,1e-05,0.5,9,resize_cube128_hu_m300_1400
4,TEST,0.4,0.21052631578947367,0.16666666666666666,0.6153846153846154,0.32025630761017426,4,0.001,1e-05,0.5,9,resize_cube128_hu_m300_1400
5,VALIDATION,0.65,0.6666666666666666,0.7,0.6,0.648074069840786,4,0.001,1e-05,0.5,9,resize_cube128_hu_m300_1400
5,TEST,0.64,0.6086956521739131,0.6363636363636364,0.6428571428571429,0.6396021490668313,4,0.001,1e-05,0.5,9,resize_cube128_hu_m300_1400
MEAN,VALIDATION,0.63,0.6233932657731284,0.6733333333333335,0.5927272727272728,0.6170992196256317,4,0.001,1e-05,0.5,9,resize_cube128_hu_m300_1400
MEAN,TEST,0.5840000000000001,0.5390824888307726,0.5772727272727273,0.5901098901098901,0.5565754314193627,4,0.001,1e-05,0.5,9,resize_cube128_hu_m300_1400
1,VALIDATION,0.55,0.5714285714285714,0.6666666666666666,0.45454545454545453,0.5504818825631803,8,0.001,0.0,0.0,9,resize_cube128_hu_m300_1400
1,TEST,0.6,0.6428571428571429,0.75,0.46153846153846156,0.5883484054145521,8,0.001,0.0,0.0,9,resize_cube128_hu_m300_1400
2,VALIDATION,0.75,0.7058823529411765,0.6666666666666666,0.8181818181818182,0.7385489458759964,8,0.001,0.0,0.0,9,resize_cube128_hu_m300_1400
2,TEST,0.48,0.13333333333333333,0.08333333333333333,0.8461538461538461,0.2655425022718972,8,0.001,0.0,0.0,9,resize_cube128_hu_m300_1400
3,VALIDATION,0.6,0.5555555555555556,0.5555555555555556,0.6363636363636364,0.5945883900105632,8,0.001,0.0,0.0,9,resize_cube128_hu_m300_1400
3,TEST,0.64,0.6666666666666666,0.75,0.5384615384615384,0.6354889093022426,8,0.001,0.0,0.0,9,resize_cube128_hu_m300_1400
4,VALIDATION,0.65,0.5333333333333333,0.4444444444444444,0.8181818181818182,0.6030226891555273,8,0.001,0.0,0.0,9,resize_cube128_hu_m300_1400
4,TEST,0.64,0.6086956521739131,0.5833333333333334,0.6923076923076923,0.6354889093022426,8,0.001,0.0,0.0,9,resize_cube128_hu_m300_1400
5,VALIDATION,0.65,0.72,0.9,0.4,0.6000000000000001,8,0.001,0.0,0.0,9,resize_cube128_hu_m300_1400
5,TEST,0.6,0.6666666666666666,0.9090909090909091,0.35714285714285715,0.5698028822981898,8,0.001,0.0,0.0,9,resize_cube128_hu_m300_1400
MEAN,VALIDATION,0.6399999999999999,0.6172399626517274,0.6466666666666666,0.6254545454545455,0.6173283815210534,8,0.001,0.0,0.0,9,resize_cube128_hu_m300_1400
MEAN,TEST,0.5920000000000001,0.5436438923395446,0.6151515151515152,0.5791208791208791,0.5389343217178248,8,0.001,0.0,0.0,9,resize_cube128_hu_m300_1400
1,VALIDATION,0.5,0.5454545454545454,0.6666666666666666,0.36363636363636365,0.49236596391733095,8,0.001,0.0,0.3,9,resize_cube128_hu_m300_1400
1,TEST,0.64,0.6896551724137931,0.8333333333333334,0.46153846153846156,0.6201736729460423,8,0.001,0.0,0.3,9,resize_cube128_hu_m300_1400
2,VALIDATION,0.65,0.6666666666666666,0.7777777777777778,0.5454545454545454,0.6513389472789296,8,0.001,0.0,0.3,9,resize_cube128_hu_m300_1400
2,TEST,0.56,0.5925925925925926,0.6666666666666666,0.46153846153846156,0.5547001962252291,8,0.001,0.0,0.3,9,resize_cube128_hu_m300_1400
3,VALIDATION,0.6,0.5,0.4444444444444444,0.7272727272727273,0.5685352436149611,8,0.001,0.0,0.3,9,resize_cube128_hu_m300_1400
3,TEST,0.72,0.72,0.75,0.6923076923076923,0.7205766921228921,8,0.001,0.0,0.3,9,resize_cube128_hu_m300_1400
4,VALIDATION,0.7,0.7,0.7777777777777778,0.6363636363636364,0.7035264706814485,8,0.001,0.0,0.3,9,resize_cube128_hu_m300_1400
4,TEST,0.4,0.5454545454545454,0.75,0.07692307692307693,0.2401922307076307,8,0.001,0.0,0.3,9,resize_cube128_hu_m300_1400
5,VALIDATION,0.65,0.6666666666666666,0.7,0.6,0.648074069840786,8,0.001,0.0,0.3,9,resize_cube128_hu_m300_1400
5,TEST,0.64,0.64,0.7272727272727273,0.5714285714285714,0.6446583712203042,8,0.001,0.0,0.3,9,resize_cube128_hu_m300_1400
MEAN,VALIDATION,0.62,0.6157575757575757,0.6733333333333332,0.5745454545454545,0.6127681390666913,8,0.001,0.0,0.3,9,resize_cube128_hu_m300_1400
MEAN,TEST,0.5920000000000001,0.6375404620921863,0.7454545454545455,0.45274725274725275,0.5560602326444197,8,0.001,0.0,0.3,9,resize_cube128_hu_m300_1400
1,VALIDATION,0.5,0.5833333333333334,0.7777777777777778,0.2727272727272727,0.4605661864718383,8,0.001,0.0,0.5,9,resize_cube128_hu_m300_1400
1,TEST,0.6,0.6153846153846154,0.6666666666666666,0.5384615384615384,0.599144689515278,8,0.001,0.0,0.5,9,resize_cube128_hu_m300_1400
2,VALIDATION,0.55,0.6666666666666666,1.0,0.18181818181818182,0.4264014327112209,8,0.001,0.0,0.5,9,resize_cube128_hu_m300_1400
2,TEST,0.52,0.6470588235294118,0.9166666666666666,0.15384615384615385,0.3755338080994054,8,0.001,0.0,0.5,9,resize_cube128_hu_m300_1400
3,VALIDATION,0.7,0.7272727272727273,0.8888888888888888,0.5454545454545454,0.6963106238227913,8,0.001,0.0,0.5,9,resize_cube128_hu_m300_1400
3,TEST,0.76,0.8,1.0,0.5384615384615384,0.7337993857053428,8,0.001,0.0,0.5,9,resize_cube128_hu_m300_1400
4,VALIDATION,0.5,0.5,0.5555555555555556,0.45454545454545453,0.502518907629606,8,0.001,0.0,0.5,9,resize_cube128_hu_m300_1400
4,TEST,0.52,0.6666666666666666,1.0,0.07692307692307693,0.2773500981126146,8,0.001,0.0,0.5,9,resize_cube128_hu_m300_1400
5,VALIDATION,0.7,0.7272727272727273,0.8,0.6,0.6928203230275509,8,0.001,0.0,0.5,9,resize_cube128_hu_m300_1400
5,TEST,0.64,0.6666666666666666,0.8181818181818182,0.5,0.6396021490668313,8,0.001,0.0,0.5,9,resize_cube128_hu_m300_1400
MEAN,VALIDATION,0.5900000000000001,0.640909090909091,0.8044444444444444,0.41090909090909095,0.5557234947326014,8,0.001,0.0,0.5,9,resize_cube128_hu_m300_1400
MEAN,TEST,0.6080000000000001,0.679155354449472,0.8803030303030303,0.36153846153846153,0.5250860260998944,8,0.001,0.0,0.5,9,resize_cube128_hu_m300_1400
1,VALIDATION,0.65,0.72,1.0,0.36363636363636365,0.6030226891555273,8,0.001,1e-05,0.0,9,resize_cube128_hu_m300_1400
1,TEST,0.64,0.7096774193548387,0.9166666666666666,0.38461538461538464,0.5937710859953544,8,0.001,1e-05,0.0,9,resize_cube128_hu_m300_1400
2,VALIDATION,0.65,0.6666666666666666,0.7777777777777778,0.5454545454545454,0.6513389472789296,8,0.001,1e-05,0.0,9,resize_cube128_hu_m300_1400
2,TEST,0.6,0.5454545454545454,0.5,0.6923076923076923,0.5883484054145521,8,0.001,1e-05,0.0,9,resize_cube128_hu_m300_1400
3,VALIDATION,0.75,0.7368421052631579,0.7777777777777778,0.7272727272727273,0.7521014330903549,8,0.001,1e-05,0.0,9,resize_cube128_hu_m300_1400
3,TEST,0.6,0.6666666666666666,0.8333333333333334,0.38461538461538464,0.5661385170722979,8,0.001,1e-05,0.0,9,resize_cube128_hu_m300_1400
4,VALIDATION,0.65,0.5882352941176471,0.5555555555555556,0.7272727272727273,0.6356417261637283,8,0.001,1e-05,0.0,9,resize_cube128_hu_m300_1400
4,TEST,0.52,0.6,0.75,0.3076923076923077,0.4803844614152614,8,0.001,1e-05,0.0,9,resize_cube128_hu_m300_1400
5,VALIDATION,0.75,0.7058823529411765,0.6,0.9,0.7348469228349535,8,0.001,1e-05,0.0,9,resize_cube128_hu_m300_1400
5,TEST,0.64,0.47058823529411764,0.36363636363636365,0.8571428571428571,0.5582905262390825,8,0.001,1e-05,0.0,9,resize_cube128_hu_m300_1400
MEAN,VALIDATION,0.69,0.6835252837977297,0.7422222222222221,0.6527272727272726,0.6753903437046987,8,0.001,1e-05,0.0,9,resize_cube128_hu_m300_1400
MEAN,TEST,0.6,0.5984773733540337,0.6727272727272727,0.5252747252747253,0.5573865992273097,8,0.001,1e-05,0.0,9,resize_cube128_hu_m300_1400
1,VALIDATION,0.65,0.5333333333333333,0.4444444444444444,0.8181818181818182,0.6030226891555273,8,0.001,1e-05,0.3,9,resize_cube128_hu_m300_1400
1,TEST,0.64,0.5714285714285714,0.5,0.7692307692307693,0.6201736729460423,8,0.001,1e-05,0.3,9,resize_cube128_hu_m300_1400
2,VALIDATION,0.75,0.7619047619047619,0.8888888888888888,0.6363636363636364,0.7521014330903549,8,0.001,1e-05,0.3,9,resize_cube128_hu_m300_1400
2,TEST,0.56,0.56,0.5833333333333334,0.5384615384615384,0.560448538317805,8,0.001,1e-05,0.3,9,resize_cube128_hu_m300_1400
3,VALIDATION,0.7,0.6666666666666666,0.6666666666666666,0.7272727272727273,0.6963106238227914,8,0.001,1e-05,0.3,9,resize_cube128_hu_m300_1400
3,TEST,0.8,0.8148148148148148,0.9166666666666666,0.6923076923076923,0.7966275068156915,8,0.001,1e-05,0.3,9,resize_cube128_hu_m300_1400
4,VALIDATION,0.65,0.5882352941176471,0.5555555555555556,0.7272727272727273,0.6356417261637283,8,0.001,1e-05,0.3,9,resize_cube128_hu_m300_1400
4,TEST,0.56,0.5217391304347826,0.5,0.6153846153846154,0.5547001962252291,8,0.001,1e-05,0.3,9,resize_cube128_hu_m300_1400
5,VALIDATION,0.7,0.7272727272727273,0.8,0.6,0.6928203230275509,8,0.001,1e-05,0.3,9,resize_cube128_hu_m300_1400
5,TEST,0.6,0.6428571428571429,0.8181818181818182,0.42857142857142855,0.592156525463792,8,0.001,1e-05,0.3,9,resize_cube128_hu_m300_1400
MEAN,VALIDATION,0.6899999999999998,0.6554825566590272,0.671111111111111,0.7018181818181819,0.6759793590519907,8,0.001,1e-05,0.3,9,resize_cube128_hu_m300_1400
MEAN,TEST,0.632,0.6221679319070623,0.6636363636363637,0.6087912087912087,0.6248212879537121,8,0.001,1e-05,0.3,9,resize_cube128_hu_m300_1400
1,VALIDATION,0.65,0.5882352941176471,0.5555555555555556,0.7272727272727273,0.6356417261637283,8,0.001,1e-05,0.5,9,resize_cube128_hu_m300_1400
1,TEST,0.56,0.35294117647058826,0.25,0.8461538461538461,0.45993310550389993,8,0.001,1e-05,0.5,9,resize_cube128_hu_m300_1400
2,VALIDATION,0.6,0.6923076923076923,1.0,0.2727272727272727,0.5222329678670935,8,0.001,1e-05,0.5,9,resize_cube128_hu_m300_1400
2,TEST,0.52,0.6470588235294118,0.9166666666666666,0.15384615384615385,0.3755338080994054,8,0.001,1e-05,0.5,9,resize_cube128_hu_m300_1400
3,VALIDATION,0.65,0.72,1.0,0.36363636363636365,0.6030226891555273,8,0.001,1e-05,0.5,9,resize_cube128_hu_m300_1400
3,TEST,0.6,0.6875,0.9166666666666666,0.3076923076923077,0.5310850045437944,8,0.001,1e-05,0.5,9,resize_cube128_hu_m300_1400
4,VALIDATION,0.65,0.5882352941176471,0.5555555555555556,0.7272727272727273,0.6356417261637283,8,0.001,1e-05,0.5,9,resize_cube128_hu_m300_1400
4,TEST,0.48,0.38095238095238093,0.3333333333333333,0.6153846153846154,0.4529108136578383,8,0.001,1e-05,0.5,9,resize_cube128_hu_m300_1400
5,VALIDATION,0.6,0.6923076923076923,0.9,0.3,0.5196152422706632,8,0.001,1e-05,0.5,9,resize_cube128_hu_m300_1400
5,TEST,0.6,0.6428571428571429,0.8181818181818182,0.42857142857142855,0.592156525463792,8,0.001,1e-05,0.5,9,resize_cube128_hu_m300_1400
MEAN,VALIDATION,0.63,0.6562171945701356,0.8022222222222222,0.47818181818181815,0.583230870324148,8,0.001,1e-05,0.5,9,resize_cube128_hu_m300_1400
MEAN,TEST,0.552,0.5422619047619047,0.646969696969697,0.4703296703296703,0.48232385145374596,8,0.001,1e-05,0.5,9,resize_cube128_hu_m300_1400
1,VALIDATION,0.55,0.5714285714285714,0.6666666666666666,0.45454545454545453,0.5504818825631803,16,0.001,0.0,0.0,9,resize_cube128_hu_m300_1400
1,TEST,0.68,0.6666666666666666,0.6666666666666666,0.6923076923076923,0.6793662204867574,16,0.001,0.0,0.0,9,resize_cube128_hu_m300_1400
2,VALIDATION,0.8,0.8,0.8888888888888888,0.7272727272727273,0.8040302522073697,16,0.001,0.0,0.0,9,resize_cube128_hu_m300_1400
2,TEST,0.44,0.2222222222222222,0.16666666666666666,0.6923076923076923,0.3396831102433787,16,0.001,0.0,0.0,9,resize_cube128_hu_m300_1400
3,VALIDATION,0.7,0.7272727272727273,0.8888888888888888,0.5454545454545454,0.6963106238227913,16,0.001,0.0,0.0,9,resize_cube128_hu_m300_1400
3,TEST,0.56,0.6451612903225806,0.8333333333333334,0.3076923076923077,0.5063696835418333,16,0.001,0.0,0.0,9,resize_cube128_hu_m300_1400
4,VALIDATION,0.6,0.5,0.4444444444444444,0.7272727272727273,0.5685352436149611,16,0.001,0.0,0.0,9,resize_cube128_hu_m300_1400
4,TEST,0.6,0.5833333333333334,0.5833333333333334,0.6153846153846154,0.5991446895152781,16,0.001,0.0,0.0,9,resize_cube128_hu_m300_1400
5,VALIDATION,0.65,0.6666666666666666,0.7,0.6,0.648074069840786,16,0.001,0.0,0.0,9,resize_cube128_hu_m300_1400
5,TEST,0.68,0.6666666666666666,0.7272727272727273,0.6428571428571429,0.6837634587578277,16,0.001,0.0,0.0,9,resize_cube128_hu_m300_1400
MEAN,VALIDATION,0.6599999999999999,0.653073593073593,0.7177777777777777,0.610909090909091,0.6534864144098176,16,0.001,0.0,0.0,9,resize_cube128_hu_m300_1400
MEAN,TEST,0.5920000000000001,0.5568100358422938,0.5954545454545455,0.59010989010989,0.561665432509015,16,0.001,0.0,0.0,9,resize_cube128_hu_m300_1400
1,VALIDATION,0.6,0.6,0.6666666666666666,0.5454545454545454,0.6030226891555273,16,0.001,0.0,0.3,9,resize_cube128_hu_m300_1400
1,TEST,0.68,0.6923076923076923,0.75,0.6153846153846154,0.6793662204867574,16,0.001,0.0,0.3,9,resize_cube128_hu_m300_1400
2,VALIDATION,0.8,0.8,0.8888888888888888,0.7272727272727273,0.8040302522073697,16,0.001,0.0,0.3,9,resize_cube128_hu_m300_1400
2,TEST,0.52,0.5,0.5,0.5384615384615384,0.5188745216627708,16,0.001,0.0,0.3,9,resize_cube128_hu_m300_1400
3,VALIDATION,0.65,0.631578947368421,0.6666666666666666,0.6363636363636364,0.6513389472789296,16,0.001,0.0,0.3,9,resize_cube128_hu_m300_1400
3,TEST,0.8,0.8148148148148148,0.9166666666666666,0.6923076923076923,0.7966275068156915,16,0.001,0.0,0.3,9,resize_cube128_hu_m300_1400
4,VALIDATION,0.7,0.625,0.5555555555555556,0.8181818181818182,0.6741998624632421,16,0.001,0.0,0.3,9,resize_cube128_hu_m300_1400
4,TEST,0.48,0.38095238095238093,0.3333333333333333,0.6153846153846154,0.4529108136578383,16,0.001,0.0,0.3,9,resize_cube128_hu_m300_1400
5,VALIDATION,0.65,0.6666666666666666,0.7,0.6,0.648074069840786,16,0.001,0.0,0.3,9,resize_cube128_hu_m300_1400
5,TEST,0.68,0.6923076923076923,0.8181818181818182,0.5714285714285714,0.6837634587578277,16,0.001,0.0,0.3,9,resize_cube128_hu_m300_1400
MEAN,VALIDATION,0.6799999999999999,0.6646491228070175,0.6955555555555556,0.6654545454545455,0.676133164189171,16,0.001,0.0,0.3,9,resize_cube128_hu_m300_1400
MEAN,TEST,0.632,0.616076516076516,0.6636363636363637,0.6065934065934065,0.6263085042761771,16,0.001,0.0,0.3,9,resize_cube128_hu_m300_1400
1,VALIDATION,0.5,0.5454545454545454,0.6666666666666666,0.36363636363636365,0.49236596391733095,16,0.001,0.0,0.5,9,resize_cube128_hu_m300_1400
1,TEST,0.68,0.7142857142857143,0.8333333333333334,0.5384615384615384,0.6698641270570836,16,0.001,0.0,0.5,9,resize_cube128_hu_m300_1400
2,VALIDATION,0.65,0.631578947368421,0.6666666666666666,0.6363636363636364,0.6513389472789296,16,0.001,0.0,0.5,9,resize_cube128_hu_m300_1400
2,TEST,0.4,0.34782608695652173,0.3333333333333333,0.46153846153846156,0.3922322702763681,16,0.001,0.0,0.5,9,resize_cube128_hu_m300_1400
3,VALIDATION,0.5,0.5833333333333334,0.7777777777777778,0.2727272727272727,0.4605661864718383,16,0.001,0.0,0.5,9,resize_cube128_hu_m300_1400
3,TEST,0.68,0.7142857142857143,0.8333333333333334,0.5384615384615384,0.6698641270570836,16,0.001,0.0,0.5,9,resize_cube128_hu_m300_1400
4,VALIDATION,0.7,0.625,0.5555555555555556,0.8181818181818182,0.6741998624632421,16,0.001,0.0,0.5,9,resize_cube128_hu_m300_1400
4,TEST,0.6,0.5833333333333334,0.5833333333333334,0.6153846153846154,0.5991446895152781,16,0.001,0.0,0.5,9,resize_cube128_hu_m300_1400
5,VALIDATION,0.65,0.6956521739130435,0.8,0.5,0.6324555320336759,16,0.001,0.0,0.5,9,resize_cube128_hu_m300_1400
5,TEST,0.64,0.6666666666666666,0.8181818181818182,0.5,0.6396021490668313,16,0.001,0.0,0.5,9,resize_cube128_hu_m300_1400
MEAN,VALIDATION,0.5999999999999999,0.6162038000138687,0.6933333333333334,0.5181818181818182,0.5821852984330034,16,0.001,0.0,0.5,9,resize_cube128_hu_m300_1400
MEAN,TEST,0.6000000000000001,0.6052795031055901,0.6803030303030304,0.5307692307692308,0.594141472594529,16,0.001,0.0,0.5,9,resize_cube128_hu_m300_1400
1,VALIDATION,0.5,0.5,0.5555555555555556,0.45454545454545453,0.502518907629606,16,0.001,1e-05,0.0,9,resize_cube128_hu_m300_1400
1,TEST,0.68,0.6923076923076923,0.75,0.6153846153846154,0.6793662204867574,16,0.001,1e-05,0.0,9,resize_cube128_hu_m300_1400
2,VALIDATION,0.65,0.6956521739130435,0.8888888888888888,0.45454545454545453,0.6356417261637282,16,0.001,1e-05,0.0,9,resize_cube128_hu_m300_1400
2,TEST,0.6,0.6428571428571429,0.75,0.46153846153846156,0.5883484054145521,16,0.001,1e-05,0.0,9,resize_cube128_hu_m300_1400
3,VALIDATION,0.7,0.7272727272727273,0.8888888888888888,0.5454545454545454,0.6963106238227913,16,0.001,1e-05,0.0,9,resize_cube128_hu_m300_1400
3,TEST,0.52,0.5714285714285714,0.6666666666666666,0.38461538461538464,0.5063696835418333,16,0.001,1e-05,0.0,9,resize_cube128_hu_m300_1400
4,VALIDATION,0.65,0.631578947368421,0.6666666666666666,0.6363636363636364,0.6513389472789296,16,0.001,1e-05,0.0,9,resize_cube128_hu_m300_1400
4,TEST,0.52,0.5714285714285714,0.6666666666666666,0.38461538461538464,0.5063696835418333,16,0.001,1e-05,0.0,9,resize_cube128_hu_m300_1400
5,VALIDATION,0.65,0.6666666666666666,0.7,0.6,0.648074069840786,16,0.001,1e-05,0.0,9,resize_cube128_hu_m300_1400
5,TEST,0.64,0.64,0.7272727272727273,0.5714285714285714,0.6446583712203042,16,0.001,1e-05,0.0,9,resize_cube128_hu_m300_1400
MEAN,VALIDATION,0.63,0.6442341030441716,0.7399999999999999,0.5381818181818182,0.6267768549471682,16,0.001,1e-05,0.0,9,resize_cube128_hu_m300_1400
MEAN,TEST,0.5920000000000001,0.6236043956043956,0.7121212121212122,0.4835164835164836,0.5850224728410561,16,0.001,1e-05,0.0,9,resize_cube128_hu_m300_1400
1,VALIDATION,0.45,0.47619047619047616,0.5555555555555556,0.36363636363636365,0.44946657497549475,16,0.001,1e-05,0.3,9,resize_cube128_hu_m300_1400
1,TEST,0.68,0.6923076923076923,0.75,0.6153846153846154,0.6793662204867574,16,0.001,1e-05,0.3,9,resize_cube128_hu_m300_1400
2,VALIDATION,0.7,0.5714285714285714,0.4444444444444444,0.9090909090909091,0.6356417261637282,16,0.001,1e-05,0.3,9,resize_cube128_hu_m300_1400
2,TEST,0.48,0.13333333333333333,0.08333333333333333,0.8461538461538461,0.2655425022718972,16,0.001,1e-05,0.3,9,resize_cube128_hu_m300_1400
3,VALIDATION,0.75,0.7368421052631579,0.7777777777777778,0.7272727272727273,0.7521014330903549,16,0.001,1e-05,0.3,9,resize_cube128_hu_m300_1400
3,TEST,0.76,0.7692307692307693,0.8333333333333334,0.6923076923076923,0.75955452531275,16,0.001,1e-05,0.3,9,resize_cube128_hu_m300_1400
4,VALIDATION,0.7,0.7,0.7777777777777778,0.6363636363636364,0.7035264706814485,16,0.001,1e-05,0.3,9,resize_cube128_hu_m300_1400
4,TEST,0.48,0.6285714285714286,0.9166666666666666,0.07692307692307693,0.2655425022718972,16,0.001,1e-05,0.3,9,resize_cube128_hu_m300_1400
5,VALIDATION,0.7,0.7272727272727273,0.8,0.6,0.6928203230275509,16,0.001,1e-05,0.3,9,resize_cube128_hu_m300_1400
5,TEST,0.64,0.6666666666666666,0.8181818181818182,0.5,0.6396021490668313,16,0.001,1e-05,0.3,9,resize_cube128_hu_m300_1400
MEAN,VALIDATION,0.6599999999999999,0.6423467760309866,0.671111111111111,0.6472727272727272,0.6467113055877155,16,0.001,1e-05,0.3,9,resize_cube128_hu_m300_1400
MEAN,TEST,0.6080000000000001,0.578021978021978,0.6803030303030304,0.5461538461538462,0.5219215798820266,16,0.001,1e-05,0.3,9,resize_cube128_hu_m300_1400
1,VALIDATION,0.5,0.6428571428571429,1.0,0.09090909090909091,0.30151134457776363,16,0.001,1e-05,0.5,9,resize_cube128_hu_m300_1400
1,TEST,0.52,0.6470588235294118,0.9166666666666666,0.15384615384615385,0.3755338080994054,16,0.001,1e-05,0.5,9,resize_cube128_hu_m300_1400
2,VALIDATION,0.65,0.631578947368421,0.6666666666666666,0.6363636363636364,0.6513389472789296,16,0.001,1e-05,0.5,9,resize_cube128_hu_m300_1400
2,TEST,0.44,0.3,0.25,0.6153846153846154,0.3922322702763681,16,0.001,1e-05,0.5,9,resize_cube128_hu_m300_1400
3,VALIDATION,0.55,0.6086956521739131,0.7777777777777778,0.36363636363636365,0.5318160234783105,16,0.001,1e-05,0.5,9,resize_cube128_hu_m300_1400
3,TEST,0.56,0.6451612903225806,0.8333333333333334,0.3076923076923077,0.5063696835418333,16,0.001,1e-05,0.5,9,resize_cube128_hu_m300_1400
4,VALIDATION,0.6,0.3333333333333333,0.2222222222222222,0.9090909090909091,0.4494665749754947,16,0.001,1e-05,0.5,9,resize_cube128_hu_m300_1400
4,TEST,0.44,0.125,0.08333333333333333,0.7692307692307693,0.25318484177091666,16,0.001,1e-05,0.5,9,resize_cube128_hu_m300_1400
5,VALIDATION,0.65,0.6956521739130435,0.8,0.5,0.6324555320336759,16,0.001,1e-05,0.5,9,resize_cube128_hu_m300_1400
5,TEST,0.6,0.6428571428571429,0.8181818181818182,0.42857142857142855,0.592156525463792,16,0.001,1e-05,0.5,9,resize_cube128_hu_m300_1400
MEAN,VALIDATION,0.59,0.5824234499291708,0.6933333333333334,0.5,0.5133176844688349,16,0.001,1e-05,0.5,9,resize_cube128_hu_m300_1400
MEAN,TEST,0.512,0.47201545134182704,0.5803030303030303,0.45494505494505494,0.4238954258304631,16,0.001,1e-05,0.5,9,resize_cube128_hu_m300_1400
1,VALIDATION,0.6,0.6,0.6666666666666666,0.5454545454545454,0.6030226891555273,32,0.001,0.0,0.0,9,resize_cube128_hu_m300_1400
1,TEST,0.72,0.6956521739130435,0.6666666666666666,0.7692307692307693,0.7161148740394329,32,0.001,0.0,0.0,9,resize_cube128_hu_m300_1400
2,VALIDATION,0.7,0.7272727272727273,0.8888888888888888,0.5454545454545454,0.6963106238227913,32,0.001,0.0,0.0,9,resize_cube128_hu_m300_1400
2,TEST,0.56,0.5925925925925926,0.6666666666666666,0.46153846153846156,0.5547001962252291,32,0.001,0.0,0.0,9,resize_cube128_hu_m300_1400
3,VALIDATION,0.7,0.6666666666666666,0.6666666666666666,0.7272727272727273,0.6963106238227914,32,0.001,0.0,0.0,9,resize_cube128_hu_m300_1400
3,TEST,0.72,0.72,0.75,0.6923076923076923,0.7205766921228921,32,0.001,0.0,0.0,9,resize_cube128_hu_m300_1400
4,VALIDATION,0.6,0.2,0.1111111111111111,1.0,0.3333333333333333,32,0.001,0.0,0.0,9,resize_cube128_hu_m300_1400
4,TEST,0.52,0.0,0.0,1.0,0.0,32,0.001,0.0,0.0,9,resize_cube128_hu_m300_1400
5,VALIDATION,0.5,0.4444444444444444,0.4,0.6,0.4898979485566356,32,0.001,0.0,0.0,9,resize_cube128_hu_m300_1400
5,TEST,0.76,0.7272727272727273,0.7272727272727273,0.7857142857142857,0.7559289460184544,32,0.001,0.0,0.0,9,resize_cube128_hu_m300_1400
MEAN,VALIDATION,0.6199999999999999,0.5276767676767676,0.5466666666666666,0.6836363636363637,0.5637750437382157,32,0.001,0.0,0.0,9,resize_cube128_hu_m300_1400
MEAN,TEST,0.656,0.5471034987556728,0.5621212121212121,0.7417582417582418,0.5494641416812017,32,0.001,0.0,0.0,9,resize_cube128_hu_m300_1400
1,VALIDATION,0.5,0.5454545454545454,0.6666666666666666,0.36363636363636365,0.49236596391733095,32,0.001,0.0,0.3,9,resize_cube128_hu_m300_1400
1,TEST,0.64,0.6896551724137931,0.8333333333333334,0.46153846153846156,0.6201736729460423,32,0.001,0.0,0.3,9,resize_cube128_hu_m300_1400
2,VALIDATION,0.7,0.7272727272727273,0.8888888888888888,0.5454545454545454,0.6963106238227913,32,0.001,0.0,0.3,9,resize_cube128_hu_m300_1400
2,TEST,0.52,0.5,0.5,0.5384615384615384,0.5188745216627708,32,0.001,0.0,0.3,9,resize_cube128_hu_m300_1400
3,VALIDATION,0.6,0.6666666666666666,0.8888888888888888,0.36363636363636365,0.5685352436149611,32,0.001,0.0,0.3,9,resize_cube128_hu_m300_1400
3,TEST,0.84,0.8571428571428571,1.0,0.6923076923076923,0.8320502943378437,32,0.001,0.0,0.3,9,resize_cube128_hu_m300_1400
4,VALIDATION,0.65,0.5333333333333333,0.4444444444444444,0.8181818181818182,0.6030226891555273,32,0.001,0.0,0.3,9,resize_cube128_hu_m300_1400
4,TEST,0.56,0.5217391304347826,0.5,0.6153846153846154,0.5547001962252291,32,0.001,0.0,0.3,9,resize_cube128_hu_m300_1400
5,VALIDATION,0.7,0.7272727272727273,0.8,0.6,0.6928203230275509,32,0.001,0.0,0.3,9,resize_cube128_hu_m300_1400
5,TEST,0.6,0.6428571428571429,0.8181818181818182,0.42857142857142855,0.592156525463792,32,0.001,0.0,0.3,9,resize_cube128_hu_m300_1400
MEAN,VALIDATION,0.6299999999999999,0.64,0.7377777777777776,0.5381818181818182,0.6106109687076323,32,0.001,0.0,0.3,9,resize_cube128_hu_m300_1400
MEAN,TEST,0.632,0.6422788605697152,0.7303030303030303,0.5472527472527472,0.6235910421271357,32,0.001,0.0,0.3,9,resize_cube128_hu_m300_1400
1,VALIDATION,0.45,0.47619047619047616,0.5555555555555556,0.36363636363636365,0.44946657497549475,32,0.001,0.0,0.5,9,resize_cube128_hu_m300_1400
1,TEST,0.68,0.6666666666666666,0.6666666666666666,0.6923076923076923,0.6793662204867574,32,0.001,0.0,0.5,9,resize_cube128_hu_m300_1400
2,VALIDATION,0.75,0.7368421052631579,0.7777777777777778,0.7272727272727273,0.7521014330903549,32,0.001,0.0,0.5,9,resize_cube128_hu_m300_1400
2,TEST,0.52,0.5,0.5,0.5384615384615384,0.5188745216627708,32,0.001,0.0,0.5,9,resize_cube128_hu_m300_1400
3,VALIDATION,0.6,0.42857142857142855,0.3333333333333333,0.8181818181818182,0.5222329678670935,32,0.001,0.0,0.5,9,resize_cube128_hu_m300_1400
3,TEST,0.8,0.8,0.8333333333333334,0.7692307692307693,0.8006407690254357,32,0.001,0.0,0.5,9,resize_cube128_hu_m300_1400
4,VALIDATION,0.55,0.6086956521739131,0.7777777777777778,0.36363636363636365,0.5318160234783105,32,0.001,0.0,0.5,9,resize_cube128_hu_m300_1400
4,TEST,0.56,0.6666666666666666,0.9166666666666666,0.23076923076923078,0.45993310550389993,32,0.001,0.0,0.5,9,resize_cube128_hu_m300_1400
5,VALIDATION,0.7,0.7272727272727273,0.8,0.6,0.6928203230275509,32,0.001,0.0,0.5,9,resize_cube128_hu_m300_1400
5,TEST,0.6,0.6428571428571429,0.8181818181818182,0.42857142857142855,0.592156525463792,32,0.001,0.0,0.5,9,resize_cube128_hu_m300_1400
MEAN,VALIDATION,0.61,0.5955144778943406,0.6488888888888888,0.5745454545454546,0.589687464487761,32,0.001,0.0,0.5,9,resize_cube128_hu_m300_1400
MEAN,TEST,0.632,0.6552380952380952,0.746969696969697,0.5318681318681319,0.6101942284285312,32,0.001,0.0,0.5,9,resize_cube128_hu_m300_1400
1,VALIDATION,0.65,0.5333333333333333,0.4444444444444444,0.8181818181818182,0.6030226891555273,32,0.001,1e-05,0.0,9,resize_cube128_hu_m300_1400
1,TEST,0.48,0.23529411764705882,0.16666666666666666,0.7692307692307693,0.35805743701971643,32,0.001,1e-05,0.0,9,resize_cube128_hu_m300_1400
2,VALIDATION,0.7,0.75,1.0,0.45454545454545453,0.674199862463242,32,0.001,1e-05,0.0,9,resize_cube128_hu_m300_1400
2,TEST,0.56,0.56,0.5833333333333334,0.5384615384615384,0.560448538317805,32,0.001,1e-05,0.0,9,resize_cube128_hu_m300_1400
3,VALIDATION,0.65,0.5333333333333333,0.4444444444444444,0.8181818181818182,0.6030226891555273,32,0.001,1e-05,0.0,9,resize_cube128_hu_m300_1400
3,TEST,0.68,0.7142857142857143,0.8333333333333334,0.5384615384615384,0.6698641270570836,32,0.001,1e-05,0.0,9,resize_cube128_hu_m300_1400
4,VALIDATION,0.65,0.6666666666666666,0.7777777777777778,0.5454545454545454,0.6513389472789296,32,0.001,1e-05,0.0,9,resize_cube128_hu_m300_1400
4,TEST,0.6,0.6666666666666666,0.8333333333333334,0.38461538461538464,0.5661385170722979,32,0.001,1e-05,0.0,9,resize_cube128_hu_m300_1400
5,VALIDATION,0.65,0.5882352941176471,0.5,0.8,0.6324555320336759,32,0.001,1e-05,0.0,9,resize_cube128_hu_m300_1400
5,TEST,0.68,0.5555555555555556,0.45454545454545453,0.8571428571428571,0.6241877839323592,32,0.001,1e-05,0.0,9,resize_cube128_hu_m300_1400
MEAN,VALIDATION,0.6599999999999999,0.614313725490196,0.6333333333333333,0.6872727272727273,0.6328079440173805,32,0.001,1e-05,0.0,9,resize_cube128_hu_m300_1400
MEAN,TEST,0.6000000000000001,0.5463604108309991,0.5742424242424243,0.6175824175824176,0.5557392806798525,32,0.001,1e-05,0.0,9,resize_cube128_hu_m300_1400
1,VALIDATION,0.5,0.5454545454545454,0.6666666666666666,0.36363636363636365,0.49236596391733095,32,0.001,1e-05,0.3,9,resize_cube128_hu_m300_1400
1,TEST,0.64,0.6896551724137931,0.8333333333333334,0.46153846153846156,0.6201736729460423,32,0.001,1e-05,0.3,9,resize_cube128_hu_m300_1400
2,VALIDATION,0.75,0.7619047619047619,0.8888888888888888,0.6363636363636364,0.7521014330903549,32,0.001,1e-05,0.3,9,resize_cube128_hu_m300_1400
2,TEST,0.4,0.4444444444444444,0.5,0.3076923076923077,0.3922322702763681,32,0.001,1e-05,0.3,9,resize_cube128_hu_m300_1400
3,VALIDATION,0.7,0.6666666666666666,0.6666666666666666,0.7272727272727273,0.6963106238227914,32,0.001,1e-05,0.3,9,resize_cube128_hu_m300_1400
3,TEST,0.64,0.6896551724137931,0.8333333333333334,0.46153846153846156,0.6201736729460423,32,0.001,1e-05,0.3,9,resize_cube128_hu_m300_1400
4,VALIDATION,0.65,0.5333333333333333,0.4444444444444444,0.8181818181818182,0.6030226891555273,32,0.001,1e-05,0.3,9,resize_cube128_hu_m300_1400
4,TEST,0.52,0.5,0.5,0.5384615384615384,0.5188745216627708,32,0.001,1e-05,0.3,9,resize_cube128_hu_m300_1400
5,VALIDATION,0.65,0.6666666666666666,0.7,0.6,0.648074069840786,32,0.001,1e-05,0.3,9,resize_cube128_hu_m300_1400
5,TEST,0.6,0.5833333333333334,0.6363636363636364,0.5714285714285714,0.6030226891555273,32,0.001,1e-05,0.3,9,resize_cube128_hu_m300_1400
MEAN,VALIDATION,0.65,0.6348051948051947,0.6733333333333332,0.6290909090909091,0.638374955965358,32,0.001,1e-05,0.3,9,resize_cube128_hu_m300_1400
MEAN,TEST,0.56,0.5814176245210729,0.6606060606060606,0.4681318681318681,0.5508953653973501,32,0.001,1e-05,0.3,9,resize_cube128_hu_m300_1400
1,VALIDATION,0.65,0.5333333333333333,0.4444444444444444,0.8181818181818182,0.6030226891555273,32,0.001,1e-05,0.5,9,resize_cube128_hu_m300_1400
1,TEST,0.6,0.4444444444444444,0.3333333333333333,0.8461538461538461,0.5310850045437944,32,0.001,1e-05,0.5,9,resize_cube128_hu_m300_1400
2,VALIDATION,0.55,0.5714285714285714,0.6666666666666666,0.45454545454545453,0.5504818825631803,32,0.001,1e-05,0.5,9,resize_cube128_hu_m300_1400
2,TEST,0.48,0.48,0.5,0.46153846153846156,0.4803844614152614,32,0.001,1e-05,0.5,9,resize_cube128_hu_m300_1400
3,VALIDATION,0.55,0.18181818181818182,0.1111111111111111,0.9090909090909091,0.3178208630818641,32,0.001,1e-05,0.5,9,resize_cube128_hu_m300_1400
3,TEST,0.56,0.35294117647058826,0.25,0.8461538461538461,0.45993310550389993,32,0.001,1e-05,0.5,9,resize_cube128_hu_m300_1400
4,VALIDATION,0.65,0.631578947368421,0.6666666666666666,0.6363636363636364,0.6513389472789296,32,0.001,1e-05,0.5,9,resize_cube128_hu_m300_1400
4,TEST,0.56,0.5217391304347826,0.5,0.6153846153846154,0.5547001962252291,32,0.001,1e-05,0.5,9,resize_cube128_hu_m300_1400
5,VALIDATION,0.7,0.7272727272727273,0.8,0.6,0.6928203230275509,32,0.001,1e-05,0.5,9,resize_cube128_hu_m300_1400
5,TEST,0.64,0.6666666666666666,0.8181818181818182,0.5,0.6396021490668313,32,0.001,1e-05,0.5,9,resize_cube128_hu_m300_1400
MEAN,VALIDATION,0.6200000000000001,0.5290863522442469,0.5377777777777778,0.6836363636363636,0.5630969410214105,32,0.001,1e-05,0.5,9,resize_cube128_hu_m300_1400
MEAN,TEST,0.5680000000000001,0.49315828360329633,0.4803030303030303,0.6538461538461539,0.5331409833510032,32,0.001,1e-05,0.5,9,resize_cube128_hu_m300_1400
